SITE$,SP4$,STRATA$,LIFETIME,N_LIFETIME,GENUS$,SPECIES$,LFWIDTH,LFLENGTH,LFTHICK,LAMTUF,MDRBTUF,VEINTUF,PROTEIN_WET,TANNIN_WET,PHENOL_WET,AL_PPM,B_PPM,CA_PCT,CU_PPM,FE_PPM,MG_PCT,MN_PPM,N_PCT,P_PCT,K_PCT,NA_PPM,S_PCT,ZN_PPM,FAMILY$,MONTH$,SLA_LEAF,SLA_DISC,PROTEIN_DRY,PHENOL_DRY,TANNIN_DRY,FIBER_DRY,PENETROM,DELTA13C,C_MASSPEC,DELTA15N,N_MASSPEC,RESP,A_MOBORN$,A_DOC,AMAX,AMAX_CURVE,AMAX_SE,RESP_CURVE,RESP_SE,QY,QY_SE,LCPOINT,LIGHT_SAT,HB1_MEAN,HB1_PRPGT0,HB1_N,HB4_MEAN,HB4_PRPGT0,HB4_N,HB9_MEAN,HB9_PRPGT0,HB9_N,LFTRAITS$,SP4MERGE$,SEEDMASS,LIFEFORM$,CTFS_LF$,GENUS1$,SPECIES1$,LIFEFORM6$,RESP2007,AMAX2007,RESPMERG,AMAXMERG,LSM,AMAXMASS,RESPMASS
FTS,ABUP,CANOPY,35,70,Abuta,panamensis,58.7,66.7,0.28,321.7,1899.3,2783.6,0.47,0,0.44,104.226,81.6,2.26,6.388,57.413,0.9768,131.546,2.451,0.09242,0.57871,5588,1.04197,6.7384,Menispermace,SEP,164.6655139,173.4103455,0.91,0.193,0,29.39,64.722222,-30.03,39.89,2.09,2.78,0.7345,Sep,36787,8.835,9.77,0.181,0.692,0.128,0.0571,0.00436,12.1,183,0.014117647,0.294117647,34,0.0025,0.125,8,0.006666667,0.333333333,6,YES,ABUP,,LIANA,,Abuta,panamensis,LIANA,,,0.7345,8.835,60.72917008,145.4819815,12.094682
FTS,ADE1,CANOPY,126,64,Adelobotrys,adscendens,94.7,129.7,0.32,236.4,1661.2,1172.8,0.28,0,0.16,28260,28.64,1.957,6.672,71.575,0.334,64.06,1.548,0.08623,0.8075,205.2,0.123,26.21,Melastomatac,SEP,125.9939975,136.6989522,0.45,0.144,0,20.4,115,-27.42,35.72,2.92,1.97,1.395,Sep,36787,5.7875,7.38,0.234,1.48,0.168,0.0746,0.0131,19.8,119,0.024561404,0.49122807,57,0.025925926,0.592592593,27,0.051333333,0.8,15,YES,ADE1,,LIANA,,Adelobotrys,adscendens,LIANA,,,1.395,5.7875,79.3688604,72.91902607,17.57616265
PNM,ALBG,CANOPY,183,80,Albizia,guachapele,26.3,45.7,0.19,390.1,4177.7,4568.5,4.08,0,0.67,96.73,33.17,0.9755,11.94,107.563,0.201,133.8,3.027,0.1013,0.615,129.7,0.1597,14.59,Fabaceae-Mim,SEP,108.8820038,115.5234445,6.21,0.142,0,35.4,55,-29.51,48.94,0.79,3.33,0.1395,Ago,36782,12.575,13.1,0.162,0.0407,0.0927,0.057,0.00294,0.714,231,0.026,0.114285714,35,0.0208,0.12,25,0,0,2,YES,ALBG,0.0128,UNDERSTORY,,Pseudosamane,guachapele,TREELET,-1.175,,1.175,12.575,91.8425419,136.9191198,12.79363545
PNM,ALBG,UNDERSTORY,260.5,76,Albizia,guachapele,,,,,,,,,,,,,,,,,,,,,,,,,,,,,,,,,,,,,,,,,,,,,,,,0.004821429,0.071428571,56,0.053333333,0.177777778,45,0.04375,0.625,8,YES,ALBG,0.0128,UNDERSTORY,,Pseudosamane,guachapele,TREELET,,,,,,,
PNM,AMPP,CANOPY,122,118,Amphilophium,paniculatum,59,69,0.22,182.7,764.3,1272.1,1,0,0.56,61.0715,63.05,1.07063,16.85,58.613,0.27675,14.452,2.517,0.1713,1.84655,51.5,0.234015,59.0182,Bignoniaceae,SEP,134.4509334,148.1443752,2.43,0.429,0,44.95,38.333333,-28.12,46.25,0.34,2.8,0.691,Sep,36791,5.3975,6,0.424,0.416,0.36,0.0304,0.0108,13.7,211,0.028030303,0.545454545,66,0.087083333,0.958333333,24,0.06,1,1,YES,AMPP,0.0294,LIANA,,Amphilophium,paniculatum,LIANA,,,0.691,5.3975,74.37657553,72.56989128,9.290559495
PNM,AMPP,UNDERSTORY,153,165,Amphilophium,paniculatum,,,,,,,,,,350.326,43.29,1.01621,26.19,368.5,0.3355,28.143,3.049,0.21612,2.2308,110,0.25188,147.552,Bignoniaceae,sep,535.2625392,563.3448773,2,0.346,0,53.5,7.5,,,,,0.1505,Ago,36780,3.206666667,3.39,0.292,0.178,0.251,0.0792,0.035,2.25,45.1,0.004827586,0.086206897,58,0.025517241,0.206896552,29,0,0,2,YES,AMPP,0.0294,LIANA,,Amphilophium,paniculatum,LIANA,,,0.1505,3.206666667,18.68242081,171.6408542,8.055701215
PNM,ANAE,CANOPY,280,6872,Anacardium,excelsum,73.8,131.8,0.23,1345.1,5801.2,8937.6,3.92,7.61,2.36,59.558,15.64,1.01361,14.3,55.463,0.4334,12.593,1.271,0.14119,1.1704,70.3,0.14803,11.6282,Anacardiacea,SEP,80.22122541,90.27216473,5.94,1.44,9.335,64.84,104.166667,-27.785,43.895,0.645,1.375,1.73,Sep,37170,6.344,7.8,0.653,1.33,0.565,0.0396,0.0172,33.6,231,,,,,,,,,,YES,ANAE,1.5728,TREE,CANOPYTREE,Anacardium,excelsum,TREE,,,1.73,6.344,124.6552885,50.8923454,13.878272
PNM,ANAE,UNDERSTORY,243,1278,Anacardium,excelsum,73.25,205,0.16,628.1,3377,4620.9,3.24,4.51,1.02,246.122,30.57,1.00265,9.868,238.625,0.4851,26.118,1.534,0.16084,0.88935,305.9,0.15538,23.9136,Anacardiacea,sep,189.8346477,328.5332145,2.69,0.886,15.716,47.36,54.166667,-32.58,42.24,0.66,1.99,0.1555,Ago,36780,3.611666667,4.07,0.14,0.119,0.113,0.0634,0.0104,1.88,66.1,0,0,3,,,,,,,YES,ANAE,1.5728,TREE,CANOPYTREE,Anacardium,excelsum,TREE,,,0.1555,3.611666667,52.67742281,68.56194692,2.951928771
FTS,ANES,CANOPY,280.5,36,Anemopaegna,santa-ritens,61,81.3,0.21,561.7,3687.2,4495.1,3.04,0,1.8,46.88,55.25,0.6109,6.962,36.65,0.15,143.6,2.071,0.1431,0.9876,78.2,0.1551,12.17,Bignoniaceae,OCT,109.5409421,120.3109335,2.99,0.357,0,38.27,57.5,-29.295,47.25,1.68,2.49,0.514,Oct,37217,12.71,14.3,0.167,0.579,0.0852,0.0689,0.00391,8.4,215,0.02,0.583333333,12,0.023,0.6,10,0.05,1,4,YES,ANES,0.0946,LIANA,,Anemopaegma,santaritense,LIANA,,,0.514,12.71,91.29006751,139.2265374,5.630404424
PNM,ANNS,CANOPY,216,772,Annona,spraguei,,,,,,,,,,68.43,35.6,0.95191,8.98,84.1,0.1903,25.016,2.283,0.17161,1.5004,34.36,0.2773,14.9884,Annonaceae,AUG,141.4510298,167.8622607,2.14,0.317,0,43.52,63.055556,-28.52,44.01,2.97,2.34,0.355,Ago,36763,14.1,15.6,0.197,0.475,0.0991,0.0647,0.00361,7.34,248,,,,,,,,,,YES,ANNS,0.0252,MIDSTORY,MIDSTORY,Annona,spraguei,TREE,,,0.355,14.1,70.69584443,199.4459521,5.021511559
PNM,ANNS,UNDERSTORY,168.5,20,Annona,spraguei,126.75,323,0.21125,545.4,4182.925,3032.85,1.81,0,0.82,178.433,39.48,1.43736,10.12,187,0.2178,50.233,2.593,0.15929,1.3409,44.38,0.32284,15.6032,Annonaceae,sep,397.7819408,456.4214559,1.01,0.089,0,46.52,10.277778,,,,,0.276,Ago,36780,5.225,7.24,0.296,-0.127,0.2,0.086,0.0164,-1.48,82.7,0,0,20,0.000833333,0.083333333,12,0,0,2,YES,ANNS,0.0252,MIDSTORY,MIDSTORY,Annona,spraguei,TREE,,,0.276,5.225,25.1394017,207.8410641,10.97878157
FTS,ANOR,CANOPY,268,3,Anomospermum,reticulatum,53,94,0.26,662.8,4420,7226.5,0.54,0,0.33,40.733,40.98,0.20193,6.571,47,0.143,121.794,1.398,0.08659,0.90343,162.1,0.14272,7.3405,Menispermace,SEP,115.3770233,115.8018854,0.56,0.16,0,46.92,143.888889,,,,,1.0485,Sep,36773,10.39,12.2,0.16,1.11,0.0848,0.0575,0.0035,19.4,232,0.0025,0.166666667,12,0.045833333,1,12,0.098,1,5,YES,ANOR,,LIANA,,Anomospermum,reticulatum,LIANA,,,1.0485,10.39,86.67236955,119.8767272,12.09728089
PNM,ANTT,CANOPY,180,3508,Antirrhoea,trichantha,,,,,,,,,,57.454,35.18,0.60139,16.4,120.4,0.2574,22.811,2.014,0.14252,1.6577,100.5,0.20035,21.6134,Rubiaceae,SEP,147.1279109,145.6775126,5.7,1.178,48.42,59.85,38.333333,-29.43,45.16,3.06,2.18,1.5,Sep,37166,9.445,11.3,0.893,1.47,0.758,0.0709,0.0255,20.7,180,,,,,,,,,,YES,ANTT,0.0005,TREE,,Pittoniotis,trichantha,TREE,,,1.5,9.445,67.968069,138.9623118,22.06918664
FTS,APEM,CANOPY,220,112,Apeiba,membranaceae,73.5,123.75,0.2325,1052.825,2708.475,3297.5,3.03,5.84,1.32,80.758,50.99,0.97542,12.03,76.663,0.3531,28.662,1.978,0.11044,1.4278,593.8,0.26996,16.5678,Tiliaceae,SEP,100.3403481,103.5598562,2.9,0.485,0,55.06,48.055556,-28.03,47.81,1.24,2.12,0.6845,Sep,37162,20,23,0.277,0.806,0.109,0.0705,0.00331,11.4,337,0.087272727,0.688311688,77,0.118666667,0.783333333,60,,,,YES,APEM,0.0042,TREE,CANOPYTREE,Apeiba,membranacea,TREE,,,0.6845,20,99.6608063,200.6806963,6.86829683
PNM,ARIC,CANOPY,173,81,Aristolochia,maxima,48.3,107,0.29,446.1,1881.3,3332.3,0.3,0,0.58,125.568,44.05,1.24187,19.39,100.988,0.2332,83.146,2.624,0.14685,1.6005,35.2,0.24996,24.3906,Aristolochia,AUG,127.1428571,113.2548111,0.52,0.322,0,36.69,191.388889,-30.31,39.96,5.15,2.47,-2.865,Ago,36763,12.15,12.15,0.131,-2.83,0.0848,0.0642,0.00436,-44.1,106,0.035737705,0.180327869,61,0.010681818,0.159090909,44,0,0,1,YES,ARIC,0.0058,LIANA,,Aristolochia,tonduzii,LIANA,-1.196636364,8.805,1.196636364,12.15,78.65168539,154.4785714,15.21437662
PNM,ARIC,UNDERSTORY,107.5,4,Aristolochia,maxima,,,,,,,,,,,,,,,,,,,,,,,,,,,,,,,,,,,,,,,,,,,,,,,,0,0,8,0,0,5,,,,YES,ARIC,0.0058,LIANA,,Aristolochia,tonduzii,LIANA,,,,,,,
PNM,ARII,CANOPY,30,5,Aristolochia,inflata,45.3,95.7,0.25,444.3,2273.1,3501.3,0.43,0,0.43,,,,,,,,,,,,,,Aristolochia,,,,,,,,,,,,,,,,,,,,,,,,,0.036,1,5,,,,,,,YES,ARII,,LIANA,,Aristolochia,inflata,LIANA,,,,,,,
PNM,ARR1,CANOPY,183,3,Arrabidaea,candicans,79.3,118.3,0.22,444.9,2864.8,2512.7,1.27,0,0.52,,,,,,,,,,,,,,Bignoniaceae,,,,,,,,,,,,,,,,,,,,,,,,,0.000769231,0.076923077,13,0,0,4,0,0,1,YES,ARR1,,LIANA,,Arrabidaea,candicans,LIANA,,,,,,,
PNM,ARRP,CANOPY,153,42,Arrabidaea,patellifera,59.3,85.7,0.21,286.8,2808.4,2823.4,1.95,0,4.68,50.794,55.69,0.72433,10.05,59.875,0.363,25.705,2.531,0.11156,1.3607,301,0.19786,29.7118,Bignoniaceae,SEP,124.4482899,132.9092239,2.49,0.729,0,27.11,23.888889,-29.12,46.2,-0.19,2.72,0.9585,Sep,36791,10.93,13,0.454,0.709,0.296,0.0405,0.00604,17.5,339,0.012068966,0.344827586,29,0.036875,0.6875,16,0.0325,0.75,4,YES,ARRP,,LIANA,,Arrabidaea,patellifera,LIANA,,,0.9585,10.93,80.35465982,136.0219809,11.92836859
FTS,ARRV,CANOPY,225,120,Arrabidaea,verrucosa,69.75,115.5,0.15,469.9,3226.85,4886.275,3.87,9.88,1.21,115.649,64.93,0.38352,6.655,88.563,0.3102,45.114,2.069,0.08438,1.9437,446.2,0.16634,15.3488,Bignoniaceae,SEP,117.5579211,135.911336,3.22,0.331,5.58,39.43,16.111111,-29.23,48.32,1.86,2.32,0.199,Sep,36773,9.955,10.7,0.259,0.262,0.19,0.0716,0.00847,3.65,154,0.047222222,0.62962963,54,0.092647059,0.882352941,34,0.172666667,0.866666667,15,YES,ARRV,0.0702,LIANA,,Arrabidaea,verrucosa,LIANA,,,0.199,9.955,85.06445084,117.0289105,2.33940263
FTS,ASPC,CANOPY,337,144,Aspidosperma,cruenta,35.5,97.5,0.36625,699.6,3664.275,,0.32,0,0.85,70.5195,71.025,0.940515,6.1645,56.3125,0.37095,20.3565,1.5675,0.07182,0.68039,1117.9,0.25921,6.74495,Apocynaceae,SEP,63.88633754,72.58641712,0.99,0.539,0,39.86,303.333333,-27.96,49.98,2.04,1.82,0.989,Sep,37162,12.85,14.6,0.156,1.08,0.0825,0.0591,0.00264,18.3,266,0.010655738,0.229508197,61,0.013333333,0.25,48,0.028205128,0.435897436,39,YES,ASPC,0.454,TREE,CANOPYTREE,Aspidosperma,spruceanum,TREE,,,0.989,12.85,156.5279899,82.09394374,6.318358783
FTS,ASPC,UNDERSTORY,1342,22,Aspidosperma,cruenta,40.333333,109.333333,0.188333,534.6,4403.833333,6471.35,2.22,0,0.48,41.485,29.32,0.53381,10.22,42.525,0.3047,17.935,1.289,0.07364,1.5191,1403,0.1695,9.8061,Apocynaceae,SEP,136.8954496,176.6541353,0.7,0.221,0,58.47,278.611111,-33.6,49.35,1.89,1.39,0.11945,Sep,36832,3.846666667,3.91,0.113,-0.0634,0.0925,0.0654,0.00993,-0.969,58.9,0.014807692,0.173076923,52,0.02244898,0.265306122,49,0.04,0.347826087,46,YES,ASPC,0.454,TREE,CANOPYTREE,Aspidosperma,spruceanum,TREE,,,0.11945,3.846666667,73.04844705,52.65911627,1.635216145
PNM,ASTG,CANOPY,271,48,Astronium,graveolens,26.3,73.5,0.13,541.7,3190.8,4827,3.7,13.16,8.29,62.283,49.42,1.39442,10.91,55.338,0.2255,15.805,3.123,0.19669,1.06821,52.73,0.17888,12.1052,Anacardiacea,NOV,136.8332879,116.2074414,4.82,0.675,16.408,27.04,19.444444,-28.72,45.64,3.84,3.46,0.746,Dic,37220,15.125,17.5,1.14,0.564,0.723,0.0516,0.0139,10.9,350,0.0055,0.35,20,0.008571429,0.428571429,14,0.02,0.833333333,6,YES,ASTG,,TREE,CANOPYTREE,Astronium,graveolens,TREE,,,0.746,15.125,73.08163208,206.9603479,10.20776327
PNM,ASTG,UNDERSTORY,278,144,Astronium,graveolens,21.5,50.5,0.08,404.9,1413.4,4319.6,2.1,4.68,1.73,87.17,58.72,0.8091,8.287,119.663,0.235,23.23,2.692,0.1825,1.183,148,0.2161,37.18,Anacardiacea,sep,277.2232845,317.6323744,3.04,0.712,65.62,21.29,7.777778,,,,,0.3763,Sep,36782,4.486666667,4.58,0.209,0.469,0.139,0.0614,0.012,7.63,82.3,0.013084112,0.177570093,107,0.020365854,0.256097561,82,0.010555556,0.277777778,36,YES,ASTG,,TREE,CANOPYTREE,Astronium,graveolens,TREE,,,0.3763,4.486666667,36.07200607,124.380847,10.43191219
PNM,BONM,CANOPY,179,459,Bonomia,maripoide,68.3,90,0.16,335.3,2200.9,2180.1,2.24,0,1,51.143,61.01,0.53867,11.48,74.875,0.1925,223.448,2.771,0.18248,2.1637,36.05,0.15684,21.73,Convolvulace,SEP,178.5772418,174.8646688,3.18,0.41,0,49.73,45,-29.82,45.58,3,3.05,1.405,Sep,36791,7.7375,9.36,0.218,1.39,0.15,0.0532,0.0052,26.2,202,,,,,,,,,,YES,BONM,0.0172,VINE,,Bonamia,maripoide,VINE,,,1.405,7.7375,55.99817703,138.1741408,25.09010247
FTS,BROU,CANOPY,324,66,Brosimum,utile,60.5,108.75,0.3025,1710.15,7914.375,9559.35,3.91,1.65,1.82,42.641,44.56,0.33685,5.221,45.3,0.1804,29.86,1.323,0.09005,0.84095,744.9,0.08686,11.3738,Moraceae,OCT,69.07996146,78.46942293,3.14,0.611,5.319,59.76,163.888889,-28.92,48.69,1.76,1.51,1.34,Sep,37162,14.05,16.2,0.0897,1.3,0.0442,0.0545,0.00118,23.9,322,0.004137931,0.034482759,29,0.005,0.076923077,26,0.054285714,0.214285714,14,YES,BROU,2.1709,TREE,,Brosimum,utile,TREE,,,1.34,14.05,144.7597797,97.05734586,9.256714836
FTS,BROU,UNDERSTORY,1304,31,Brosimum,utile,37.75,127,0.24375,340.8,3895.8,,0.16,0,0.7,65.269,24.13,0.36228,7.72,58.363,0.22,41.467,1.384,0.11433,1.1803,668.9,0.09225,21.6982,Moraceae,AUG,195.0328283,236.4304775,1.45,0.14,0,56.39,98.333333,-32.73,45.77,1.12,1.59,0.48095,Sep,36777,4.611666667,5.31,0.288,0.396,0.166,0.0585,0.0176,6.77,97.4,0.002926829,0.048780488,41,0.003170732,0.048780488,41,0.015897436,0.102564103,39,YES,BROU,2.1709,TREE,,Brosimum,utile,TREE,,,0.48095,4.611666667,51.27341939,89.94263931,9.380103876
FTS,CAL2,CANOPY,502,102,Calophyllum,longifolium,37.25,81.5,0.44375,1864.875,5908.85,,3.54,2.25,1.6,29.779,21.19,0.63099,5.057,25.375,0.1243,12.656,1.01,0.04967,0.35112,542.3,0.19651,6.8497,Clusiaceae,DEC,42.94119843,52.4750473,3.15,0.668,7.24,58.18,496.944444,-28.8,48.08,-0.28,1.21,0.6925,Dic,37229,13.325,15.2,0.325,0.781,0.157,0.0697,0.00707,11.2,230,0.089552239,0.641791045,67,0.127166667,0.683333333,60,0.140517241,0.75862069,58,YES,CAL2,1.9501,TREE,CANOPYTREE,Calophyllum,longifolium,TREE,,,0.6925,13.325,232.8765932,57.21914691,2.973677991
FTS,CAL2,UNDERSTORY,1050,34,Calophyllum,longifolium,64,175,0.285,669.05,3663.575,,2.25,0,0.56,103.038,19.67,0.41765,12.04,63.213,0.1254,15.741,1.101,0.05415,0.68068,826.7,0.15357,13.7164,Clusiaceae,SEP,157.8754266,211.9113089,2.46,0.253,0,79.65,128.333333,-35.1,45.38,-0.06,1.08,0.3635,Sep,36777,3.138333333,3.62,0.0749,0.38,0.0566,0.0451,0.00403,8.42,88.6,0.02,0.125,40,0.02325,0.175,40,0.022162162,0.189189189,37,YES,CAL2,1.9501,TREE,CANOPYTREE,Calophyllum,longifolium,TREE,,,0.3635,3.138333333,63.34107982,49.54657139,5.738771758
FTS,CARG,CANOPY,690,88,Carapa,guianensis,76,138.75,0.2875,646.3,5737.1,4770.25,4.17,13.54,5.03,41.322,22.75,0.80603,10.62,30.025,0.1496,20.416,1.457,0.10551,0.5819,659,0.19255,13.568,Meliaceae,DEC,72.46290136,77.87988892,3.14,1.832,16.933,67.87,198.888889,-28.73,47.86,1.79,1.52,0.779,Dic,37229,4.0525,4.77,0.285,0.73,0.259,0.0577,0.0155,12.7,95.3,0.0756,0.58,50,0.13175,0.7,40,0.13175,0.85,40,YES,CARG,9.5575,TREE,,Carapa,guianensis,TREE,,,0.779,4.0525,138.0016507,29.36559077,5.644860016
FTS,CAS3,CANOPY,272,150,Cassipourea,elliptica,41.75,67.25,0.3375,455.55,3971.275,3289.225,2.82,0,1.49,53.257,135.9,0.98265,2.082,38.65,0.5797,304.538,2.043,0.10515,0.49467,1737,0.6571,7.8769,Rhizophorace,AUG,80.97704677,85.84307894,3.36,0.498,0.068,31.73,157.5,-27.97,45.26,2.17,2.34,0.4655,Aug,36754,15.35,17,0.331,0.454,0.17,0.086,0.00842,5.28,203,0.009538462,0.184615385,65,0.011206897,0.275862069,58,0.012142857,0.357142857,28,YES,CAS3,0.0023,UNDERSTORY,MIDSTORY,Cassipourea,elliptica,TREELET,,,0.4655,15.35,123.4917844,124.2997668,3.769481527
PNM,CAS4,CANOPY,180,534,Castilla,elastica,115.8,201.5,0.35,512.8,3358.6,3251.1,3.63,6.97,1.13,88.65,44.27,1.18424,14.12,56.25,0.2706,22.726,2.41,0.17116,2.4035,46.71,0.18848,21.4332,Moraceae,AUG,115.6205288,116.8281394,3.05,0.349,8.367,45.85,60.833333,-28.015,41.45,3.025,2.7,0.9075,Sep,36763,17.05,18.9,0.133,0.936,0.0661,0.0572,0.00149,16.4,346,,,,,,,,,,YES,CAS4,0.1031,MIDSTORY,,Castilla,elastica,TREE,,,0.9075,17.05,86.48983106,197.1330016,10.49256299
PNM,CAS4,UNDERSTORY,129,34,Castilla,elastica,122,217,0.28,186.9,1710.5,1353.6,0.3,0,0.06,125.459,58.64,1.34357,15.38,116.113,0.3531,26.935,2.712,0.2109,2.7236,152.5,0.19798,23.4366,Moraceae,sep,527.4770174,640.6920992,0.59,0.057,0,43.54,5.277778,-35.16,38.87,2.51,3.28,0.264,Ago,36780,3.825,3.81,0.113,0.299,0.0729,0.067,0.0108,4.46,61.3,0.000666667,0.066666667,30,0.000625,0.0625,16,0.005,0.5,2,YES,CAS4,0.1031,MIDSTORY,,Castilla,elastica,TREE,,,0.264,3.825,18.95817196,201.7599591,13.92539326
FTS,CAYG,CANOPY,525,8,Cayaponia,granatensis,48.7,94.7,0.24,721.2,3475.7,5882.8,0.62,0,0.41,53.257,46.33,0.68693,16.81,52.5,0.1914,31.524,2.284,0.14497,0.62216,835.8,0.21741,15.8152,Cucurbitacea,MAY,85.99670123,104.0807135,0.49,0.192,0,51.12,120.555556,-29.66,41.91,3.96,2.88,1.75,May,37055,8.21,10.7,0.243,1.8,0.134,0.0647,0.00796,27.9,193,0.02,0.444444444,18,0.025882353,0.647058824,17,0.028333333,0.666666667,18,YES,CAYG,,VINE,,Cayaponia,granatensis,VINE,,,1.75,8.21,116.2835302,70.60329171,15.04942271
FTS,CECI,CANOPY,231,82,Cecropia,insignis,469,476.75,0.28375,576.275,4350.825,2668.85,3.65,5.93,1.77,56.46,40.87,1.051,9.192,84.925,0.213,84.86,2.177,0.1177,0.9825,618.5,0.2454,9.048,Cecropiaceae,MAR,81.72130224,123.4032786,2.98,0.55,6.286,62.02,136.666667,-28.83,45.64,3.61,2.56,0.492,Jan,36957,14.575,15.9,0.163,0.549,0.0884,0.0711,0.00323,7.72,231,0.02625,0.6125,80,0.061176471,0.823529412,68,0.053636364,0.863636364,22,YES,CECI,,TREE,CANOPYTREE,Cecropia,insignis,TREE,,,0.492,14.575,122.3671151,119.108798,4.02068807
FTS,CECI,UNDERSTORY,,,Cecropia,insignis,382,410.7,0.13,332.8,1964.2,2341.1,2,0,0.57,,,,,,,,,,,,,,,,,,,,,,,,,,,,,,,,,,,,,,,,,,,,,,,,YES,CECI,,TREE,CANOPYTREE,Cecropia,insignis,TREE,,,,,,,
PNM,CECL,CANOPY,89,889,Cecropia,longirostris,,,,,,,,,,92.345,19.54,2.39221,6.99,97.75,0.7447,41.234,2.728,0.19725,0.98483,79.4,0.27854,15.7198,Cecropiaceae,MAY,113.6589317,110.2346096,2.09,0.276,0,55.52,103.055556,-25.89,40.71,2.5,2.92,1.87,May,37034,20.5625,24.4,0.133,1.81,0.0523,0.0623,0.0012,29,421,,,,,,,,,,YES,CECL,,MIDSTORY,,Cecropia,longipes,TREE,,,1.87,20.5625,87.98252676,233.7111783,21.25422023
PNM,CECL,UNDERSTORY,,,Cecropia,longirostris,,,,,,,,,,83.01,32.47,1.999,9.835,97.238,0.647,54.21,2.932,0.219,2.303,323.3,0.2646,21.37,Cecropiaceae,MAY,354.0893408,402.1800548,1.02,0.097,0,48.45,28.333333,,,,,,,,,,,,,,,,,,,,,,,,,,YES,CECL,,MIDSTORY,,Cecropia,longipes,TREE,,,,,28.24146013,,
PNM,CECO,CANOPY,87,87,Cecropia,obtusifolia,299,327.333333,0.416667,363.433333,1844.566667,2413.066667,3.02,0,0.893,,,,,,,,,,,,,,Cecropiaceae,,,,,,,,,,,,,,,,,,,,,,,,,0.006756757,0.27027027,74,,,,,,,YES,CECO,,MIDSTORY,MIDSTORY,Cecropia,obtusifolia,TREE,-2.192222222,22.1,2.192222222,22.1,,,
PNM,CECO,UNDERSTORY,,,Cecropia,obtusifolia,420,435,0.1075,369.6,1136.55,1573.7,0.27,0,0.14,,,,,,,,,,,,,,,,,,,,,,,,,,,,,,,,,,,,,,,,,,,,,,,,YES,CECO,,MIDSTORY,MIDSTORY,Cecropia,obtusifolia,TREE,,,,,,,
PNM,CECP,CANOPY,114,32,Cecropia,peltata,,,,,,,,,,57.214,13.17,1.05632,8.853,74.113,0.4059,64.289,2.984,0.16539,1.3409,101.3,0.19978,14.6916,Cecropiaceae,MAY,137.9364469,146.3030198,2.79,0.302,5.233,56.89,69.666667,-26.45,43.09,2.08,3.24,0.854666667,May,37034,18.05,20.2,0.312,0.848,0.139,0.0597,0.00343,14.2,352,0.005769231,0.307692308,26,0,0,3,,,,YES,CECP,,MIDSTORY,,Cecropia,peltata,TREE,,,0.854666667,18.05,72.4971552,248.9752867,11.78896833
PNM,CECP,UNDERSTORY,,,Cecropia,peltata,,,,,,,,,,105.6,22.63,1.355,13.18,123,0.581,61.4,3.04,0.2768,1.997,134.7,0.2819,19.36,Cecropiaceae,MAY,371.3195803,500.2522998,2.27,0.462,0,46.98,26.25,,,,,,,,,,,,,,,,,,,,,,,,,,YES,CECP,,MIDSTORY,,Cecropia,peltata,TREE,,,,,26.93097949,,
FTS,CES1,CANOPY,309,76,Cespedezia,macrophylla,227.75,481.666667,0.21,1978.375,12754.7,5811.775,4.28,0,1.45,29.604,23.84,0.47935,9.279,26.913,0.1749,349.8,1.59,0.09786,0.71346,229.1,0.15854,31.853,Ochnaceae,SEP,112.2480727,136.8363064,3.1,1.167,12.885,69.86,90.666667,-29.27,47.31,1.83,1.74,1.19,Oct,37217,15.275,17.8,0.22,1.25,0.123,0.0874,0.00528,14.3,218,0.051666667,0.785714286,42,0.086956522,0.913043478,23,0.103461538,0.923076923,26,YES,CES1,,TREE,CANOPYTREE,Cespedesia,spathulata,TREE,,,1.19,15.275,89.08838932,171.458931,13.35752065
FTS,CES1,UNDERSTORY,971,65,Cespedezia,macrophylla,,,,,,,,,,54.93,23.69,0.3628,11.47,38.588,0.14,239.8,1.189,0.07503,1.301,727,0.1363,25.25,Ochnaceae,SEP,180.3529412,225.7777778,2.8,0.404,6.601,54.79,87.777778,-34.19,44.41,1.23,1.34,0.05065,Sep,36992,2.133911111,2.11,0.153,0.00882,0.123,0.0617,0.0257,0.143,34.3,0.031568627,0.254901961,51,0.085957447,0.361702128,47,0.083043478,0.434782609,46,YES,CES1,,TREE,CANOPYTREE,Cespedesia,spathulata,TREE,,,0.05065,2.133911111,55.44683627,38.48571451,0.913487647
PNM,CHRC,CANOPY,152.5,102,Chrysophyllu,cainito,50.8,89.5,0.31,1047.2,4195.8,5389.85,4.13,6.74,3.03,51.535,16.14,1.31532,4.047,35.85,0.1793,9.948,1.702,0.10115,0.5148,31.51,0.18894,8.9697,Sapotaceae,MAY,73.0393627,81.35756601,2.9,0.67,8.993,67.96,186.944444,-28.22,45.85,2.38,1.81,0.5195,May,37034,11.35,12.4,1.05,0.505,0.524,0.0564,0.0225,8.95,229,0.093225806,0.209677419,62,0.05974359,0.41025641,39,0.201428571,0.571428571,7,YES,CHRC,0.1386,TREE,CANOPYTREE,Chrysophyllu,cainito,TREE,,,0.5195,11.35,136.9124761,82.89967666,3.794394892
PNM,CHRC,UNDERSTORY,365,41,Chrysophyllu,cainito,59,109.5,0.2,740.3,3754.9,5252,3.64,6.02,1.66,87.135,30.48,1.28029,5.153,74.288,0.1892,19.727,1.894,0.13376,1.5609,108.7,0.27934,12.5292,Sapotaceae,NOV,177.7428065,213.9304232,2.99,0.681,14.585,60.86,105.555556,-34.12,43.82,1.94,2.02,0.3649,Oct,37220,7.848333333,10.3,0.399,0.496,0.171,0.0888,0.0142,5.59,122,0.007173913,0.02173913,46,0.039487179,0.153846154,39,0.050666667,0.333333333,30,YES,CHRC,0.1386,TREE,CANOPYTREE,Chrysophyllu,cainito,TREE,,,0.3649,7.848333333,56.2610673,139.4984793,6.48583501
FTS,CHRP,CANOPY,371,92,Chrysophyllu,argenteum,63.5,132.5,0.24,688.325,3351.7,5842.5,4.11,6.02,2.25,,,,,,,,,,,,,,Sapotaceae,,,,,,,,,,,,,,,,,,,,,,,,,0.022857143,0.380952381,42,0.039411765,0.676470588,34,0.063225806,0.806451613,31,YES,CHRA,,TREE,CANOPYTREE,Chrysophyllu,argenteum,TREE,,,,,,,
FTS,CHRP,UNDERSTORY,,,Chrysophyllu,argenteum,102,208,0.22,758.1,4787.7,4866.3,3.54,0,2.01,,,,,,,,,,,,,,,,,,,,,,,,,,,,,,,,,,,,,,,,,,,,,,,,YES,CHRA,,TREE,CANOPYTREE,Chrysophyllu,argenteum,TREE,,,,,,,
FTS,CIS?,CANOPY,153,24,Cissus,unidentified,,,,,,,,,,,,,,,,,,,,,,,,,,,,,,,,,,,,,,,,,,,,,,,,0.0075,0.166666667,12,0.029,1,10,,,,YES,CIS?,,VINE,,,,VINE,,4.933333333,,4.933333333,,,
PNM,CISE,CANOPY,88.5,22,Cissus,erosa,45.7,73.3,0.23,269.8,1020,2058.1,0.97,0,0.6,,,,,,,,,,,,,,Vitaceae,,,,,,,,,,,,,,,,,,,,,,,,,0.02,0.6,20,0.0475,0.75,4,,,,YES,CISE,0.0125,VINE,,Cissus,erosa,VINE,-2.901818182,10.36666667,2.901818182,10.36666667,,,
FTS,CLU?,CANOPY,421,156,Clusia,valerioi,54,100.25,0.41625,518.875,5061.125,,4.49,12.14,2.02,37.74,32.93,0.6227,3.937,32.538,0.0751,237.6,1.021,0.0661,0.3989,1943,0.123,11.91,Clusiaceae,MAR,58.06658191,66.49771501,13.37,0.623,8.945,28.19,165,-28.43,48.5,0.58,1.12,1.285,Jan,36957,11.48,13.7,0.272,1.29,0.206,0.0692,0.00622,18.6,217,0.004195804,0.06993007,143,0.008319328,0.109243697,119,0.014666667,0.24,75,YES,CLU?,,HEMIEPIPHYTE,,,,HEMIEPIPHYTE,,,1.285,11.48,172.2160952,66.66043603,7.461555775
FTS,COCP,CANOPY,445,39,Coccoloba,parimensis,138.75,212.5,0.155,692.9,3674.975,4890.425,3.45,5.76,2.33,34.08,37.91,0.5151,9.725,50.975,0.2,264.6,2.097,0.09513,0.404,2928,0.2021,13.95,Polygonaceae,SEP,108.4053756,126.3764562,2.91,0.765,6.108,56.91,57.5,-31.24,45.52,5.22,2.25,1.076,Sep,36787,12.9,14.6,0.079,1.08,0.0446,0.0663,0.00157,16.3,237,0.032692308,0.576923077,26,0.042307692,0.653846154,26,0.065909091,0.863636364,22,YES,COCP,0.0098,LIANA,,Coccoloba,parimensis,LIANA,,,1.076,12.9,92.24634798,139.8429345,11.66441841
FTS,COCP,UNDERSTORY,627.5,14,Coccoloba,parimensis,,,,,,,,,,120.118,37.06,1.48143,13.61,74.8,0.2783,125.822,2.053,0.10277,1.04412,1082,0.15956,17.0554,Polygonaceae,SEP,173.2445669,191.6719312,5.56,0.682,5.406,46.54,46.111111,-34.27,46.97,2.89,2.41,-0.1388,Sep,36992,5.951166667,5.54,0.385,-0.352,0.369,0.132,0.0422,-2.67,39.4,0.005625,0.0625,16,0.05375,0.1875,16,0.072666667,0.2,15,YES,COCP,0.0098,LIANA,,Coccoloba,parimensis,LIANA,,,-0.1388,5.951166667,57.72186788,103.1007292,-2.404634588
FTS,CODU,CANOPY,325,65,Codonanthe,uleana,,,,,,,,,,,,,,,,,,,,,,,Gesneriaceae,,,,,,,,,,,,,,,,,,,,,,,,,0.015810811,0.283783784,74,0.030877193,0.438596491,57,0.029722222,0.611111111,36,YES,CODU,0.0044,EPIPHYTE,,Codonanthe,uleana,EPIPHYTE,,,,,,,
PNM,CODU,CANOPY,150,30,Codonanthe,uleana,27.7,61.7,1.27,143.7,320.9,,0.29,0,0.09,74.38,45.31,0.9477,8.695,84.475,0.554,17.29,2.166,0.445,9.1467,282.8,0.1278,19.25,Gesneriaceae,SEP,235.4150108,231.7151498,0.28,0.093,0,36.38,76.111111,,,,,,,,,,,,,,,,,0.043157895,0.263157895,19,0.021538462,0.307692308,13,,,,YES,CODU,0.0044,EPIPHYTE,,Codonanthe,uleana,EPIPHYTE,,,,,42.47817489,,
PNM,COMF,CANOPY,154,1333,Combretum,fruticosum,,,,,,,,,,51.917,69.29,1.07203,14.81,60.15,0.2618,27.984,2.356,0.15729,1.09406,29.02,0.15515,15.1686,Combretaceae,SEP,124.4205919,143.3056316,2.19,1.352,19.211,41.88,40.555556,-31.22,46,3.68,2.91,1.9,Sep,36791,15.875,19.4,0.63,2.02,0.28,0.0725,0.00994,27.9,296,,,,,,,,,,YES,COMF,,LIANA,,Combretum,fruticosum,LIANA,,,1.9,15.875,80.37254803,197.5176897,23.63991246
PNM,COMF,UNDERSTORY,214,26,Combretum,fruticosum,,,,,,,,,,,,,,,,,,,,,,,,,,,,,,,,,,,,-0.246,Mar,37034,2.615833333,2.7,0,-0.19,0,0.00571,0,-33.3,440,0.020769231,0.423076923,26,0.06047619,0.619047619,21,0.071538462,0.615384615,13,YES,COMF,,LIANA,,Combretum,fruticosum,LIANA,-0.438555556,3.443333333,0.438555556,2.615833333,,,
PNM,CORA,CANOPY,175,170,Cordia,alliodora,66.666667,74,0.243333,711.1,2076.033333,3137.766667,1.63,0,0.39,65.673,33.89,1.4351,23.97,63.813,0.5599,12.275,2.566,0.15607,2.4772,54.27,0.30702,99.7036,Boraginaceae,SEP,105.7057487,118.2462252,5.57,0.548,5.711,53.22,62.5,-29.57,42,0.68,2.83,0.7205,Sep,36766,21.05,23.8,0.277,0.79,0.112,0.0694,0.00302,11.4,355,0.020961538,0.346153846,52,0.026,0.52,25,0.018,0.4,5,YES,CORA,,TREE,CANOPYTREE,Cordia,alliodora,TREE,,,0.7205,21.05,94.60223427,222.510601,7.616099192
PNM,CORA,UNDERSTORY,243,53,Cordia,alliodora,38.333333,84.333333,0.125,200.833333,958.4,1071.666667,,,,144.861,40.77,2.46905,27.25,149.75,0.7909,29.245,2.752,0.1433,2.7797,98.7,0.2573,47.912,Boraginaceae,sep,303.0459105,402.8590957,5.72,0.572,0,59.82,31.666667,-34.55,39.02,-0.74,1.49,0.2415,Sep,36780,5.981666667,7.27,0.19,0.295,0.105,0.0689,0.00719,4.28,110,0.03,0.452380952,42,0.034571429,0.485714286,35,0.005,0.5,10,YES,CORA,,TREE,CANOPYTREE,Cordia,alliodora,TREE,,,0.2415,5.981666667,32.99830043,181.2719621,7.318558738
FTS,CORB,CANOPY,289,16,Cordia,bicolor,58.75,121.25,0.27,1196.725,4509.4,4857.3,2.63,0,0.83,108.5655,44.07,0.79761,15.94,103.644,0.2964,89.4645,1.842,0.093055,0.93906,633.8,0.158665,32.0205,Boraginaceae,AUG,85.08030934,95.02157189,4.77,0.348,0,68.3,131.944444,-32.02,41.78,2.07,2.18,0.51545,Aug,36755,22.1,23.7,0.497,0.00786,0.223,0.0739,0.00604,0.106,321,0.002,0.2,20,0.002,0.2,10,0.002857143,0.285714286,7,YES,CORB,0.0167,MIDSTORY,MIDSTORY,Cordia,bicolor,TREE,,,0.51545,22.1,117.5360089,188.0274836,4.385464545
FTS,CORB,UNDERSTORY,318,156,Cordia,bicolor,,,,,,,,,,193.1,22,0.5609,19.75,176.75,0.269,71.84,2.31,0.1432,2.327,1102,0.2312,18.38,Boraginaceae,AUG,301.833216,257.8559899,2.77,0.249,0,63.93,61.111111,-36.61,41.19,1.51,2.14,0.6455,Sep,36787,2.996666667,3.76,0.171,0.627,0.155,0.0616,0.0133,10.2,71.2,0.014528302,0.188679245,106,0.028414634,0.256097561,82,0.018125,0.229166667,48,YES,CORB,0.0167,MIDSTORY,MIDSTORY,Cordia,bicolor,TREE,,,0.6455,2.996666667,33.1308798,90.44935374,19.4833341
FTS,COSS,CANOPY,119.5,2,Cosmibuena,skinneri,,,,,,,,,,,,,,,,,,,,,,,Rubiaceae,,,,,,,,,,,,,,,,,,,,,,,,,0,0,6,0,0,4,,,,YES,COSS,,HEMIEPIPHYTE,,Cosmibuena,grandiflora,HEMIEPIPHYTE,,,,,,,
PNM,CUPL,CANOPY,61,35,Cupania,latifolia,,,,,,,,,,,,,,,,,,,,,,,Sapindaceae,,,,,,,,,,,,,,,,,,,,,,,,,0.010869565,0.347826087,23,,,,,,,YES,CUPL,0.0843,UNDERSTORY,CANOPYTREE,Cupania,latifolia,TREELET,,,,,,,
FTS,CYMR,CANOPY,101,67,Cymbosema,roseum,59.7,76,0.27,450,2504,2528.4,2.94,0,1.6,79.625,33.76,0.8666,5.482,76.263,0.2277,171.296,2.071,0.1251,1.5664,118.8,0.11515,12.1688,Fabaceae-Pap,SEP,140.6555915,184.5953645,6.2,0.943,5.362,49.89,74.444444,-29.69,45.85,0.68,2.27,0.917,Sep,36787,5.97,5.23,0.763,0.501,0.782,0.0308,0.029,16.3,186,0.004166667,0.333333333,12,0.008,0.4,5,,,,YES,CYMR,0.4984,VINE,,Dioclea,rosea,VINE,,,0.917,5.97,71.09564501,83.97138811,12.89811774
FTS,DAVN,CANOPY,354.5,100,Davilla,nitida,43,78.3,0.2,466.2,2222.9,2913,3.89,6.2,2.6,,,,,,,,,,,,,,Dilleniaceae,,,,,,,,,,,,,,,,,,,,,,,,,0.056818182,0.590909091,44,0.107105263,0.684210526,38,0.143793103,0.724137931,29,YES,DAVN,,LIANA,,Davilla,nitida,LIANA,,,,,,,
FTS,DENA,CANOPY,353,93,Dendropanax,arboreus,103.25,180.25,0.3225,703.925,5112.875,5520.075,1,0,0.39,,,,,,,,,,,,,,Araliaceae,,,,,,,,,,,,,,,,,,,,,,,,,0.004583333,0.125,24,0.07625,0.3125,16,0.064166667,0.416666667,12,YES,DENA,,TREE,CANOPYTREE,Dendropanax,arboreus,TREE,-0.969222222,5.686666667,0.969222222,5.686666667,,,
FTS,DENA,UNDERSTORY,1246.5,76,Dendropanax,arboreus,70,137,0.2225,432.075,2497.975,4352.4,0.74,0,0.12,124.696,37.9,1.15486,6.194,73.913,0.3135,428.664,1.694,0.07218,1.8755,4888,0.2017,58.9466,Araliaceae,SEP,335.5635492,288.7708508,0.68,0.09,0,57.07,77.222222,,,,,0.3025,Sep,37197,3.141666667,3.43,0.134,0.232,0.125,0.0689,0.0128,3.36,53.2,0.003714286,0.028571429,35,0.010882353,0.147058824,34,0.008275862,0.103448276,29,YES,DENA,,TREE,CANOPYTREE,Dendropanax,arboreus,TREE,,,0.3025,3.141666667,29.80061459,105.4228817,10.15079736
PNM,DIOG,CANOPY,91,14,Dioclea,guianensis,56.3,69.3,0.22,455.9,1710.5,3025,2.77,0.68,0.84,,,,,,,,,,,,,,Fabaceae-Pap,,,,,,,,,,,,,,,,,,,,,,,,,0.004,0.4,5,,,,,,,YES,DIOG,0.4467,LIANA,,Dioclea,guianensis,LIANA,,,,,,,
PNM,DIOG,UNDERSTORY,213,38,Dioclea,guianensis,,,,,,,,,,96.934,50.11,0.85631,11.02,112.188,0.2211,21.338,1.755,0.12587,0.98802,89.2,0.20656,53.3604,Fabaceae-Pap,NOV,180.345826,188.3374725,2.7,0.576,16.234,,43.055556,-32.835,44.415,2.23,2.01,-0.2625,Oct,37220,7.163333333,6.42,0.244,-0.261,0.189,0.0797,0.0138,-3.28,77.3,0.016666667,0.333333333,12,0.021,0.4,10,0.048333333,0.666666667,6,YES,DIOG,0.4467,LIANA,,Dioclea,guianensis,LIANA,-0.479555556,3.493333333,0.479555556,7.163333333,55.44902382,129.1877267,8.648584276
FTS,DIOW,CANOPY,169,137,Dioclea,wilsonii,63.7,91.3,0.19,345.2,2219.7,2915.2,3.85,7.89,2.13,63.63,18.87,1.251,6.09,62.9,0.198,37.03,2.619,0.1547,1.23,266.3,0.1637,13.89,Fabaceae-Pap,AUG,197.6215408,160.9787148,9.86,0.933,10.03,61.07,74.722222,,,,,1.95,Aug,36759,12.875,16,0.397,2.08,0.191,0.0638,0.00681,32.6,283,0.023877551,0.510204082,49,0.044516129,0.64516129,31,0.041428571,0.714285714,7,YES,DIOW,3.532,LIANA,,Dioclea,wilsonii,LIANA,,,1.95,12.875,50.60177125,254.4377337,38.53620045
PNM,DOL1,CANOPY,167,30,Doliocarpus,major,,,,,,,,,,,,,,,,,,,,,,,Dilleniaceae,,,,,,,,,,,,,,,,,,,,,,,,,0.006956522,0.347826087,23,0.015384615,0.461538462,13,0,0,3,YES,DOL1,0.0306,LIANA,,Doliocarpus,major,LIANA,-0.998777778,6.175,0.998777778,6.175,,,
PNM,DOL1,UNDERSTORY,302,71,Doliocarpus,major,,,,,,,,,,250.046,48.56,1.63624,10.36,230.75,0.3311,40.693,1.668,0.09318,1.07382,483.2,0.1921,21.5922,Dilleniaceae,NOV,210.1494049,243.5156704,2.86,0.474,8.945,54,39.444444,-32.33,42.42,-0.51,1.92,0.167,Oct,37220,4.111666667,2.64,0.278,0.064,0.266,0.0894,0.0433,0.716,30.2,0.006527778,0.125,72,0.013793103,0.189655172,58,0.008947368,0.157894737,38,YES,DOL1,0.0306,LIANA,,Doliocarpus,major,LIANA,,,0.167,4.111666667,47.58519304,86.40643032,3.509495062
FTS,DOL2,CANOPY,299,81,Doliocarpus,multiflorus,63,102,0.3325,868.275,4750.725,3535.075,4.26,5.89,2.82,,,,,,,,,,,,,,Dilleniaceae,,,,,,,,,,,,,,,,,,,,,,,,,0.025846154,0.569230769,65,0.048679245,0.641509434,53,0.036666667,0.722222222,36,YES,DOL2,0.0198,LIANA,,Doliocarpus,multiflorus,LIANA,-1.588888889,16.1,1.588888889,16.1,,,
PNM,DOL2,CANOPY,150.5,6,Doliocarpus,multiflorus,63,102,0.3325,868.275,4750.725,3535.075,4.26,5.89,2.82,43.916,32.78,0.51799,6.388,49.775,0.1903,22.567,1.422,0.0928,1.06293,126.5,0.28985,17.3098,Dilleniaceae,SEP,120.2180275,129.7101412,3.01,0.767,14.585,56.62,63.333333,,,,,1.159,Sep,36782,8.3475,9.97,0.298,1.27,0.187,0.0674,0.0103,18.8,167,0.016,0.2,5,0,0,2,,,,YES,DOL2,0.0198,LIANA,,Doliocarpus,multiflorus,LIANA,,,1.159,8.3475,83.18219993,100.3519985,13.93326939
FTS,DOL2,UNDERSTORY,748,38,Doliocarpus,multiflorus,64,158.5,0.18,942.875,1883.575,5047.55,,,,793.084,33.54,1.03271,18.5,379.625,0.4092,168.54,1.214,0.08485,1.3299,3008,0.20261,25.917,Dillenaceae,SEP,235.3774904,244.091749,2.9,0.286,2.23,59.04,69.444444,-33.14,41.01,1,1.19,0.17883,Sep,36832,1.926666667,2.11,0.238,0.218,0.181,0.0332,0.0143,6.57,70.1,0.049210526,0.342105263,38,0.052777778,0.388888889,36,0.040666667,0.466666667,30,YES,DOL2,0.0198,LIANA,,Doliocarpus,multiflorus,LIANA,,,0.17883,1.926666667,42.48494613,45.34939648,4.209255661
PNM,DOL2,UNDERSTORY,,,Doliocarpus,multiflorus,64,158.5,0.18,942.875,1883.575,5047.55,,,,,,,,,,,,,,,,,,,,,,,,,,,,,,,,,,,,,,,,,,,,,,,,,,,YES,DOL2,0.0198,LIANA,,Doliocarpus,multiflorus,LIANA,,,,,,,
PNM,DOL?,UNDERSTORY,154,4,Doliocarpus,unidentified,,,,,,,,,,,,,,,,,,,,,,,,,,,,,,,,,,,,,,,,,,,,,,,,0,0,7,0,0,5,0,0,1,YES,DOL?,,LIANA,,,,LIANA,,,,,,,
FTS,DOLD,CANOPY,274.5,286,Doliocarpus,dentatus,72.5,108.5,0.345,473.2,4606.875,4403.425,3.93,1.05,2.39,40.548,51.83,0.35719,8.681,34.513,0.154,121.476,1.328,0.06865,0.45441,171.8,0.2173,10.4177,Dilleniaceae,OCT,89.96076187,95.89693966,3.33,0.712,5.233,57.52,61.388889,-28.92,47.9,0.795,1.47,0.16165,Oct,37217,9.4025,9.95,0.216,0.184,0.155,0.0865,0.0105,2.13,117,0.037211538,0.663461538,104,0.047534247,0.684931507,73,0.061219512,0.731707317,41,YES,DOLD,0.0034,LIANA,,Doliocarpus,dentatus,LIANA,,,0.16165,9.4025,111.1595744,84.58560635,1.454215716
PNM,DOLD,CANOPY,61,6,Doliocarpus,dentatus,72.5,108.5,0.345,473.2,4606.875,4403.425,3.93,1.05,2.39,88.835,24.12,1.28142,7.567,74.075,0.451,61.289,1.54,0.08378,0.79178,83,0.16871,14.0556,Dilleniaceae,SEP,135.9044251,,2.53,0.738,7.518,56.67,71.111111,-31.21,43.91,-0.25,1.59,0.36,Sep,36782,9.45,10.2,0.186,0.437,0.128,0.0606,0.00482,7.2,175,0.004,0.2,10,0,0,1,,,,YES,DOLD,0.0034,LIANA,,Doliocarpus,dentatus,LIANA,,,0.36,9.45,73.58112139,128.4296817,4.892559303
FTS,DOLD,UNDERSTORY,470.5,52,Doliocarpus,dentatus,,,,,,,,,,,,,,,,,,,,,,,,,,,,,,,,,,,,,,,,,,,,,,,,0.043555556,0.288888889,45,0.021794872,0.256410256,39,0.029393939,0.303030303,33,YES,DOLD,0.0034,LIANA,,Doliocarpus,dentatus,LIANA,,3.265,,3.265,,,
PNM,DOLD,UNDERSTORY,259.5,16,Doliocarpus,dentatus,64.3,145,0.17,198.6,3062.4,3578.1,2.1,0,0.45,195.873,23.99,1.27916,9.054,176.25,0.3696,44.827,1.532,0.10836,1.09252,389.7,0.15956,17.1296,Dillenaceae,sep,220.3259944,289.9661438,2.63,0.656,2.77,61.14,60.833333,,,,,0.1584,Sep,36780,3.943333333,4.75,0.144,0.0753,0.0991,0.0915,0.0149,0.823,52.8,0.077058824,0.235294118,17,0.023076923,0.230769231,13,0.078333333,0.5,6,YES,DOLD,0.0034,LIANA,,Doliocarpus,dentatus,LIANA,,,0.1584,3.943333333,45.3872909,86.88188379,3.489963751
PNM,DOLO,CANOPY,214,6,Doliocarpus,olivaceus,,,,,,,,,,58.206,10.91,0.81914,8.907,60.738,0.4015,47.541,1.639,0.0986,0.87956,126.9,0.13278,14.098,Dilleniaceae,MAY,141.3323433,164.8211202,2.49,0.606,7.658,58.21,74.722222,-30.15,45.64,0.24,1.75,0.0511,May,37034,9.03375,9.38,0.439,-0.00523,0.276,0.0672,0.0164,-0.0779,139,0.022,0.2,5,0.022,0.2,5,,,,YES,DOLO,0.0568,LIANA,,Doliocarpus,olivaceus,LIANA,,,0.0511,9.03375,70.75521263,127.6761056,0.722208274
PNM,DRSE,CANOPY,60,19,Drymonia,serrulata,68.3,118,0.45,173.7,909.4,1747.5,1.11,0,0.47,84.671,49.71,2.15604,12.52,65.875,0.2387,28.853,1.965,0.16717,2.3177,56.29,0.28713,14.3736,Gesneriaceae,SEP,199.3770409,244.2187883,3.16,0.854,0,54.35,51.388889,-30.4,42.32,-1.39,1.88,0.8025,Ago,36766,12.925,14.2,0.129,0.897,0.078,0.0652,0.00241,13.8,232,0.001666667,0.166666667,6,0.386666667,1,3,,,,YES,DRSE,,VINE,,Drymonia,serrulata,VINE,,,0.8025,12.925,50.15622638,257.6948254,16.00000754
FTS,DUSM,CANOPY,340,35,Dussia,munda,51,77.666667,0.291667,435.133333,3843.066667,4482.6,2.08,0,0.96,37.24,83.5,0.4122,8.953,69.45,0.196,105.6,2.145,0.1054,0.8872,449.2,0.2589,14.12,Fabaceae-Pap,MAY,97.29651999,101.6176596,2.36,0.228,0,45.86,73.611111,-28.27,46.76,2.54,2.7,1.65,MAY,37055,17.38333333,21.7,0.6,1.72,0.371,0.0673,0.00751,25.5,348,0.023846154,0.423076923,26,0.018571429,0.523809524,21,0.161818182,1,11,YES,DUSA,1.4272,TREE,,Dussia,atropurpurea,TREE,,,1.65,17.38333333,102.7785989,169.1337839,16.0539258
FTS,FICI,CANOPY,246,22,Ficus,citrifolia,,,,,,,,,,,,,,,,,,,,,,,Moraceae,,,,,,,,,,,,,,,,,,,,,,,,,0.003846154,0.076923077,13,0.004166667,0.083333333,12,0,0,1,YES,FICI,,HEMIEPIPHYTE,CANOPYTREE,Ficus,citrifolia,HEMIEPIPHYTE,,,,,,,
PNM,FIIN,CANOPY,92,143,Ficus,insipida,87,167.5,0.4,678.55,6598.05,5805.525,1.14,0,0.44,145.951,51.53,2.03174,6.154,52.05,0.3245,42.135,2.114,0.17449,1.5279,66.51,0.14351,10.4707,Moraceae,SEP,77.29680051,71.08590706,2.2,0.198,0,40.96,179.722222,-27.735,41.185,2.005,2.49,2.445,Sep,37170,27.3,31.8,1.24,2.32,0.496,0.0651,0.00823,35.6,524,0.002020202,0.121212121,99,0.006521739,0.217391304,23,0.018,0.2,5,YES,FIIN,0.0007,TREE,CANOPYTREE,Ficus,insipida,TREE,,,2.445,27.3,129.3714608,211.0202654,18.89906772
PNM,FIIN,UNDERSTORY,,,Ficus,insipida,60.7,165.7,0.13,290.1,2170.3,3173.3,0.29,0,0.17,,,,,,,,,,,,,,,,,,,,,,,,,,,,,,,,,,,,,,,,,,,,,,,,YES,FIIN,0.0007,TREE,CANOPYTREE,Ficus,insipida,TREE,,,,,,,
FTS,FINY,CANOPY,233.5,16,Ficus,nymphiifolia,116.25,144.5,0.2475,523.875,5594.55,4924.75,3.95,0,1.41,73.08,87.57,1.206,7.195,105.475,0.174,43.21,1.55,0.09748,1.05,1918,0.2362,18.11,Moraceae,MAR,106.323181,103.8182423,3.37,0.722,10.281,61.88,111.666667,-30.42,44.12,0.63,1.56,0.2025,Jan,36957,18.675,19.7,0.263,0.00602,0.136,0.0742,0.004,0.0811,265,0.021724138,0.310344828,29,0.031818182,0.318181818,22,,,,YES,FINY,,MIDSTORY,,Ficus,nymphaeifoli,TREE,,,0.2025,18.675,94.05286701,198.5585405,2.153044415
FTS,FIPA,CANOPY,245,69,Ficus,paraensis,53,114.3,0.2,438.9,4014.7,6392.9,3.44,8.85,2.06,50.75,68.67,1.067,4.006,41.413,0.279,41.9,1.977,0.1324,1.324,392.3,0.1996,13.22,Moraceae,OCT,91.51877364,110.2973746,6.52,1.903,77.589,55.66,79.166667,-30.01,44.53,0.915,2.17,0.679,Oct,37194,24.6,26.3,1.24,0.46,0.606,0.0704,0.0119,6.53,380,0.001206897,0.017241379,58,0.002075472,0.075471698,53,0.001538462,0.076923077,13,YES,FIPA,,HEMIEPIPHYTE,,Ficus,paraensis,HEMIEPIPHYTE,,,0.679,24.6,109.2671984,225.1361831,6.21412473
PNM,FISB,CANOPY,43,10,Fisheria,blepharopeta,,,,,,,,,,,,,,,,,,,,,,,Asclepiadace,,,,,,,,,,,,,,,,,,,,,,,,,,,,,,,,,,YES,FISB,,VINE,,Fischeria,blepharopeta,VINE,,,,,,,
FTS,FORM,CANOPY,218,41,Forsteronia,myriantha,,,,,,,,,,53.94,59.51,0.6611,19.24,62.375,0.203,102.2,2.046,0.1139,1.321,1944,0.4494,16.1,Apocynaceae,SEP,109.1106708,108.7289094,3.1,0.834,10.281,56.87,12.222222,-30.66,46.45,3.1,2.25,1.405,Sep,36787,13.825,16.2,0.206,1.47,0.11,0.0744,0.00431,19.8,237,0.006363636,0.060606061,33,0.006060606,0.090909091,33,0.001818182,0.181818182,11,YES,FORM,,LIANA,,Forsteronia,myriantha,LIANA,,,1.405,13.825,91.65006436,150.8455024,15.33004925
PNM,FORS,CANOPY,107,110,Forsteronia,spicata,,,,,,,,,,53.421,54.78,0.99734,10.87,50.088,0.3762,63.791,2.862,0.16439,2.4739,71.6,0.33052,16.483,Apocynaceae,AUG,125.6437546,98.79399925,2.72,0.711,6.511,37.43,23.055556,,,,,-2.64,Ago,36763,17.5,17.5,0.317,-2.47,0.158,0.0717,0.00647,-34.5,190,0.08525,0.65,40,0.150769231,0.769230769,13,,,,YES,FORS,,LIANA,,Forsteronia,spicata,LIANA,-1.494444444,,1.494444444,17.5,79.590108,219.8765706,18.77676111
FTS,FORV,CANOPY,305,39,Forsteronia,viridescens,32,84.3,0.32,426.7,3057.9,3042.2,3.91,11.51,3.61,38.86,29.1,0.5553,6.431,35.588,0.188,667.4,1.551,0.0798,0.9213,1889,0.2773,7.707,Apocynaceae,MAY,74.46374252,69.37264655,6.47,0.73,46.505,61.22,110.277778,-29.9,47.72,2.16,1.92,1.19,May,37013,11.64166667,13.7,0.452,1.12,0.333,0.0659,0.00997,17,225,0.006538462,0.115384615,26,0.023076923,0.269230769,26,0.051538462,0.615384615,13,YES,FORV,0.0015,LIANA,,Forsteronia,viridescens,LIANA,,,1.19,11.64166667,134.2935456,86.68820691,8.86118536
FTS,GARM,CANOPY,443,51,Garcinia,madruno,,,,,,,,,,,,,,,,,,,,,,,Clusiaceae,,,,,,,,,,,,,,,,,,,,,,,,,0.011428571,0.428571429,7,0.021666667,0.666666667,6,0.106,0.8,5,YES,GARM,3.0626,TREE,,Garcinia,madruno,TREE,,,,,,,
FTS,GARM,UNDERSTORY,572,1,Garcinia,madruno,,,,,,,,,,,,,,,,,,,,,,,,,,,,,,,,,,,,,,,,,,,,,,,,0.074,0.3,10,0.075,0.4,10,0.075,0.4,10,YES,GARM,3.0626,TREE,,Garcinia,madruno,TREE,,,,,,,
PNM,GOUL,CANOPY,92,119,Gouania,lupuloides,62,80.3,0.19,359.6,1494.3,2237.6,,,,82.775,71.74,1.19667,9.881,102.5,0.1958,43.608,3.396,0.17882,2.2275,42.73,0.29595,20.2778,Rhamnaceae,SEP,253.8095238,270.1239596,1.59,0.183,0,24.37,6.944444,-29.35,42.86,3.54,3.98,0.484645,Ago,36766,9.495,10.4,0.0974,0.536,0.0594,0.0588,0.0026,9.12,187,0.142,0.763636364,55,0.01,1,4,,,,YES,GOUL,,LIANA,,Gouania,lupuloides,LIANA,,,0.484645,9.495,39.39962477,240.9921429,12.30075167
FTS,GUA?,CANOPY,304,200,Guarea,kunthiana,64.3,115.3,0.29,389.1,4195.6,5735.9,3.37,10.03,2.22,39.818,20.19,0.53223,13.33,43.438,0.1925,41.849,2.273,0.19458,1.09472,1183,0.2564,24.5814,Meliaceae,OCT,99.76420005,109.4779388,2.77,0.873,10.839,49.48,66.944444,-29.7,49.565,2.52,2.395,1.045,Oct,37194,15.05,17.7,0.325,1.22,0.147,0.0673,0.00532,18.2,281,0.064736842,0.631578947,57,0.093529412,0.784313725,51,0.123888889,0.833333333,18,YES,GUAK,,TREE,,Guarea,kunthiana,TREE,,,1.045,15.05,100.2363573,150.1451211,10.4253589
FTS,GUAA,CANOPY,272,199,Guatteria,amplifolia,48.25,108,0.20375,317.55,2881.85,,2.55,0,2.43,,,,,,,,,,,,,,Annonaceae,,,,,,,,,,,,,,,,,,,,,,,,,0.032040816,0.653061224,49,0.112325581,0.88372093,43,0.175555556,1,18,YES,GUAA,0.0733,MIDSTORY,,Guatteria,amplifolia,TREE,-1.07,5.58,1.07,5.58,,,
FTS,GUAD,CANOPY,211.5,118,Guatteria,dumetorum,35.5,92,0.2,1012.425,2005.975,,3.8,2.18,2,40.559,68.83,0.54455,9.584,57.088,0.2497,23.977,2.095,0.10961,0.68266,556.2,0.14905,12.9638,Annonaceae,SEP,127.4428699,136.2104601,3.29,0.829,6.646,51.85,56.666667,-30.52,46.1,2.09,2.27,0.514,Sep,37162,17.5,19.6,0.347,0.572,0.155,0.0729,0.00548,7.85,277,0.076960784,0.725490196,102,0.091369863,0.753424658,73,0.05,0.833333333,6,YES,GUAD,0.04,TREE,CANOPYTREE,Guatteria,dumetorum,TREE,,,0.514,17.5,78.46653177,223.0250223,6.550563513
FTS,GUAD,UNDERSTORY,639,219,Guatteria,dumetorum,48.75,131.25,0.15375,1084.675,4072.975,5795.466667,,,,69.75,28.96,0.791,8.311,68.913,0.226,23.9,2.069,0.1312,1.439,528.5,0.2081,15.59,Annonaceae,AUG,290.2665374,259.3132863,2.29,0.397,3.005,50.46,40,,,,,0.4685,Sep,36777,3.985,4.75,0.0942,0.496,0.0563,0.0425,0.00399,11.7,123,0.003986486,0.081081081,148,0.005539568,0.100719424,139,0.008536585,0.130081301,123,YES,GUAD,0.04,TREE,CANOPYTREE,Guatteria,dumetorum,TREE,,,0.4685,3.985,34.45109481,115.6712152,13.59898728
PNM,GUAU,CANOPY,201,164,Guazuma,ulmifolia,,,,,,,,,,131.236,61.05,1.96055,10.11,101.85,0.5929,61.904,2.292,0.15163,1.1594,47.2,0.26329,20.3202,Sterculiacea,SEP,127.7546628,175.731909,4.24,0.363,8.415,41.8,13.888889,,,,,1.055,Sep,36766,19.375,21.6,1.08,0.487,0.418,0.0523,0.00896,9.31,422,0.0748,0.68,100,0.087285714,0.842857143,70,0.025,1,2,YES,GUAU,0.0013,MIDSTORY,CANOPYTREE,Guazuma,ulmifolia,TREE,,,1.055,19.375,78.27502948,247.5246593,13.47811693
PNM,GUAU,UNDERSTORY,,,Guazuma,ulmifolia,61,132.3,0.28,280.3,2151.3,1917.9,0.98,0,0.26,,,,,,,,,,,,,,,,,,,,,,,,,,,,,,,,,,,,,,,,,,,,,,,,YES,GUAU,0.0013,MIDSTORY,CANOPYTREE,Guazuma,ulmifolia,TREE,,,,,,,
FTS,HAVF,CANOPY,552.5,82,Havetiopsis,flexilis,35.75,65,0.455,563.2,3216.225,,3.9,4.72,3.52,49.715,29.89,1.03474,2.358,38.063,0.1573,17.85,0.774,0.05365,0.14817,191.6,0.20159,10.4357,Clusiaceae,SEP,57.61182318,60.0114826,10.43,1.099,6.197,34.11,,-26.9,47.16,-0.86,0.84,0.9795,Sep,36773,14.975,16.8,0.231,1.08,0.123,0.0706,0.00409,15.3,254,0.007540984,0.147540984,61,0.035263158,0.263157895,57,0.04,0.425,40,YES,HAVF,0.0016,HEMIEPIPHYTE,,Clusia,flavida,HEMIEPIPHYTE,,,0.9795,14.975,173.5754824,86.27370521,5.64307808
FTS,HEIS,CANOPY,335,60,Heisteria,scandens,61.25,105,0.17,375.15,5754.675,4574.525,3.96,11.25,3.78,73.9,70.97,0.7622,8.172,54.6,0.2,800.8,1.863,0.09943,0.7214,212.6,0.3398,10.85,Olacaceae,SEP,129.5667019,146.0168144,11.57,0.572,44.963,27.38,30,-31.26,47.93,0.79,2.05,0.8235,Oct,36787,7.6175,8.72,0.15,0.851,0.104,0.069,0.00602,12.3,139,0.014385965,0.087719298,57,0.026976744,0.093023256,43,0.001111111,0.037037037,27,YES,HEIS,0.074,LIANA,,Heisteria,scandens,LIANA,,,0.8235,7.6175,77.18032375,98.69743517,10.6698179
FTS,HEIS,UNDERSTORY,968,50,Heisteria,scandens,,,,,,,,,,104.586,39.21,0.57359,8.06,82.338,0.2013,233.306,1.777,0.09311,0.9889,785.4,0.17447,15.105,Olacaceae,SEP,287.348525,316.7018602,6.71,0.583,0,29.49,70.555556,,,,,0.631,Sep,36777,2.546666667,3.35,0.106,0.657,0.0698,0.0495,0.00915,13.3,81,0.001346154,0.019230769,52,0.0022,0.04,50,0.000227273,0.022727273,44,YES,HEIS,0.074,LIANA,,Heisteria,scandens,LIANA,,,0.631,2.546666667,34.80094425,73.17809103,18.13169193
FTS,HIPV,CANOPY,491,30,,,,,,,,,,,,,,,,,,,,,,,,,Hippocrateac,,,,,,,,,,,,,,,,,,,,,,,,,0.015789474,0.368421053,38,0.037575758,0.454545455,33,0.04030303,0.636363636,33,YES,HIPV,0.0153,LIANA,,Hippocratea,volubilis,LIANA,,,,,,,
FTS,HIRQ,CANOPY,146,55,Hiraea,quapara,66.3,94,0.31,253.2,3144.3,3450.8,1.96,0,0.67,,,,,,,,,,,,,,Malpighiacea,,,,,,,,,,,,,,,,,,,,,,,,,0.02137931,0.482758621,29,0.038125,0.8125,16,,,,YES,HIRQ,,LIANA,,Hiraea,smilacina,LIANA,,7.185882353,,7.185882353,,,
FTS,HUMD,CANOPY,400,103,Humiriestrum,diguense,33.75,56.75,0.30375,468.5,3701.475,,4.02,2.34,6.2,,,,,,,,,,,,,,Humiriaceae,,,,,,,,,,,,,,,,,,,,,,,,,0.0114,0.42,50,0.077555556,0.488888889,45,0.064117647,0.529411765,34,YES,HUMD,0.2752,TREE,,Humiriastrum,diguense,TREE,-2.763333333,8.801666667,2.763333333,8.801666667,,,
FTS,INCO,CANOPY,219.5,16,Inga,cocleensis,35.5,96.75,0.205,621.5,4117.3,3860.625,4.18,1.79,2.16,,,,,,,,,,,,,,Fabaceae:Mim,,,,,,,,,,,,,,,,,,,,,,,,,0.006,0.5,10,0.028333333,0.833333333,6,0.045,1,4,YES,INAC,,UNDERSTORY,,Inga,cocleensis,TREELET,,,,,,,
FTS,INGO,CANOPY,402,73,Inga,goldmanii,72,121.7,0.23,551.2,3975.9,3888.3,3.93,10.79,2.99,,,,,,,,,,,,,,Fabaceae-Mim,,,,,,,,,,,,,,,,,,,,,,,,,0.153809524,1,21,0.156315789,1,19,0.095,1,12,YES,INGO,,MIDSTORY,CANOPYTREE,Inga,goldmanii,TREE,,,,,,,
FTS,INM2,CANOPY,339,22,Inga,multijuga,,,,,,,,,,,,,,,,,,,,,,,Fabaceae-Mim,,,,,,,,,,,,,,,,,,,,,,,,,0.011,0.6,10,0.077777778,0.666666667,9,0.014285714,0.714285714,7,YES,INM2,0.3872,TREE,,Inga,multijuga,TREE,,6.167222222,,6.167222222,,,
FTS,INM2,UNDERSTORY,588,32,Inga,multijuga,,,,,,,,,,,,,,,,,,,,,,,,,,,,,,,,,,,,,,,,,,,,,,,,0.015806452,0.419354839,31,0.022962963,0.518518519,27,0.045454545,0.636363636,22,YES,INM2,0.3872,TREE,,Inga,multijuga,TREE,,5.71,,5.71,,,
FTS,INPE,CANOPY,222,128,Inga,pezizifera,46.7,110,0.14,471.9,3740,4086.3,3.83,0,1.48,,,,,,,,,,,,,,Fabaceae-Mim,,,,,,,,,,,,,,,,,,,,,,,,,0.0309375,0.75,32,0.046818182,0.909090909,22,0.085714286,0.857142857,7,YES,INPE,,TREE,CANOPYTREE,Inga,pezizifera,TREE,,,,,,,
PNM,JACP,CANOPY,81,14,Jacquemontia,perryana,69.3,88.7,0.29,248.6,1064.9,1603,0.62,0,0.47,,,,,,,,,,,,,,Convolvulace,,,,,,,,,,,,,,,,,,,,,,,,,0.002857143,0.142857143,7,,,,,,,YES,JACP,,VINE,,Odonellia,hirtiflora,VINE,,,,,,,
FTS,LACP,CANOPY,572,62,Lacmella,panamensis,30.5,82.25,0.31875,717.425,1600.95,,4.16,5.93,2.52,29.615,20.76,0.36081,4.744,58.563,0.2255,74.603,1.152,0.06384,0.34947,826.3,0.11865,7.5228,Apocynaceae,MAY,113.9312682,125.4043606,11.29,1.13,10.03,,29.166667,,,,,0.841,May,37055,10.3825,11.5,0.133,0.863,0.0851,0.0677,0.00355,12.7,183,0.020416667,0.25,24,0.028125,0.6875,16,0.033684211,0.842105263,19,YES,LACP,0.2209,TREE,MIDSTORY,Lacmellea,panamensis,TREE,,,0.841,10.3825,87.77221708,118.2891392,9.581619652
FTS,LACP,UNDERSTORY,,,Lacmella,panamensis,30.7,91.3,0.2,340.2,1326.6,2007.9,0.66,0,0.25,,,,,,,,,,,,,,,,,,,,,,,,,,,,,,,,,,,,,,,,,,,,,,,,YES,LACP,0.2209,TREE,MIDSTORY,Lacmellea,panamensis,TREE,,,,,,,
FTS,LICH,CANOPY,211,47,Licania,hypoleuca,43,69,0.16,631.15,4318.3,5281.825,3.47,0.83,1.9,,,,,,,,,,,,,,Chrysobalana,,,,,,,,,,,,,,,,,,,,,,,,,0.057916667,0.5,24,0.062777778,0.555555556,18,0,0,1,YES,LICH,0.0847,MIDSTORY,MIDSTORY,Licania,hypoleuca,TREE,,,,,,,
FTS,LICH,UNDERSTORY,1368,88,Licania,hypoleuca,,,,,,,,,,53.203,23.31,0.33844,6.726,56.05,0.1826,327.222,1.801,0.05751,0.83633,1234,0.19131,7.8864,Chrysobalana,SEP,210.0271116,256.042964,2.71,0.497,0.939,72.05,40.555556,,,,,0.12225,Sep,36832,4.386666667,4.68,0.162,0.173,0.119,0.0871,0.0176,1.99,55.7,0.018625,0.1875,80,0.031,0.2625,80,0.056075949,0.35443038,79,YES,LICH,0.0847,MIDSTORY,MIDSTORY,Licania,hypoleuca,TREE,,,0.12225,4.386666667,47.61290066,92.13189294,2.567581439
FTS,LONL,CANOPY,285,33,Lonchocarpus,longifolium,48.25,102,0.24,515.625,3923.75,5077.25,4.32,2.65,1.76,92.388,41.79,1.1978,3.712,77.425,0.1551,336.338,2.104,0.07998,0.53955,455.8,0.13741,11.978,Fabaceae-Pap,SEP,69.70933298,79.37248752,6.52,0.672,9.286,45.6,87.777778,-28.76,46.95,0.21,2.39,0.519,Sep,37173,17.45,19,0.156,0.453,0.0757,0.0631,0.00204,7.19,308,0.008888889,0.407407407,27,0.047407407,0.555555556,27,0.1225,0.583333333,12,YES,LONL,0.0713,TREE,CANOPYTREE,Lonchocarpus,heptaphyllus,TREE,,,0.519,17.45,143.4528143,121.6427861,3.617914382
PNM,LUE1,CANOPY,186,5098,Luehea,seemannii,59.75,115.75,0.2275,680.725,2908.95,3354.125,3.85,0,1.13,72.801,34.55,1.31984,9.791,58,0.308,140.768,1.763,0.1544,1.012,46.33,0.12712,18.8786,Tiliaceae,SEP,95.65074329,101.188022,5.16,0.656,11.044,60.61,58.611111,-29.25,44.71,1.16,1.99,3.585,Sep,37170,15.45833333,20.1,0.426,3.57,0.2,0.0654,0.0053,54.6,363,,,,,,,,,,YES,LUE1,0.0011,TREE,CANOPYTREE,Luehea,seemannii,TREE,,,3.585,15.45833333,104.5470182,147.8601073,34.29079147
PNM,LUE1,UNDERSTORY,180,995,Luehea,seemannii,130.8,175.8,0.13,301.4,3282.3,2985.2,2.96,0,0.6,71.024,38.71,0.74399,16.81,82.363,0.2684,52.025,2.257,0.22478,1.6918,65.97,0.16668,26.0866,Tilliaceae,sep,235.9264255,393.3870841,3.33,0.486,9.631,62.96,16.666667,-33.825,43.875,1.57,2.32,0.1118,Ago,36780,3.765,4.61,0.151,0.00904,0.093,0.0572,0.00825,0.158,80.7,,,,,,,,,,YES,LUE1,0.0011,TREE,CANOPYTREE,Luehea,seemannii,TREE,,,0.1118,3.765,42.38609549,88.8262992,2.637657437
PNM,MACR,CANOPY,180,23,Machaerium,riparium,,,,,,,,,,151.1,38.06,1.13,11.25,106.913,0.456,48.02,4.442,0.2687,0.6818,186.5,0.2699,32.28,Fabaceae-Pap,SEP,224.1964497,247.8643932,1,0.485,0,35.87,29.444444,-30.73,47.95,3.6,4.74,1.0315,Sep,36766,12.45,14.2,0.11,1.02,0.0607,0.0658,0.00233,15.5,231,0.035384615,0.128205128,39,0.0288,0.24,25,,,,YES,MACR,,LIANA,,Machaerium,riparium,LIANA,,,1.0315,12.45,44.60373932,279.1245799,23.12586379
FTS,MANB,CANOPY,427,138,Manilkara,bidentata,56,100.5,0.3875,1060.05,3373.7,,3.94,8.65,3.51,39.447,23.8,0.54364,5.448,38.15,0.2035,10.282,1.307,0.07073,0.56111,2578,0.24589,7.1423,Sapotaceae,SEP,56.3680725,67.0559825,2.88,0.933,8.848,63.3,211.666667,-26.99,50.34,0.52,1.45,0.7075,Sep,37162,14.175,15.9,0.161,0.78,0.0799,0.0618,0.00264,12.6,270,0.014,0.109090909,55,0.011346154,0.230769231,52,0.028222222,0.444444444,45,YES,MANB,0.4744,TREE,,Manilkara,bidentata,TREE,,,0.7075,14.175,177.405392,79.90174277,3.988041129
FTS,MANB,UNDERSTORY,1855,25,Manilkara,bidentata,49.5,127.5,0.2275,698,1959.725,,,,,105.599,20.21,0.70941,4.881,55.388,0.2266,15.2,0.97,0.05162,0.99132,2818,0.22589,7.0819,Sapotaceae,AUG,90.38641876,157.6551669,2.86,0.636,8.51,57.19,205.555556,,,,,-0.10305,Sep,36992,4.230833333,4.05,0.181,-0.132,0.136,0.0546,0.00976,-2.41,71.8,0.01375,0.075,40,0.006666667,0.128205128,39,0.032285714,0.228571429,35,YES,MANB,0.4744,TREE,,Manilkara,bidentata,TREE,,3.16,-0.10305,4.230833333,110.6360904,38.24098733,-0.931432045
FTS,MANK,CANOPY,295,66,Mansoa,kerekere,57.3,98.7,0.25,266.1,2486.6,2756.2,0.65,0,0.15,,,,,,,,,,,,,,,,,,,,,,,,,,,,,,,,,,,,,,,0.116944444,0.722222222,36,0.181142857,0.857142857,35,0.279333333,1,15,YES,MANK,,,,,,,,,,,,,
FTS,MANK,UNDERSTORY,134.5,24,Mansoa,kerekere,,,,,,,,,,,,,,,,,,,,,,,,,,,,,,,,,,,,,,,,,,,,,,,,0,0,26,0.002105263,0.052631579,19,0,0,5,YES,MANK,,,,,,,,,,,,,
FTS,MAR1,CANOPY,615,17,Marcgravia,nepenthoides,46.7,90.3,0.51,608.1,5313.8,5043.5,3.74,3.48,2.24,,,,,,,,,,,,,,Marcgraviace,,,,,,,,,,,,,,,,,,,,,,,,,0.004285714,0.095238095,21,0.004444444,0.111111111,18,0.031764706,0.294117647,17,YES,MAR1,,HEMIEPIPHYTE,,Marcgravia,nepenthoides,HEMIEPIPHYTE,,,,,,,
FTS,MAR3,CANOPY,473,64,Maranthes,panamensis,46.5,104.25,0.2875,803.975,5128.5,6242.775,1.68,0,0.44,,,,,,,,,,,,,,Chrysobalana,,,,,,,,,,,,,,,,,,,,,,,,,0.04974359,0.666666667,39,0.073125,0.71875,32,0.09,0.875,24,YES,MAR3,,TREE,,Maranthes,panamensis,TREE,-1.571111111,9.1275,1.571111111,9.1275,,,
FTS,MARL,CANOPY,424,35,Marila,laxiflora,68.75,129.5,0.19375,699.6,6578,5673.55,3.34,9.73,4.21,78.011,45.44,0.66591,6.286,84.25,0.1485,516.538,1.499,0.08429,0.71192,107.7,0.43776,18.762,Clusiaceae,AUG,104.5036765,110.1762028,2.75,0.666,0.411,53.25,136.388889,-28.3,49.44,2.39,1.76,0.23595,Aug,36754,11.1,12,0.216,0.291,0.124,0.0669,0.00606,4.35,184,0.039705882,0.323529412,34,0.033928571,0.321428571,28,0.056666667,0.592592593,27,YES,MARL,0.012,MIDSTORY,MIDSTORY,Marila,laxiflora,TREE,,,0.23595,11.1,95.69041337,115.9990809,2.465764246
FTS,MARL,UNDERSTORY,870.5,130,Marila,laxiflora,65,164.25,0.13125,552.3,3978.125,4640.866667,2.45,1.46,1.96,142,27.92,0.5645,5.278,94.1,0.193,358.5,1.585,0.1132,1.263,422.8,0.4458,26.51,Guttiferae,SEP,285.4741171,389.5633607,2.13,0.36,8.896,47.62,36.111111,-34.98,42.52,-0.45,1.62,0.555,Sep,36777,3.245,3.97,0.136,0.6,0.0983,0.0485,0.00777,12.4,94.1,0.028275862,0.284482759,116,0.033090909,0.345454545,110,0.052621359,0.398058252,103,YES,MARL,0.012,MIDSTORY,MIDSTORY,Marila,laxiflora,TREE,,,0.555,3.245,35.02944541,92.63635099,15.8438135
FTS,MARP,CANOPY,356.5,62,Maripa,panamensis,58.3,107.3,0.35,653.5,3947.2,5505.1,3.98,2.02,3.17,66.152,26.63,0.60026,16.25,41.125,0.187,198.962,1.422,0.09898,1.3783,230.1,0.27007,14.469,Convolvulace,OCT,106.9717521,124.945419,2.45,0.523,0,63.08,132.5,-30.33,45.75,1.17,2.11,1.2145,Oct,37194,16.4925,18.5,0.582,1.11,0.307,0.0665,0.00847,16.6,294,0.011724138,0.344827586,29,0.013703704,0.518518519,27,0.012727273,0.636363636,11,YES,MARP,0.249,LIANA,,Maripa,panamensis,LIANA,,,1.2145,16.4925,93.48262327,176.4231621,12.99171929
FTS,MASH,CANOPY,224.5,84,Mascagnia,hippocrateoi,48.3,68.7,0.32,306.2,2576.3,3513.7,0.56,0,0.79,,,,,,,,,,,,,,Malpighiacea,,,,,,,,,,,,,,,,,,,,,,,,,0.017826087,0.304347826,46,0.012325581,0.441860465,43,0.020555556,0.5,18,YES,MASH,,LIANA,,Mascagnia,hiraea,LIANA,,,,,,,
FTS,MICB,CANOPY,189,74,Miconia,borealis,46.3,107.7,0.18,265.7,1778.7,1829.3,3.73,26.43,13.62,2112.42,47.83,0.25561,4.595,66.288,0.275,42.972,2.225,0.10103,0.61237,199.6,0.55268,14.1404,Melastomatac,SEP,110.2901854,119.6390729,3.29,1.126,7.148,52.01,12.5,-28.55,47.5,3.44,2.34,1.29,Sep,36773,12.31,14.3,1.3,1.03,1.01,0.0588,0.0253,17.6,260,0.010232558,0.581395349,43,0.0328125,0.78125,32,,,,YES,MICB,,SHRUB,,Miconia,minutiflora,TREELET,,,1.29,12.31,90.6698993,135.7672182,14.22743391
PNM,MIKL,CANOPY,213,74,Mikania,leiostachya,96.5,148,0.37,935,2513.9,3365.3,1.44,0,0.57,127.889,58.99,1.51743,25.165,177.9375,0.39915,29.1575,1.8825,0.132725,2.19205,74.85,0.45921,43.9565,Asteraceae,SEP,131.6252343,126.8645936,2.58,0.631,0,64.78,111.944444,,,,,0.212,Sep,37220,14.6,15.9,0.367,0.0682,0.293,0.0776,0.00808,0.878,205,0.032765957,0.361702128,47,0.062307692,0.487179487,39,0.01625,0.625,8,YES,MIKL,,VINE,,Mikania,leiostachya,VINE,,,0.212,14.6,75.97327405,192.1728421,2.790454968
PNM,MIKL,UNDERSTORY,256.5,30,Mikania,leiostachya,66,87,0.29,407.3,1893.4,2988,1.75,0,0.41,,,,,,,,,,,,,,,,,,,,,,,,,,,,,,,,,,,,,,,0.000294118,0.029411765,34,0,0,24,0.014375,0.1875,16,YES,MIKL,,VINE,,Mikania,leiostachya,VINE,-0.300666667,2.712,0.300666667,2.712,,,
FTS,NECP,CANOPY,462,77,Nectandra,umbrosa,57,130,0.26,854.5,3807.7,5743.625,3.51,11.93,4.64,169.822,30.92,1.06152,3.416,88.688,0.143,67.872,1.342,0.06792,0.5346,575.6,0.11206,13.038,Lauraceae,SEP,71.95198836,79.90104056,2.25,0.8,6.873,36.42,115.833333,-30.13,49.01,-0.37,1.42,1.03,Sep,36773,9.7425,11.6,0.299,1.13,0.178,0.0659,0.00858,17.1,192,0.026,0.3,50,0.055531915,0.382978723,47,0.088285714,0.6,35,YES,NECP,0.2963,MIDSTORY,MIDSTORY,Nectandra,purpurea,TREE,,,1.03,9.7425,138.9815657,70.09922466,7.411054801
FTS,OCOI,CANOPY,429,96,Ocotea,ira,135.25,192.5,0.3,454.425,4533.15,5268.325,3.74,4.68,2.23,309.7,26.46,0.6264,8.092,69.988,0.223,26.64,1.629,0.07716,0.606,2297,0.3056,9.363,Lauraceae,MAY,73.80306997,77.96709861,5.73,0.738,17.761,58.81,103.888889,-32.79,48.46,-0.4,1.67,0.705,ANY,37055,14.175,15.9,0.391,0.786,0.216,0.0731,0.00815,10.8,228,0.030571429,0.285714286,70,0.023220339,0.271186441,59,0.022790698,0.302325581,43,YES,OCOI,0.6668,MIDSTORY,,Ocotea,insularis,TREE,,,0.705,14.175,135.4957186,104.6158517,5.203116433
FTS,OCOI,UNDERSTORY,1128,5,Ocotea,ira,,,,,,,,,,112.924,14.25,0.28973,10.62,48.888,0.2442,29.436,1.305,0.10188,1.4014,3778,0.20069,14.522,Lauraceae,AUG,146.4500942,207.9669413,2.83,0.451,6.197,59.07,91.111111,,,,,0.789,Sep,36777,7.293333333,8.69,0.177,0.761,0.0894,0.0616,0.00547,12.3,153,0.003333333,0.142857143,21,0.004285714,0.19047619,21,0.007368421,0.315789474,19,YES,OCOI,0.6668,MIDSTORY,,Ocotea,insularis,TREE,,,0.789,7.293333333,68.28264643,106.8109353,11.55491243
FTS,ODOP,CANOPY,259,20,Odontadenia,ponticulosa,70.7,105.7,0.32,471.4,4698,6104.2,2.99,1.44,1,63.74,66.67,0.7204,7.808,81.388,0.133,801.3,1.75,0.08671,1.086,180.2,0.2036,9.576,Apocynaceae,OCT,121.1701584,123.6251678,3.36,0.783,8.993,53.96,50,-30.26,47.6,2.41,1.99,1.1445,Oct,37194,13.625,15.6,0.107,1.19,0.0562,0.0652,0.00193,18.2,258,0,0,15,0.001428571,0.142857143,14,0,0,3,YES,ODOP,0.0156,LIANA,,Odontadenia,puncticulosa,LIANA,,,1.1445,13.625,82.52857083,165.0943408,13.86792463
FTS,OMPD,CANOPY,335,42,Omphalea,diandra,88,116.3,0.39,281.5,2244.2,3461.7,1.98,0.83,0.77,76.278,32.37,0.88569,5.034,64.425,0.4796,251.856,2.036,0.13542,1.4069,222.9,0.36081,15.423,Euphorbiacea,AUG,108.0054018,141.2307836,2.77,0.412,2.887,46.97,176.111111,-29.48,45.18,3.8,2.19,1.0155,Sep,36754,15.525,17.6,0.0992,1.04,0.0477,0.0608,0.00137,17.1,307,0.04173913,0.47826087,46,0.060294118,0.588235294,34,0.072,0.666666667,30,YES,OMPD,7.1915,LIANA,,Omphalea,diandra,LIANA,,,1.0155,15.525,92.58796169,167.6783862,10.96794855
PNM,PACK,CANOPY,372,6,Pachyptera,kerere,57.3,98.7,0.25,266.1,2486.6,2756.2,0.65,0,0.15,57.835,29.36,0.8023,11.77,101.9,0.1551,14.745,3.511,0.1473,0.72666,118.4,0.15447,15.3594,Bignoniaceae,SEP,135.0043643,148.8447656,1.93,0.396,0,55.9,76.944444,-29.71,45.16,1.49,4.04,0.2824,Sep,37220,14.95,16.8,1.15,0.406,0.592,0.0751,0.0241,5.41,229,0,0,11,0.001111111,0.111111111,9,0.025555556,0.333333333,9,YES,PACK,,LIANA,,Mansoa,kerere,LIANA,,,0.2824,14.95,74.07167949,201.8315246,3.812523247
PNM,PASV,CANOPY,61,25,Passiflora,vitifolia,141.3,139.3,0.17,195,1109.5,1673.8,2.62,2.38,1.29,77.074,35.21,1.10695,7.683,83.863,0.3542,53.445,3.416,0.19514,2.5465,117.6,0.3442,99.8838,Passiflorace,SEP,206.5374823,227.3994664,2.78,0.592,5.319,40.01,19.166667,-30.225,44.275,2.57,3.7,1.1785,Sep,36782,6.305,7.69,0.164,1.17,0.136,0.0709,0.00734,16.5,125,0.02047619,0.19047619,21,0.031666667,0.277777778,18,,,,YES,PASV,0.0107,VINE,,Passiflora,vitifolia,VINE,,,1.1785,6.305,48.41736177,130.2218826,24.34044229
FTS,PAUF,CANOPY,599,70,Paullinia,fibrigera,65.7,142.3,0.22,319.7,2832.4,3754.3,4.15,0,1.28,41.573,20.03,0.43923,17.23,45.9,0.3179,230.55,1.887,0.14086,0.78221,193.6,0.29968,28.3126,Sapindaceae,AUG,177.2106667,205.0611042,11.32,0.716,0,64.69,109.722222,-33.09,47.5,1.8,2.67,0.3395,Aug,36754,5.5475,6,0.169,0.431,0.127,0.06,0.00796,7.2,107,0.044736842,0.596491228,57,0.050377358,0.754716981,53,0.090606061,0.878787879,33,YES,PAUF,,LIANA,,Paullinia,fibrigera,LIANA,,,0.3395,5.5475,56.43001174,98.30761733,6.016302133
FTS,PERA,CANOPY,239,122,Pera,arborea,49.25,96.5,0.295,376.275,3230.6,2920.175,3.84,8.27,1.85,30.52,20.69,0.2709,4.032,50.788,0.22,32.96,2.143,0.1026,0.6936,2146,0.1284,9.355,Euphorbiacea,MAR,104.2205162,114.6056883,3.14,1.649,39.889,47.5,72.222222,-27.63,47.6,1.78,2.275,1.35,Jan,36957,13.4,15.8,0.187,1.44,0.0975,0.0715,0.00389,20.1,240,0.041851852,0.481481481,54,0.098823529,0.735294118,34,0.04,0.5,6,YES,PERA,,TREE,,Pera,arborea,TREE,,,1.35,13.4,95.95039788,139.6554917,14.06976969
FTS,PERX,CANOPY,421,12,Perebea,xanthochyma,80.75,162.5,0.30875,1095.075,4106.95,4463.366667,3.68,8.27,2.1,57.57,59.55,0.6819,9.091,36.138,0.222,965.3,1.582,0.09691,0.9657,105.9,0.186,13.93,Moraceae,OCT,93.8464221,111.4333353,5.61,0.794,25.538,58.64,107.222222,-29.54,43.74,2.98,1.64,0.5555,Oct,37194,10.5275,11.6,0.111,0.629,0.0654,0.059,0.00253,10.6,207,0.014,0.4,15,0.016428571,0.428571429,14,0.015555556,0.444444444,9,YES,PERX,0.0948,UNDERSTORY,MIDSTORY,Perebea,xanthochyma,TREELET,,,0.5555,10.5275,106.5570725,98.79682086,5.213168747
FTS,PERX,UNDERSTORY,626.5,128,Perebea,xanthochyma,104.25,286,0.18,837.2,2977.125,3855.4,,,,188.679,39.48,0.95191,10.02,96.688,0.2123,1534.88,1.775,0.10191,1.5862,435.2,0.1843,20.0658,Moraceae,SEP,271.9942657,323.29401,2.66,0.332,3.403,62.1,53.333333,-33.95,39.87,1.47,1.74,-0.260305,Sep,36819,6.795,7.08,0.161,-0.206,0.109,0.0807,0.00954,-2.55,85.1,0.039230769,0.213675214,117,0.042454545,0.254545455,110,0.070769231,0.362637363,91,YES,PERX,0.0948,UNDERSTORY,MIDSTORY,Perebea,xanthochyma,TREELET,,2.54,-0.260305,6.795,36.76548097,184.8201035,-7.080146733
PNM,PHI?,CANOPY,90.5,68,Philodendron,unidentified,220,285.3,0.27,150.7,1310.4,2112.9,1.29,0,0.18,64.463,27.43,1.08864,8.968,115.375,0.2178,35.393,2.806,0.25852,3.7807,92.2,0.25063,60.2716,Araceae,SEP,245.6556886,251.9749969,0.54,0.141,0,31.91,42,,,,,0.164,Sep,37166,11.0175,10.8,2.43,0.00712,1.28,0.0396,0.0375,0.18,272,0.016229508,0.131147541,61,0.062083333,0.708333333,24,,,,YES,PHI?,,,,,,,,,0.164,11.0175,40.70738217,270.6511549,4.028753293
PNM,PHI?,UNDERSTORY,150,9,Philodendron,unidentified,,,,,,,,,,316.645,89.32,2.75042,14.15,289.375,0.4433,76.288,2.664,0.21634,3.8522,718.8,0.34352,109.816,Araceae,sep,533.1162356,519.7538774,1.28,0.187,0,32.08,25.666667,,,,,0.056,Sep,36780,2.558333333,1.8,0.129,-0.0238,0.0932,0.0136,0.00471,-1.75,131,0,0,5,0.27,1,4,,,,YES,PHI?,,,,,,,,,0.056,2.558333333,18.75763545,136.3889036,2.985450919
PNM,PHOC,CANOPY,252,161,Nectandra,cuspidata,35.75,141,0.18125,1032.925,3057.575,4481.35,2.3,1.33,1.14,28.013,17.51,0.24295,11.4,40.238,0.1122,20.204,2.42,0.12632,0.56958,23.55,0.18464,21.0728,Lauraceae,SEP,111.3237756,113.6999365,5.24,1.088,10.534,50.43,44.722222,-31.1,50.36,0.77,2.64,0.848,Sep,37166,18.5,20.1,1.47,0.961,0.702,0.0727,0.0204,13.2,290,0.00725,0.175,40,0.013055556,0.277777778,36,0.00625,0.625,8,YES,NEC2,,MIDSTORY,,Nectandra,cuspidata,TREE,,,0.848,18.5,89.8280708,205.9489849,9.440256174
PNM,PHOM,CANOPY,404.5,144,Cinnamomum,triplinerve,50.25,133.25,0.23875,969.95,7427.925,8377.166667,3.04,0.71,0.92,,,,,,,,,,,,,,Lauraceae,,,,,,,,,,,,,,,,,,,,,,,,,0.025394737,0.473684211,76,0.076956522,0.695652174,69,0.127358491,0.811320755,53,YES,PHOM,,TREE,CANOPYTREE,Cinnamomum,triplinerve,TREE,-1.079,6.138333333,1.079,6.138333333,,,
FTS,PHRC,CANOPY,324,62,Phryganocydi,corymbosa,64.7,91.3,0.34,962.6,5177.2,6874.9,1.08,0,0.98,47.33,70.74,0.4894,15.9,37.1,0.258,85.13,1.46,0.08544,0.9217,484.7,0.2192,12.19,Bignoniaceae,OCT,99.37865761,111.89846,3.37,0.6,0,48.44,182.5,-28.9,46.82,1.73,2.25,1.39,Oct,37194,13.4,16.8,0.416,1.14,0.25,0.0451,0.00448,25.3,397,0.024666667,0.222222222,45,0.025142857,0.257142857,35,0.0672,0.56,25,YES,PHRC,0.0514,LIANA,,Phryganocydi,corymbosa,LIANA,,,1.39,13.4,100.6252272,133.1674012,13.81363341
PNM,PHRC,CANOPY,89,78,Phryganocydi,corymbosa,52,79,0.31,625.4,3534.2,6026.9,1.29,0,0.8,35.698,63.08,0.6363,19.55,60.675,0.4202,37.248,2.688,0.14896,2.0185,503.6,0.14995,36.8668,Bignoniaceae,SEP,158.1142339,181.6529246,2.92,0.666,3.889,43.6,25,-30.42,44.69,3.32,2.87,2.99,Sep,36791,10.8425,14.6,0.369,3.19,0.238,0.092,0.0114,34.7,193,0.020217391,0.195652174,46,0.043103448,0.448275862,29,0.0575,0.375,8,YES,PHRC,0.0514,LIANA,,Phryganocydi,corymbosa,LIANA,,,2.99,10.8425,63.24541284,171.4353581,47.27615594
PNM,PHRC,UNDERSTORY,183,54,Phryganocydi,corymbosa,,,,,,,,,,153.2,50.81,0.8348,14.2,180.75,0.328,24.97,2.175,0.1243,1.773,879.7,0.1506,20.81,Bignoniaceae,MAY,215.0726289,235.2258958,1.36,0.283,0,53.64,115,,,,,1.3525,?,37034,2.695,3.99,0.576,0.856,0.362,0.0247,0.0159,34.6,196,0.022564103,0.128205128,39,0.027692308,0.205128205,39,0.026842105,0.157894737,19,YES,PHRC,0.0514,LIANA,,Phryganocydi,corymbosa,LIANA,,,1.3525,2.695,46.49592118,57.96207348,29.08857306
FTS,PIP?,CANOPY,253.5,90,,,,,,,,,,,,78.09,23.58,0.54,15.49,95.9,0.457,341,4.302,0.1881,1.288,5218,0.2057,14.98,Piperaceae,AUG,196.8761553,239.3034735,1.75,0.389,0,29.43,51.944444,,,,,1.0415,Aug,36754,11.325,13.1,0.359,1.06,0.27,0.0758,0.00969,14,187,0.039423077,0.576923077,52,0.060227273,0.659090909,44,0.076842105,0.631578947,19,YES,PIP?,,LIANA,,,,LIANA,,,1.0415,11.325,50.79335274,222.9622458,20.50465157
PNM,PITC,CANOPY,253,33,Pithecocteni,crucigerum,,,,,,,,,,94.459,33.75,2.3504,10.19,82.338,0.6765,35.902,3.171,0.14319,1.4278,183.7,0.326,264.152,Bignoniaceae,AUG,147.1220764,183.491394,1.88,0.196,0,42.79,44.166667,,,,,1.065,Ago,36763,10.02,12,0.273,1.18,0.153,0.0613,0.00677,19.3,216,0.006666667,0.133333333,15,0.113333333,0.666666667,15,0,0,5,YES,PITC,,LIANA,,Pithecocteni,crucigerum,LIANA,,,1.065,10.02,67.97076443,147.4163206,15.66850114
FTS,PLEV,CANOPY,179,14,Pleonotoma,variabilis,76.3,108.7,0.27,417.7,4876,4523.9,1.07,0,1.56,65.4485,36.52,0.21377,10.4,66.563,0.1562,38.062,1.4765,0.06705,0.51062,454.85,0.09216,10.04795,Bignoniaceae,AUG,84.85876574,96.16366084,1.14,0.472,0,38.92,,,,,,0.8355,Aug,36754,12.1,13.9,0.204,0.956,0.105,0.0635,0.00429,15,234,0.018636364,0.227272727,22,0.067272727,0.727272727,22,0.128333333,1,6,YES,PLEV,0.0893,LIANA,,Pleonotoma,variabilis,LIANA,,,0.8355,12.1,117.8428641,102.6791065,7.089949877
FTS,PLEV,UNDERSTORY,316,24,Pleonotoma,variabilis,,,,,,,,,,,,,,,,,,,,,,,,,,,,,,,,,,,,,,,,,,,,,,,,0.024166667,0.583333333,12,0.02,0.571428571,7,0.022,0.6,5,YES,PLEV,0.0893,LIANA,,Pleonotoma,variabilis,LIANA,,1.444375,,1.444375,,,
FTS,POUA,CANOPY,285,113,Poulsenia,armata,152.666667,189,0.386667,859.9,5045.633333,3150.933333,2.34,0.74,0.88,64.03,80.83,1.686,7.684,48.838,0.277,36.72,1.899,0.1251,1.053,571.1,0.1577,18.12,Moraceae,MAY,74.88562597,83.12157648,3.16,0.366,1.556,50.8,171.388889,-26.785,40.64,1.725,2.08,1.78,ANY,37013,12.825,15.7,0.485,1.54,0.353,0.0589,0.00808,26.2,293,0.043723404,0.425531915,94,0.087901235,0.641975309,81,0.099285714,0.642857143,28,YES,POUA,0.0834,TREE,CANOPYTREE,Poulsenia,armata,TREE,,,1.78,12.825,133.5369755,96.0408153,13.32964142
FTS,POUA,UNDERSTORY,826,58,Poulsenia,armata,152.5,369.5,0.191667,717.3,3647.55,3188.075,0.2,0,0.05,246.122,53.54,2.07468,10.33,44.425,0.3916,31.821,1.38,0.14685,2.4233,433.4,0.14893,13.3984,Moraceae,SEP,209.0854908,256.58311,1.53,0.194,0,49.83,116.111111,,,,,0.7305,Sep,36832,6.543333333,7.81,0.35,0.684,0.19,0.0795,0.0201,8.6,107,0.008035714,0.125,56,0.01962963,0.185185185,54,0.020185185,0.203703704,54,YES,POUA,0.0834,TREE,CANOPYTREE,Poulsenia,armata,TREE,,,0.7305,6.543333333,47.82732634,136.8116061,15.2736951
FTS,POUB,CANOPY,254,57,Pouruma,bicolor,272,203,0.43,687.166667,4958.933333,3903.733333,2.95,0,0.68,55.63,32.13,0.6599,7.761,77.713,0.25,70.03,1.905,0.09035,0.5902,2091,0.2846,10.95,Cecropiaceae,MAY,81.88775724,86.7280105,3.14,0.438,10.281,66.98,172.777778,-30.565,44.625,2.545,2.115,0.9105,ANY,37013,22.46,25.3,0.152,0.967,0.0622,0.065,0.00138,14.9,405,0.008518519,0.277777778,54,0.019787234,0.468085106,47,0.021666667,0.333333333,12,YES,POUB,0.1237,TREE,,Pourouma,bicolor,TREE,,,0.9105,22.46,122.1183769,183.9199028,7.455880297
FTS,POUB,UNDERSTORY,393.5,78,Pouruma,bicolor,167,157,0.27,409.6,2359.7,4842,,,,700.434,31.86,0.58658,14.49,318.375,0.3443,72.43,1.932,0.08126,1.2155,1088,0.28792,18.9422,Cecropiaceae,SEP,314.4278997,337.7860853,2.66,0.271,5.233,69.36,52.333333,-37.26,42.89,2.7,2.03,0.16995,Sep,36787,5.12,5.26,0.125,0.0723,0.0912,0.0659,0.00677,1.1,80.9,0.021756757,0.351351351,74,0.04890625,0.453125,64,0.059622642,0.566037736,53,YES,POUB,0.1237,TREE,,Pourouma,bicolor,TREE,,,0.16995,5.12,31.80379352,160.9870846,5.343702155
FTS,POUU,CANOPY,498,206,Pouteria,unilocularis,36.25,87.75,0.1925,898.1,3176.775,3674.4,3.98,9.29,1.71,,,,,,,,,,,,,,Sapotaceae,,,,,,,,,,,,,,,,,,,,,,,,,0.007857143,0.428571429,14,0.045,0.5,14,0.00625,0.375,8,YES,POUU,0.431,TREE,CANOPYTREE,Pouteria,reticulata,TREE,-1.085111111,10.34,1.085111111,10.34,,,
FTS,PPA1,CANOPY,608,53,Piper,arboreum,86,144.7,0.31,387.1,1831.9,2497.4,2.35,0,0.65,77.51,21.16,0.5059,17.12,124.238,0.5313,362.732,3.154,0.12676,2.057,1359,0.19956,18.921,Piperaceae,AUG,154.1037838,195.364318,6.52,0.508,6.646,50.49,90.277778,-31.59,46.57,4.42,3.51,0.358,Aug,36754,14.35,15.6,0.281,0.503,0.153,0.0726,0.00582,6.93,222,0.024324324,0.135135135,37,0.026764706,0.147058824,34,0.017857143,0.178571429,28,YES,PPA1,,SHRUB,UNDERSTORY,Piper,arboreum,TREELET,,,0.358,14.35,64.89133332,221.1389297,5.516915459
PNM,PPRE,CANOPY,241,77,Piper,reticulatum,105.5,125.5,0.16,777.2,3645.8,5630.9,0.97,0,0.32,124.805,28.31,2.34023,12.01,82.888,0.231,15.041,2.647,0.25563,1.639,35.2,0.16317,21.2106,Piperaceae,SEP,149.4026217,166.6857793,1,0.166,0,37.1,59.444444,-28.78,39.22,2.22,2.95,0.6045,Ago,36766,8.9725,10.1,0.363,0.506,0.293,0.0503,0.00841,10.1,210,0.004897959,0.204081633,49,0.008333333,0.238095238,42,0.00625,0.25,8,YES,PPRE,,SHRUB,,Piper,reticulatum,TREELET,,,0.6045,8.9725,66.93322972,134.0515023,9.031388483
PNM,PPRE,UNDERSTORY,289,40,Piper,reticulatum,102.5,124,0.14,545.4,1858,1725,0.1,0,0.08,88.584,36.31,1.46448,10.51,94.213,0.2079,15.656,3.345,0.24675,3.025,78.3,0.20973,22.7052,Piperaceae,NOV,271.0490956,334.4568915,0.98,0.213,0,45.84,44.444444,-33.85,40.21,4.23,3.85,0.1865,Oct,37220,6.025,5.74,0.215,-0.000104,0.119,0.0617,0.0103,-0.00168,93,0.007555556,0.288888889,45,0.046428571,0.547619048,42,0.04,0.782608696,23,YES,PPRE,,SHRUB,,Piper,reticulatum,TREELET,,,0.1865,6.025,36.89368517,163.3070801,5.055065633
FTS,PROP,CANOPY,844,64,Protium,panamense,85,142.25,0.3025,1318.8,5237.925,7496.625,3.98,4.26,1.73,31.708,28.32,0.3503,3.523,38.3,0.1672,154.442,1.404,0.0906,0.50996,1530,0.17831,7.4264,Burseraceae,SEP,71.90590896,91.03201139,2.98,0.88,9.385,46.55,131.111111,-29.14,46.34,-0.56,1.48,0.8835,Sep,36787,9.6025,11.3,0.193,0.969,0.104,0.0615,0.00539,15.8,199,0.002321429,0.107142857,56,0.0025,0.096153846,52,0.008157895,0.105263158,38,YES,PROP,0.0596,TREE,MIDSTORY,Protium,panamense,TREE,,,0.8835,9.6025,139.0706292,69.04764908,6.352887056
FTS,PROP,UNDERSTORY,1089,27,Protium,panamense,84.5,159.25,0.135,509,4526.85,6469.1,2.9,0,0.7,45.148,23.26,0.30646,6.303,53.175,0.1617,57.717,1.786,0.11888,1.1198,1271,0.19786,12.6458,Burseraceae,SEP,218.2159017,278.3739762,2.49,0.343,3.005,39.7,65,-35.7,45.73,1.05,1.85,0.482,Sep,36777,3.563333333,4.22,0.0854,0.488,0.0566,0.0479,0.00484,10.2,98.4,0.055666667,0.2,30,0.068275862,0.310344828,29,0.047037037,0.296296296,27,YES,PROP,0.0596,TREE,MIDSTORY,Protium,panamense,TREE,,,0.482,3.563333333,45.82617454,77.75759966,10.51800646
FTS,PSIB,CANOPY,140.5,10,Psiguria,bignoniaceae,97.75,147.25,0.445,338.05,1461.975,2861.075,0.43,0,0.23,,,,,,,,,,,,,,Cucurbitacea,,,,,,,,,,,,,,,,,,,,,,,,,0.008888889,0.666666667,9,0.005,0.5,6,,,,YES,PSIB,,VINE,,Psiguria,bignoniacea,VINE,,,,,,,
FTS,PYSU,UNDERSTORY,945,141,Psychotria,suerrensis,,,,,,,,,,16023,27.43,1.10322,7.435,63.725,0.3619,132.182,2.466,0.07938,1.03719,304.6,0.50613,15.7728,Rubiaceae,SEP,249.7121443,243.1330343,0.16,0.013,0,71.43,31.111111,,,,,-0.1045,Sep,36819,9.9,,,,,,,,,0.004952381,0.142857143,105,0.007475728,0.213592233,103,0.032424242,0.303030303,99,YES,PYSU,0.0151,SHRUB,,Psychotria,suerrensis,TREELET,-0.300666667,2.527333333,0.300666667,5.75,40.04611001,143.5844829,7.508011804
FTS,SABP,CANOPY,190,43,Sabiceae,panamensis,67.7,107.3,0.2,269,1826.8,2194.3,3.43,0,0.77,126.549,48.34,0.83405,11.21,92.425,0.2244,66.536,1.193,0.08024,1.5312,2270,0.1999,15.1898,Rubiaceae,AUG,178.778626,200.5373677,8.11,0.696,14.809,58.01,70.555556,,,,,0.797,Aug,36754,5.0225,5.96,0.215,0.84,0.172,0.063,0.0118,13.3,108,0.021538462,0.666666667,39,0.03516129,0.774193548,31,0.029166667,0.666666667,12,YES,SABP,,LIANA,,Sabicea,panamensis,LIANA,,,0.797,5.0225,55.93509821,89.79156489,14.24865649
FTS,SAPE,CANOPY,176,75,Sapium,eglandulosum,65.3,118.3,0.22,290.6,3055.5,4601.9,0.55,0,1.39,,,,,,,,,,,,,,Euphorbiacea,,,,,,,,,,,,,,,,,,,,,,,,,0.010454545,0.204545455,44,0.003636364,0.272727273,22,0,0,4,YES,SAPA,0.0166,MIDSTORY,,Sapium,glandulosum,TREE,,,,,,,
PNM,SECD,CANOPY,333,14,Securidaca,diversifolia,40,60,0.15,472.4,6734.9,6046.4,0.79,0,1.35,64.375,46.13,1.18876,11.19,25.175,0.1639,53.254,2.797,0.12554,0.31295,61.56,0.31651,11.6282,Polygalaceae,AUG,162.670977,156.9126303,1.03,0.189,0,47.86,110,,,,,0.925,Ago,36766,15.95,17.7,0.334,0.529,0.274,0.106,0.00907,4.98,172,0.205769231,0.576923077,26,0.2788,0.76,25,0.340909091,0.909090909,11,YES,SECD,,LIANA,,Securidaca,diversifolia,LIANA,,,0.925,15.95,61.4737809,259.4602083,15.04706537
PNM,SER2,CANOPY,28,1,Serjania,cornigera,36.3,69.3,0.21,186,1751.5,1718.2,3.77,0,1.79,,,,,,,,,,,,,,Sapindaceae,,,,,,,,,,,,,,,,,,,,,,,,,,,,,,,,,,YES,SER2,,LIANA,,Serjania,cornigera,LIANA,,,,,,,
PNM,SER4,CANOPY,49,30,Serjania,pluvialiflor,25.3,35,0.19,161,663.2,983.4,4.28,0,1.21,,,,,,,,,,,,,,Sapindaceae,,,,,,,,,,,,,,,,,,,,,,,,,0.054375,0.4375,16,0.251428571,1,7,,,,YES,SER4,,LIANA,,Serjania,pluvialiflor,LIANA,,,,,,,
PNM,SER?,CANOPY,,,,,,,,,,,,,,,,,,,,,,,,,,,,,,,,,,,,,,,,0.3285,Sep,37166,4.9075,5.26,0.549,0.333,0.442,0.0786,0.0499,4.23,71.1,,,,,,,,,,YES,SER?,,LIANA,,,,LIANA,,,0.3285,4.9075,,,
PNM,SERA,CANOPY,245,16,Serjania,atrolineata,24.7,60.7,0.28,436.2,1850.7,2405.8,3.25,0,1.43,24.994,23.54,0.37358,10.56,16.9,0.2266,30.38,2.343,0.16539,1.9426,39.37,0.1791,37.7784,Sapindaceae,SEP,190.5442009,204.6620256,2.88,0.445,0,45.42,53.055556,-29.03,47.5,0.5,2.4,2.245,Sep,36782,13.825,17.6,0.168,2.25,0.0921,0.0784,0.00354,28.7,253,0.022222222,0.5,18,0.139285714,0.714285714,14,0.02,1,1,YES,SERA,,LIANA,,Serjania,atrolineata,LIANA,,,2.245,13.825,52.48126131,263.4273578,42.77717311
PNM,SERC,CANOPY,119,6,,,,,,,,,,,,,,,,,,,,,,,,,,,,,,,,,,,,,,,,,,,,,,,,,,0,0,11,0.06,0.75,4,,,,YES,SERC,,,,,,,,,,,,,
PNM,SERD,CANOPY,241,20,,,,,,,,,,,,,,,,,,,,,,,,,Sapindaceae,,,,,,,,,,,,,,,,,,,,,,,,,0.029230769,0.230769231,13,0.002,0.2,5,0.07,1,2,YES,SERD,0.0125,LIANA,,Serjania,decapleuria,LIANA,-3.498888889,8.221666667,3.498888889,8.221666667,,,
PNM,SERM,CANOPY,,,Serjania,mexicana,40.3,72,0.24,442.8,2984,3923,1.02,0,2.1,28.743,35.23,0.5389,11.51,14.813,0.2519,15.147,1.815,0.14896,1.4102,40.93,0.14634,12.5716,Sapindaceae,SEP,127.5861636,142.3521461,2.89,0.343,0,42.39,57.777778,-30.82,48.305,3.6,2.115,,,,,,,,,,,,,,,,,,,,,,YES,SERM,,LIANA,,Serjania,mexicana,LIANA,,,,,78.37840498,,
PNM,SERM,UNDERSTORY,309,44,Serjania,mexicana,28.3,60.7,0.15,362.2,1516.1,2611.6,2.15,0,0.65,156.2,32.65,0.9349,11.85,76.05,0.454,41.37,1.861,0.1671,2.036,468.3,0.1684,20.41,Sapindaceae,sep,243.1625741,279.5599609,1.06,0.135,0,53.59,55.555556,,,,,0.321,Sep,36780,3.173333333,2.72,0.101,0.33,0.0773,0.0589,0.0091,5.61,51.8,0.016129032,0.129032258,31,0.019642857,0.285714286,28,0.03375,0.375,16,YES,SERM,,LIANA,,Serjania,mexicana,LIANA,,,0.321,3.173333333,41.12474972,77.16359018,7.805518628
FTS,SIMA,CANOPY,253,64,Simarouba,amara,27.25,60.25,0.3875,658.775,3704.1,,2.75,9.48,3.76,43.84,27.25,0.4833,2.251,36.975,0.2233,16.091,1.12,0.05684,0.30393,1985,0.30329,4.3714,Simaroubacea,SEP,117.9171817,51.71352591,3.21,1.585,17.227,41.18,137,-27.92,48.55,2.02,1.18,1.035,Sep,37162,14.375,16.1,0.185,1.1,0.102,0.0587,0.00262,18.8,294,0.004,0.1,40,0.006785714,0.178571429,28,0.000769231,0.076923077,13,YES,SIMA,,UNDERSTORY,CANOPYTREE,Simarouba,amara,TREELET,,,1.035,14.375,84.8052833,169.5059487,12.20442831
FTS,SIMA,UNDERSTORY,499.5,88,Simarouba,amara,,,,,,,,,,142.245,58.88,0.59201,7.219,90.338,0.2541,72.324,1.938,0.08046,1.111,1486,0.20679,10.1347,Simaroubacea,SEP,249.1103307,260.5157342,2.16,0.877,0,41.58,33.611111,-34.8,43.73,4.55,2.28,,,,,,,,,,,,,0,0,82,0.001176471,0.029411765,68,0.022592593,0.092592593,54,YES,SIMA,,UNDERSTORY,CANOPYTREE,Simarouba,amara,TREELET,,,,,40.14285546,,
FTS,SOCE,CANOPY,547,21,Socratea,exorrhiza,,,,,,,,,,,,,,,,,,,,,,,Arecaceae,,,,,,,,,,,,,,,,,,,,,,,,,,,,,,,,,,YES,SOCE,3.1243,MIDSTORY,MIDSTORY,Socratea,exorrhiza,TREE,-0.491666667,8.161666667,0.491666667,8.161666667,,,
FTS,SOCE,UNDERSTORY,938,23,Socratea,exorrhiza,,,,,,,,,,148.676,16.28,0.32996,12.83,91.375,0.198,320.65,1.63,0.08233,0.94754,359.1,0.36228,15.264,Arecaceae,SEP,161.2495114,189.5844187,3.13,0.322,5.623,64.58,154.444444,-31.03,45.79,2.39,1.84,,,,,,,,,,,,,0,0,1,,,,,,,YES,SOCE,3.1243,MIDSTORY,MIDSTORY,Socratea,exorrhiza,TREE,-0.06705,2.2175,0.06705,2.2175,62.01569179,35.75707915,1.081177974
PNM,SPOM,CANOPY,173,18,Spondias,mombin,37,96.25,0.231667,887,2980.675,5476.166667,3.57,2.65,3.6,63.776,20.6,1.24526,6.416,27.213,0.154,19.525,1.634,0.13353,0.86636,188.8,0.19639,12.7094,Anacardiacea,SEP,110.921297,118.4880844,2.74,1.479,10.03,57.33,89.722222,-30.45,45.64,0.61,1.83,0.9575,Sep,36766,12.9,14.6,0.206,0.952,0.115,0.0725,0.00488,13.1,214,0.099285714,0.785714286,14,0.076666667,0.666666667,9,,,,YES,SPOM,0.0243,TREE,CANOPYTREE,Spondias,mombin,TREE,,,0.9575,12.9,90.15401257,143.0884731,10.62071418
PNM,SPOM,UNDERSTORY,,,Spondias,mombin,71.25,108.25,0.2075,840.85,3538.875,5325.375,,,,,,,,,,,,,,,,,,,,,,,,,,,,,,,,,,,,,,,,,,,,,,,,,,,YES,SPOM,0.0243,TREE,CANOPYTREE,Spondias,mombin,TREE,,,,,,,
PNM,STIH,CANOPY,150,18,Stigmaphyllu,hypagyreum,102.7,131.3,0.21,340.4,2000.7,3228.8,0.52,0,0.32,75.646,60.04,1.41589,9.495,41.1,0.231,21.486,1.587,0.13831,1.4729,25.46,0.24306,57.1234,Malpighiacea,SEP,134.3040671,168.373428,0.72,0.121,0,53.96,12.222222,-28.2,41.25,1.56,1.52,1.0995,Oct,37166,11.2725,12.1,0.615,0.95,0.404,0.0543,0.0102,17.5,240,0.021481481,0.37037037,27,0.022941176,0.588235294,17,,,,YES,STIH,0.0065,VINE,,Stigmaphyllo,hypargyreum,VINE,,,1.0995,11.2725,74.45790895,151.3942596,14.76673218
PNM,STIR,CANOPY,199,51,Stizophyllum,riparium,87,141,0.15,290.7,1577.8,1718.5,2.02,0,0.32,41.638,41.57,0.59235,19,104.625,0.2343,31.344,2.897,0.21978,1.7457,18.75,0.22724,38.0752,Bignoniaceae,SEP,191.434644,238.987051,1.17,0.187,0,56.22,35,-28.91,44.14,3.14,3.16,1.67,Sep,36791,4.305,5.99,0.253,1.66,0.225,0.0759,0.0144,21.9,101,0.037105263,0.5,38,0.07,0.8,25,,,,YES,STIR,,LIANA,,Stizophyllum,riparium,LIANA,,,1.67,4.305,52.23714888,82.41261424,31.96958555
FTS,SYMG,CANOPY,230,87,Symphonia,globulifera,29.75,66,0.385,615.975,4303.95,,3.4,9.68,2.5,37.5,38.32,0.4361,5.752,54.588,0.174,318.1,1.558,0.08446,0.9944,5678,0.5988,24.96,Clusiaceae,MAR,114.512664,120.4027412,2.27,0.757,11.458,45.06,54.166667,-29.98,47.68,0.05,1.72,0.41955,Jan,36957,7.015,7.2,0.768,-0.124,0.642,0.0285,0.0172,-4.34,248,0.013703704,0.259259259,54,0.086571429,0.457142857,35,0.04,0.428571429,21,YES,SYMG,1.9149,TREE,CANOPYTREE,Symphonia,globulifera,TREE,,,0.41955,7.015,87.32658598,80.33063381,4.804378819
FTS,SYMG,UNDERSTORY,1001,129,Symphonia,globulifera,37.5,85.75,0.205,396.925,2788.125,,3.17,0,0.52,72.616,58.65,0.37313,8.303,53.538,0.1551,112.148,1.34,0.06703,0.91487,1311,0.25097,35.0012,Clusiaceae,SEP,321.483587,197.8206697,2.53,0.185,0,50.64,45.833333,-34.77,46.19,1.85,1.49,0.2105,Sep,36832,2.175,2.52,0.106,0.26,0.0829,0.0423,0.00935,6.14,65.7,0.014382022,0.179775281,89,0.018658537,0.195121951,82,0.024285714,0.242857143,70,YES,SYMG,1.9149,TREE,CANOPYTREE,Symphonia,globulifera,TREE,,,0.2105,2.175,31.10578706,69.92268018,6.767229507
FTS,TACV,CANOPY,285,27,Tachigalia,versicolor,48.5,139.5,0.205,1509.95,5517.225,4028.075,2.97,1.82,1.25,20.056,14.37,0.24419,8.162,46.825,0.08239,166.314,2.713,0.09244,0.51612,93,0.1339,16.112,Fabaceae-Cae,DEC,99.7285911,105.1360113,3.22,0.736,5.493,60.92,91.944444,-28.95,50.335,1.49,3.2,0.716,Dic,37229,15.525,17.8,0.123,0.712,0.0531,0.0616,0.00181,11.5,300,0.008888889,0.333333333,9,0.04875,0.625,8,0.856,1,5,YES,TACV,0.1144,TREE,CANOPYTREE,Tachigali,versicolor,TREE,,,0.716,15.525,100.2721475,154.8286377,7.140567123
FTS,TACV,UNDERSTORY,782,62,Tachigalia,versicolor,70.25,160.25,0.1425,461.275,5689.825,4277.85,2.7,1.31,1.16,19.511,15,0.14939,6.298,44.225,0.06853,108.226,2.733,0.09341,0.71368,327,0.09193,14.5856,Caesalpinioi,AUG,241.1341185,299.0541493,5.77,0.672,6.331,59.54,39.444444,,,,,0.10085,Sep,36832,5.371666667,5.57,0.329,0.0952,0.307,0.136,0.0359,0.703,41.8,0.05625,0.339285714,56,0.047916667,0.416666667,48,0.046818182,0.477272727,44,YES,TACV,0.1144,TREE,CANOPYTREE,Tachigali,versicolor,TREE,,,0.10085,5.371666667,41.47069714,129.5292107,2.431837585
FTS,TAPG,CANOPY,322,103,Tapirira,guianensis,39.25,98.5,0.20625,315.575,2261.75,2935.6,3.79,2.54,5.01,81.685,37.74,1.80913,3.085,47.325,0.2497,40.354,1.391,0.07646,0.32076,215.7,0.27549,9.4584,Anacardiacea,SEP,72.1324154,92.62785994,3.12,0.664,7.755,55.63,29.722222,-29.41,47.09,-0.16,1.46,0.353,Sep,36773,13.8,15.2,0.256,0.466,0.129,0.0635,0.0047,7.34,246,0.01245614,0.473684211,57,0.033478261,0.717391304,46,0.036774194,1,31,YES,TAPG,0.2534,TREE,,Tapirira,guianensis,TREE,,,0.353,13.8,138.6339269,99.54273325,2.546274263
FTS,TAPG,UNDERSTORY,806,31,Tapirira,guianensis,,,,,,,,,,70.61,29.77,0.56749,7.942,55.725,0.209,26.002,1.474,0.09528,0.68343,730.2,0.16803,14.6492,Anacardiacea,SEP,237.7919708,218.3337088,2.23,0.594,0,45.66,14.166667,-35.2,45.07,-0.87,1.47,-0.407,Sep,36832,5.615,5.59,0.516,-0.25,0.465,0.074,0.0325,-3.37,72.1,0.031212121,0.303030303,33,0.045483871,0.419354839,31,0.055416667,0.541666667,24,YES,TAPG,0.2534,TREE,,Tapirira,guianensis,TREE,,5.831666667,-0.407,5.615,42.05356458,133.5201916,-9.678133212
FTS,TERA,CANOPY,160,183,Terminalia,amazonica,,,,,,,,,,,,,,,,,,,,,,,Combretaceae,,,,,,,,,,,,,,,,,,,,,,,,,0.025555556,0.444444444,27,0.017272727,0.636363636,11,0.013333333,0.666666667,3,YES,TERA,,TREE,CANOPYTREE,Terminalia,amazonia,TREE,-1.106111111,14.86666667,1.106111111,14.86666667,,,
FTS,TERA,UNDERSTORY,,,Terminalia,amazonica,43,87.3,0.2,240.8,3809.3,2829.2,3.9,41.37,5.66,,,,,,,,,,,,,,,,,,,,,,,,,,,,,,,,,,,,,,,,,,,,,,,,YES,TERA,,TREE,CANOPYTREE,Terminalia,amazonia,TREE,,,,,,,
FTS,TETH,CANOPY,643,12,Tetracera,hydrophila,89.8,130,0.26,771.3,4228,4492.2,3.12,8.22,2.04,,,,,,,,,,,,,,Dilleniaceae,,,,,,,,,,,,,,,,,,,,,,,,,0.032666667,0.533333333,15,0.029285714,0.571428571,14,0.043571429,0.642857143,14,YES,TETH,0.0092,LIANA,,Tetracera,hydrophila,LIANA,,,,,,,
FTS,TOCP,CANOPY,214,124,Tocoyena,pittieri,119.5,267.5,0.2125,452.425,2976.675,2967.525,2.29,0,1.08,70.087,23.67,1.53567,3.305,49.85,0.5049,72.25,1.992,0.10407,1.04566,454.6,0.16012,5.2449,Rubiaceae,SEP,96.6554878,116.4257315,1.41,0.163,0,43.05,36.666667,-29.35,46.15,2.46,2.13,0.6475,Sep,36773,7.34,8.38,0.484,0.401,0.366,0.0322,0.00877,12.5,273,0.020353982,0.433628319,113,0.035365854,0.573170732,82,0.138333333,0.833333333,12,YES,TOCP,0.3053,UNDERSTORY,MIDSTORY,Tocoyena,pittieri,TREELET,,,0.6475,7.34,103.4602404,70.94512805,6.258442835
FTS,TOCP,UNDERSTORY,329,24,Tocoyena,pittieri,,,,,,,,,,,,,,,,,,,,,,,,,,,,,,,,,,,,,,,,,,,,,,,,0.054210526,0.210526316,19,0.006666667,0.466666667,15,0.02,0.916666667,12,YES,TOCP,0.3053,UNDERSTORY,MIDSTORY,Tocoyena,pittieri,TREELET,,3.03045,,3.03045,,,
FTS,TONR,CANOPY,544.5,82,Tontelea,ovalifolia,80.75,132,0.30375,381.375,4424.825,4962.625,4.03,0,1.07,48.407,21.2,0.50432,13.64,45.225,0.3432,109.604,1.67,0.09675,0.92994,402.8,0.38612,13.4938,Hippocrateac,SEP,85.75755441,100.6719403,6.94,0.906,12.564,54.51,137.5,-29.19,47.94,1.75,1.995,1.2805,Sep,36773,16.9,19.9,0.311,1.39,0.137,0.0703,0.00455,19.8,303,0.012833333,0.216666667,60,0.01627451,0.235294118,51,0.024418605,0.348837209,43,YES,TONO,29.0519,LIANA,,Tontelea,ovalifolia,LIANA,,,1.2805,16.9,116.6078029,144.930267,10.98125484
FTS,TONR,UNDERSTORY,856,31,Tontelea,ovalifolia,,,,,,,,,,77.085,31.01,0.72761,7.803,56.363,0.6501,30.284,1.235,0.07699,0.7623,837.9,0.35448,8.5754,Hyppocrateac,SEP,152.4650802,194.6023273,2.87,0.532,0,66.27,110.277778,-36.05,45.85,1.56,1.34,0.0808,Sep,36992,3.795666667,3.83,0.157,-0.0206,0.116,0.0774,0.019,-0.266,49.3,0.02,0.242424242,33,0.025483871,0.290322581,31,0.041,0.3,30,YES,TONO,29.0519,LIANA,,Tontelea,ovalifolia,LIANA,,,0.0808,3.795666667,65.58878917,57.87066227,1.231917848
FTS,TOVL,CANOPY,127,118,Tovomita,longifolia,82.5,143.25,0.37,617.775,4256.625,3716,4.2,7.47,2.75,70.207,71.83,0.87191,6.186,65.363,0.2288,998.202,1.473,0.07908,0.41965,309.6,0.15504,32.9978,Clusiaceae,AUG,66.71821086,88.02177073,3.27,0.816,8.945,39.77,125.277778,-29.13,51.25,1.46,1.67,1.226,Aug,36759,8.3825,10.2,0.109,1.23,0.0848,0.0627,0.00314,19.6,183,0.022571429,0.328571429,70,0.010512821,0.461538462,39,0.019166667,0.5,24,YES,TOVL,,UNDERSTORY,,Tovomita,longifolia,TREELET,,,1.226,8.3825,149.8841152,55.92654026,8.179652652
FTS,TOVL,UNDERSTORY,835.5,48,Tovomita,longifolia,105.25,233.5,0.2525,733.75,4332.175,5447.55,,,,292.774,54.01,0.73574,5.676,154.375,0.231,1296.38,1.406,0.07256,0.99583,851.3,0.13289,34.3758,Clusiaceae,AUG,176.3675497,214.5591412,1.69,0.148,0,29.26,111.111111,-31.84,46.02,0.29,1.73,-0.14115,Sep,36819,4.45,4.44,0.109,-0.148,0.079,0.0726,0.00973,-2.04,59.2,0.007105263,0.131578947,38,0.007368421,0.157894737,38,0.005,0.194444444,36,YES,TOVL,,UNDERSTORY,,Tovomita,longifolia,TREELET,,2.393333333,-0.14115,4.45,56.69977283,78.4835596,-2.489427964
FTS,TRAA,CANOPY,34,1,Trattinnicki,aspera,41.333333,94.333333,0.291667,975.533333,5703.866667,4340.1,2.68,8.13,6.63,31.588,42.03,0.32894,6.576,32.875,0.09867,80.147,1.641,0.06838,0.32395,53.47,0.1252,5.7749,Burseraceae,OCT,80.68440409,105.9424447,2.91,2.023,15.317,36.52,35,-28.46,44.21,1.33,1.87,1.39,Oct,37217,7.8875,9.34,1.51,0.421,0.88,0.0227,0.0172,18.6,430,0.01,0.2,5,0.014,0.6,5,0.026,0.8,5,YES,TRAA,0.0075,TREE,CANOPYTREE,Trattinnicki,aspera,TREE,,,1.39,7.8875,123.9396896,63.63982373,11.21513217
FTS,TRAA,UNDERSTORY,,,Trattinnicki,aspera,70,135,0.18,261.9,2584.7,3231.1,1.69,0,3.32,,,,,,,,,,,,,,,,,,,,,,,,,,,,,,,,,,,,,,,,,,,,,,,,YES,TRAA,0.0075,TREE,CANOPYTREE,Trattinnicki,aspera,TREE,,,,,,,
FTS,TRIG,CANOPY,42,53,Trichospermu,galeottii,47.7,106.3,0.17,277.3,2927.3,3103.4,3.28,2.46,1.08,,,,,,,,,,,,,,Acanthaceae,,,,,,,,,,,,,,,,,,,,,,,,,0.073333333,0.6,15,,,,,,,YES,TRIG,,UNDERSTORY,UNDERSTORY,Trichanthera,gigantea,TREELET,,,,,,,
PNM,TRIO,CANOPY,123,99,Trichostigma,octandrum,49.3,95.7,0.22,275.2,1969.6,2802.8,0.48,0,0.46,53.98,61.73,1.331,10.43,67.988,0.43,90.36,4.114,0.3161,3.749,55.62,1.237,22.64,Phytolaccace,SEP,229.0811456,243.6192742,1.75,0.251,0,21.72,11.388889,,,,,1.815,Sep,36782,9.3625,12.2,2.36,0.677,0.973,0.0215,0.0151,31.5,597,0.0686,0.5,50,0.12625,1,8,,,,YES,TRIO,0.0081,LIANA,,Trichostigma,octandrum,LIANA,,,1.815,9.3625,43.65265406,214.4772226,41.57822792
PNM,TYNC,CANOPY,162,157,Tynnanthus,croatianus,54,77,0.23,310.7,1921.6,2432,2.95,0,1.59,46.162,69.71,0.81428,13.76,48.875,0.5929,72.186,2.617,0.12465,1.4773,523.4,0.17865,23.5956,Bignoniaceae,SEP,118.2912184,147.1011867,2.71,0.269,0,38.48,37.222222,-28.27,44.4,2.11,2.72,1.49,Sep,36782,10.8625,13,0.165,1.56,0.0927,0.0627,0.00358,24.9,232,0.065762712,0.474576271,59,0.094242424,0.848484848,33,0.15,1,1,YES,TYNC,,LIANA,,Tynanthus,croatianus,LIANA,,,1.49,10.8625,84.53712908,128.493836,17.62539154
FTS,UNK2,CANOPY,91,28,,,,,,,,,,,,,,,,,,,,,,,,,,,,,,,,,,,,,,,,,,,,,,,,,,0.098,0.7,10,0.21,0.666666667,3,,,,YES,UNK2,,,,,,,,,,,,,
PNM,UREC,CANOPY,90,497,Urera,caracasana,153,170,0.41,133.9,460.6,988.7,2.32,1.08,1.34,82.895,52.34,2.59335,9.55,137.75,0.3949,39.103,2.883,0.2795,2.6972,36.41,0.3338,27.2102,Urticaceae,SEP,189.9878334,201.3482774,2.76,0.409,5.276,37.31,15.416667,-27.88,38.535,4.05,3.295,2.035,Sep,37170,12.45,15.1,0.769,1.89,0.382,0.064,0.0147,29.5,265,,,,,,,,,,YES,UREC,,TREE,,Urera,caracasana,TREE,,,2.035,12.45,52.63494941,236.5348526,38.6625241
FTS,VAND,CANOPY,,,Vantanea,depleta,53.5,84,0.3325,529.1,5074.75,4546.366667,5.26,5.06,3.36,596.993,29.31,0.15583,3.895,52.638,0.1199,122.96,0.846,0.03928,0.21879,716.8,0.1304,9.7329,Humiriaceae,SEP,44.34696308,53.62354216,12.45,1.823,19.089,52.54,135.833333,-30.99,51.58,-0.64,0.93,1.0355,Sep,36787,11.9,13.7,0.127,1.12,0.0681,0.0567,0.00222,19.9,262,0.026,0.4,5,0.03,0.4,5,0.07,0.4,5,YES,VAND,,TREE,,Vantanea,depleta,TREE,,,1.0355,11.9,225.4945842,52.77288607,4.592128027
FTS,VIR1,CANOPY,463.5,92,Virola,sebifera,66.25,141.5,0.3425,381.375,2306.425,2086.466667,2.78,3.08,1.57,38.76,31.06,0.26973,11.92,54.525,0.1826,526.078,2.097,0.10166,0.50611,287.3,0.39832,16.0484,Myristicacea,SEP,97.44368987,117.6286651,2.24,0.652,24.46,44.81,63.055556,-30.29,52.69,2.82,2.25,-0.147,Sep,37173,14.1,15,0.447,-0.096,0.332,0.0739,0.00996,-1.3,201,0.045660377,0.603773585,53,0.072244898,0.87755102,49,0.084,0.911111111,45,YES,VIR1,0.3763,TREE,MIDSTORY,Virola,sebifera,TREE,,,-0.147,14.1,102.6233716,137.3956027,-1.432422241
FTS,VIR1,UNDERSTORY,943,89,Virola,sebifera,46.75,97.333333,0.145,372.775,2218.3,3250.625,3.17,1.75,1.27,1120.52,41.13,0.46838,11.58,733,0.2508,619.676,1.869,0.08426,1.05853,2283,0.44646,29.9238,Myristicacea,SEP,244.0569695,280.9624695,2.39,0.68,0,54.49,41.666667,,,,,0.0348,Sep,36992,2.6,2.44,0.189,-0.222,0.174,0.0361,0.0144,-6.15,61.4,0.02245283,0.235849057,106,0.027941176,0.294117647,102,0.032795699,0.35483871,93,YES,VIR1,0.3763,TREE,MIDSTORY,Virola,sebifera,TREE,,,0.0348,2.6,40.97403988,63.45481207,0.849318254
FTS,VIR2,CANOPY,355,90,Virola,surinamensis,41,97.5,0.3625,898.525,1890.8,3036.8,4.18,7.75,4.07,55.52,30.97,0.692,20.66,40.425,0.193,261.3,1.632,0.1202,1.132,689.4,0.3317,19.87,Myristicacea,DEC,90.62197497,110.3313068,3.26,1.116,30.02,63.21,54.722222,-31.33,49.28,1.84,1.73,1.408,Dic,37217,7.8635,9.84,0.179,1.48,0.105,0.0591,0.00551,25,191,0.015333333,0.4,60,0.023461538,0.576923077,52,0.058205128,0.846153846,39,YES,VIR2,1.6382,TREE,CANOPYTREE,Virola,surinamensis,TREE,,,1.408,7.8635,110.348511,71.26059001,12.75957408
FTS,VIR2,UNDERSTORY,,,Virola,surinamensis,92,225.8,0.21,363.6,3620,2703,3.54,0,2.57,,,,,,,,,,,,,,,,,,,,,,,,,,,,,,,,,,,,,,,,,,,,,,,,YES,VIR2,1.6382,TREE,CANOPYTREE,Virola,surinamensis,TREE,,,,,,,
FTS,VIR3,CANOPY,523,125,Virola,multiflora,34.25,85.75,0.3125,394.75,2228.25,3034.525,4.02,6.33,2.61,89.19,37.54,1.31,11.89,65.063,0.43,310.2,1.568,0.101,0.6331,327.8,0.1891,13.66,Myristicacea,MAR,76.05936217,74.4479852,5.93,0.851,25.946,60.09,55,-30.395,49.135,1.185,1.845,0.326,Jan,36957,13.35,14.9,0.309,0.444,0.15,0.0708,0.00719,6.27,217,0.008877551,0.306122449,98,0.021621622,0.554054054,74,0.087837838,0.878378378,74,YES,VIR3,0.7136,MIDSTORY,CANOPYTREE,Virola,multiflora,TREE,,,0.326,13.35,131.4762537,101.5392485,2.479535207
FTS,VIR3,UNDERSTORY,1217,140,Virola,multiflora,30.75,89.75,0.285,375.75,2141.625,,3.78,5.54,1.65,,,,,,,,,,,,,,Myristicacea,,,,1.97,0.237,0,,,,,,,0.1255,Sep,36777,3.663333333,3.94,0.181,0.146,0.121,0.0392,0.00754,3.72,104,0.0032,0.04,75,0.006714286,0.128571429,70,0.009726027,0.191780822,73,YES,VIR3,0.7136,MIDSTORY,CANOPYTREE,Virola,multiflora,TREE,,,0.1255,3.663333333,,,
FTS,VIRE,CANOPY,548,154,Virola,elongata,43,94.75,0.19875,378.9,2120.875,2719.425,4.22,7.61,3.98,28.089,30,0.47562,6.303,41.55,0.2464,377.678,1.905,0.08677,0.67133,402.6,0.53302,13.5468,Myristicacea,OCT,104.3010812,127.1581881,10.05,1.871,0,54.49,15.277778,-31.53,50.25,3.74,2.07,,,,,,,,,,,,,0.024382022,0.550561798,89,0.057926829,0.756097561,82,0.111818182,0.87012987,77,YES,VIRE,0.192,MIDSTORY,,Virola,elongata,TREE,,,,,95.87628321,,
FTS,VIRE,UNDERSTORY,1329.5,20,Virola,elongata,,,,,,,,,,,,,,,,,,,,,,,,,,,,,,,,,,,,,,,,,,,,,,,,0.010517241,0.189655172,58,0.0162,0.22,50,0.022553191,0.29787234,47,YES,VIRE,0.192,MIDSTORY,,Virola,elongata,TREE,,3.33,,3.33,,,
PNM,VITT,CANOPY,96,111,Vitis,tillifolia,80,101.7,0.24,371.3,2063.7,2316.7,3.49,11.3,2.82,53.356,30.51,1.01564,9.121,49.938,0.2365,21.2,2.092,0.13287,0.84029,40.57,0.14136,11.289,Vitaceae,SEP,145.9272079,158.5033023,3.05,0.914,10.584,52.37,33.333333,-28.9,43.82,0.67,2.13,0.91,Sep,37166,10.27,11.3,0.342,0.931,0.222,0.0619,0.00779,15,197,0.014098361,0.344262295,61,0.020769231,0.769230769,13,,,,YES,VITT,0.0064,LIANA,,Vitis,tiliifolia,LIANA,,,0.91,10.27,68.52731677,149.8672425,13.27937592
FTS,VOCF,CANOPY,215,134,Vochysia,ferruginea,35.25,88.75,0.335,667.65,4836.9,2602.05,3.61,7.94,2.08,12709.4,20.57,0.51144,6.668,32.05,0.1441,131.016,1.541,0.08945,0.47762,62.9,0.23741,6.5105,Vochysiaceae,OCT,83.02520523,86.80027172,0.21,0.794,4.385,45.26,53.611111,-29.26,44.22,1.9,1.78,0.8,Oct,37173,17.9,19.9,0.148,0.885,0.0714,0.0653,0.00187,13.6,318,0.030138889,0.611111111,72,0.046078431,0.647058824,51,0.151176471,0.941176471,17,YES,VOCF,,TREE,CANOPYTREE,Vochysia,ferruginea,TREE,,,0.8,17.9,120.4453512,148.6151174,6.642016418