"sp","DE","GF","BIOME","LL","LMA","Aarea","Rarea","LMAp1","LMAs1","LMAp4","LMAs4","LMA_ra","LMAp1_ra","LMAs1_ra","LMA_all","LMAp1_all","LMAs1_all","LL_all","Rarea_all","Aarea_all","LMAp4_all","LMAs4_all","LMAp4_ra","LMAs4_ra","Narea","Parea"
"Abies lasiocarpa","E","T","TEMP_FOR",95.4992586021436,257.039578276886,2.95120922666639,0.870963589956081,21.3859504497481,235.653627827138,27.2108406109211,229.828737665965,120.226443461741,12.2493166737533,107.977126787988,309.029543251359,73.0668011730679,235.962742078291,52.4807460249773,0.645654229034656,12.0226443461741,172.303862931632,136.725680319727,12.2493166737533,107.977126787988,2.61818300821899,NA
"Acacia colletioides","E","S","WLAND",37.1535229097173,363.078054770101,8.51138038202377,1.99526231496888,76.3467600234249,286.731294746676,125.768457016967,237.309597753134,115.681928269994,44.1992224963758,71.4827057736181,204.173794466953,48.7370628304956,155.436731636457,39.8107170553497,1.17489755493953,7.58577575029184,107.610943455697,96.5628510112557,44.1992224963758,71.4827057736181,4.1209751909733,0.110662378397767
"Acacia doratoxylon","E","S","WLAND",19.9526231496888,218.776162394955,14.4543977074593,1.47910838816821,99.9010459133301,118.875116481625,98.6022814275467,120.173880967409,125.892541179417,64.8246235571695,61.0679176222473,91.201083935591,23.3359374896136,67.8651464459774,22.3872113856834,0.91201083935591,3.89045144994281,45.9892043066728,45.2118796289181,64.8246235571695,61.0679176222473,4.38530697774986,0.181551566277314
"Acacia floribunda","E","T","TEMP_FOR",13.4896288259165,125.892541179417,10.9647819614319,1.25892541179417,60.3496198006859,65.5429213787309,52.1283746010738,73.7641665783429,309.029543251359,122.189162049568,186.840381201791,363.078054770101,132.400756974242,230.67729779586,22.3872113856834,1.34896288259165,12.8372911252395,203.014631475081,160.063423295021,122.189162049568,186.840381201791,2.89734358770132,0.0716143410212902
"Acacia havilandiorum","E","S","WLAND",20.8929613085404,416.869383470335,12.0226443461741,3.23593656929628,145.926563569983,270.942819900353,206.379319730758,210.490063739577,30.9029543251359,23.2313822164427,7.67157210869316,79.4328234724281,69.3218580119507,10.1109654604775,4.57088189614875,1.09647819614319,18.1970085860998,39.0218469054994,40.4109765669287,23.2313822164427,7.67157210869316,3.82824743316823,0.120781383510678
"Acacia oswaldii","E","S","WLAND",20.8929613085404,263.026799189538,13.1825673855641,1.41253754462275,108.330618579638,154.6961806099,130.975453099748,132.05134608979,158.489319246111,71.5292445379571,86.9600747081543,676.082975391982,98.5600042961994,577.522971095783,33.1131121482591,1.41253754462275,6.16595001861482,343.758674051898,332.324301340084,71.5292445379571,86.9600747081543,4.85288500162121,0.177010895831742
"Acacia suaveolens","E","S","WLAND",29.5120922666639,218.776162394955,9.54992586021436,1.44543977074593,67.5616213957029,151.214540999252,72.9230023684599,145.853160026495,67.6082975391982,30.7562195494157,36.8520779897825,128.824955169313,95.2716550459549,33.5533001233585,3.46736850452532,2.69153480392692,7.76247116628692,66.7744098702409,62.0505452990724,30.7562195494157,36.8520779897825,4.21696503428582,0.0485288500162121
"Acacia willhelmiana","E","S","WLAND",12.0226443461741,162.181009735893,8.12830516164099,1.81970085860998,68.7324736477395,93.4485360881535,72.9911450944433,89.1898646414496,109.647819614319,61.7465634731845,47.901256141134,275.422870333817,144.59124658534,130.831623748476,16.5958690743756,0.676082975391982,18.1970085860998,143.470202035539,131.952668298278,61.7465634731845,47.901256141134,3.03389118419427,0.116949939101987
"Acer rubrum","D","T","TEMP_FOR",5.37174167053699,61.6758465277276,7.10950672831674,0.767819238012599,34.8244389201216,26.851407607606,35.4546571884542,26.2211893392733,309.029543251359,128.909688631344,180.119854620015,204.173794466953,104.077947796249,100.095846670704,19.4984459975805,1.73780082874938,14.7910838816821,98.9937345144712,105.180059952482,128.909688631344,180.119854620015,NA,NA
"Acer saccharum","D","T","TEMP_FOR",5.49540873857625,79.4328234724281,7.58577575029184,0.562341325190349,46.8644102659989,32.5684132064293,60.1012396597983,19.3315838126298,234.422881531992,98.028353121553,136.394528410439,77.6247116628692,39.4383142617359,38.1863974011333,10.9647819614319,1.34896288259165,6.16595001861482,40.9122664279677,36.7124452349015,98.028353121553,136.394528410439,NA,NA
"Achillea millefolium","U","H","TEMP_FOR",1,85.1138038202376,13.8038426460288,1.25892541179417,78.4134714997087,6.7003323205289,80.6496394501834,4.46416437005423,199.526231496888,176.500432383091,23.0257991137964,77.6247116628692,73.1809935752886,4.44371808758058,1,3.09029543251359,10.1325594562952,37.6817980966556,39.9429135662136,176.500432383091,23.0257991137964,1.58802248227812,NA
"Acomastylis rosii","U","H","TEMP_FOR",1.99526231496888,83.1763771102671,10.7151930523761,1.73780082874938,67.3430964987044,15.8332806115627,70.7720982566911,12.404278853576,83.1763771102671,73.1951847209094,9.98119238935766,58.8843655355589,32.5474648920805,26.3369006434784,16.2181009735893,0.891250938133746,9.1201083935591,26.2694898148508,32.614875720708,73.1951847209094,9.98119238935766,2.09893988362352,NA
"Adenanthos cygnorum","E","S","WLAND",39.8107170553497,234.422881531992,13.8038426460288,1.02329299228075,81.3595530171951,153.063328514797,84.5948313782249,149.828050153767,158.489319246111,50.8314204156561,107.657898830455,95.4992586021436,34.0129732647485,61.4862853373951,38.0189396320561,1.77827941003892,8.12830516164099,52.1328163635768,43.3664422385668,50.8314204156561,107.657898830455,1.83231442237121,NA
"Aextoxicon punctatum","E","T","TEMP_FOR",43.6515832240166,134.896288259165,5.62341325190349,0.501187233627272,32.4191339497851,102.47715430938,24.5135091490769,110.382779110088,213.796208950223,28.8394387230219,184.956770227201,122.272053936742,57.3772524660993,64.8948014706426,31.6227766016838,1.58489319246111,13.4896288259165,64.7480511118856,57.5240028248564,28.8394387230219,184.956770227201,1.27166556705977,NA
"Agropyron repens","U","G","TEMP_FOR",1.86653157185913,58.3067937859553,16.6283625282055,0.861050814079229,48.6092197661189,9.6975740198364,49.4101865480455,8.89660723790983,21.3796208950223,19.9792067404518,1.40041415457054,167.891527994965,65.8018277809767,102.089700213989,33.8844156139203,1,13.1825673855641,79.616258137996,88.2752698569693,19.9792067404518,1.40041415457054,1.28401836700324,NA
"Ambrosia artemisiifolia","U","H","TEMP_FOR",1.47910838816821,77.6247116628692,27.5422870333817,1.54881661891248,69.2979733290278,8.32673833384138,65.8708186018915,11.7538930609777,81.2830516164099,77.0854040762054,4.19764754020456,186.208713666287,64.9815205359525,121.227193130334,12.5892541179417,2.69153480392692,4.07380277804113,85.6026761701696,100.606037496117,77.0854040762054,4.19764754020456,1.99067333898719,NA
"Anacardium excelsum","E","T","TROP_RF",8.51138038202377,83.1763771102671,10.471285480509,2.18776162394955,44.9380524620223,38.2383246482448,33.4233515455759,49.7530255646912,69.1830970918937,51.1145743282009,18.0685227636928,36.3078054770101,32.7764784610896,3.53132701592054,3.01995172040202,1.25892541179417,11.7489755493953,17.668899075738,18.6389064012721,51.1145743282009,18.0685227636928,NA,NA
"Andersonia heterophylla","E","S","WLAND",10.7151930523761,257.039578276886,8.51138038202377,3.09029543251359,113.739401869594,143.300176407293,146.366223241434,110.673355035452,331.131121482591,177.4076103648,153.723511117791,158.489319246111,101.391522367078,57.0977968790332,14.1253754462275,0.870963589956081,18.6208713666287,83.4228452091315,75.0664740369799,177.4076103648,153.723511117791,2.43220400907382,NA
"Andropogon gerardi","U","G","TEMP_FOR",1.69941645950975,73.3508020162128,21.9832449870616,0.881574438779143,64.7500658228158,8.60073619339704,64.7998860537921,8.55091596242079,73.3508020162128,66.5424070273173,6.80839498889556,323.593656929628,192.994437009681,130.599219919947,13.4896288259165,1.81970085860998,19.9526231496888,155.066276721308,168.52738020832,66.5424070273173,6.80839498889556,1.03814848989745,NA
"Anemone cylindrica","U","H","TEMP_FOR",2.08929613085404,93.3254300796991,15.4881661891248,1.38038426460288,79.4316764368147,13.8937536428844,81.3660300760165,11.9594000036826,257.039578276886,206.683073228217,50.3565050486694,457.088189614875,165.289676556085,291.798513058791,43.6515832240166,1.73780082874938,20.8929613085404,227.786375722273,229.301813892602,206.683073228217,50.3565050486694,1.36183926611872,NA
"Antirrhoea trichantha","D","T","TROP_RF",5.75439937337157,93.3254300796991,19.4984459975805,1.69824365246174,65.6839240014005,27.6415060782986,50.9889877469579,42.3364423327412,186.208713666287,138.697174953824,47.5115387124631,114.815362149688,74.7502016641857,40.0651604855026,6.30957344480193,1.90546071796325,8.51138038202377,62.923544364416,51.8918177852723,138.697174953824,47.5115387124631,1.92309172891016,NA
"Arctostaphylos uva-ursi","E","S","TEMP_FOR",18.1970085860998,128.824955169313,4.36515832240166,0.676082975391982,32.7323322552667,96.0926229140466,24.4708355725032,104.35411959681,323.593656929628,57.1085801163927,266.485076813235,133.360981057403,105.335659791192,28.0253212662108,1.99526231496888,1.02329299228075,8.7096358995608,58.7998694160367,74.5611116413663,57.1085801163927,266.485076813235,1.89939897680193,NA
"Asclepias syriaca","U","H","TEMP_FOR",1.41253754462275,63.0957344480193,18.1970085860998,1.51356124843621,54.5787326492182,8.5170017988011,53.6736012375835,9.42213321043581,194.984459975805,173.729149905577,21.2553100702279,81.2830516164099,66.7299896249398,14.5530619914701,7.07945784384138,0.596649334835271,19.4984459975805,44.0392790241682,37.2437725922417,173.729149905577,21.2553100702279,NA,NA
"Astroloma xerophyllum","E","S","WLAND",8.7096358995608,223.872113856834,9.77237220955811,1.58489319246111,121.660008750326,102.212105106508,169.47337470072,54.3987391561138,123.026877081238,75.4111980351884,47.6156790460497,234.422881531992,108.756528555245,125.666352976747,37.1535229097173,1.09647819614319,21.3796208950223,138.496813806936,95.9260677250558,75.4111980351884,47.6156790460497,2.18776162394955,NA
"Astrotricha floccosa","E","S","TEMP_FOR",6.16595001861482,83.1763771102671,11.7489755493953,0.707945784384138,53.318677907674,29.8576992025931,56.0546038226861,27.1217732875809,138.038426460289,79.0024169907734,59.0360094695152,263.026799189538,154.633907932241,108.392891257298,4.78630092322638,0.91201083935591,10,116.370231634515,146.656567555023,79.0024169907734,59.0360094695152,1.30617088813184,0.0584790084144481
"Atriplex canescens","U","H","WLAND",7.07945784384138,251.188643150958,16.9824365246174,3.09029543251359,181.151230780004,70.0374123709539,177.052931175751,74.1357119752065,309.029543251359,221.043204575379,87.9863386759799,158.489319246111,68.3932095080667,90.0961097380447,27.5422870333817,1.20226443461741,12.8824955169313,73.064320568633,85.4249986774785,221.043204575379,87.9863386759799,5.2844525177518,NA
"Atriplex stipitata","E","S","WLAND",6.30957344480193,83.1763771102671,19.4984459975805,3.01995172040202,55.0076732119884,28.1687038982787,37.1619865249419,46.0143905853252,239.883291901949,186.105216923417,53.7780749785321,128.824955169313,27.0633640364968,101.761591132817,33.1131121482591,1.77827941003892,3.54813389233576,56.800633493943,72.0243216753704,186.105216923417,53.7780749785321,2.41546083444494,0.109900583943252
"Austrocedrus chilensis","E","T","TEMP_FOR",28.8403150312661,194.984459975805,7.58577575029184,1.20226443461741,54.3830993521529,140.601360623652,58.3747735859158,136.609686389889,83.1763771102671,31.3907334249318,51.7856436853353,79.4328234724281,53.9124805168365,25.5203429555916,4.46683592150963,1.25892541179417,6.76082975391982,38.1340811008694,41.2987423715587,31.3907334249318,51.7856436853353,2.13796208950223,NA
"Baccharis angustifolia","U","T","WLAND",2.51188643150958,95.4992586021436,18.6208713666287,1.65958690743756,79.7486685190498,15.7505900830938,77.0172025620725,18.4820560400711,77.6247116628692,69.9565622727768,7.66814939009231,154.881661891248,87.3897812292653,67.4918806619828,11.7489755493953,2.18776162394955,10.6100922715098,67.8483703306142,87.0332915606339,69.9565622727768,7.66814939009231,1.8578044550917,NA
"Banksia attenuata","E","T","WLAND",29.5120922666639,281.838293126445,26.3026799189538,1.81970085860998,143.880669800168,137.957623326277,118.111412168524,163.726880957922,133.360981057403,75.2996920451398,58.0612890122632,83.1763771102671,71.1362681967737,12.0401089134934,3.46736850452532,0.954992586021436,14.1253754462275,35.4983804214265,47.6779966888406,75.2996920451398,58.0612890122632,2.31206479017559,NA
"Banksia marginata","E","S","WLAND",36.3078054770101,169.824365246174,19.4984459975805,0.977237220955811,74.7643306297465,95.060034616428,61.6334397485312,108.190925497643,81.2830516164099,37.641231907443,43.6418197089669,123.026877081238,73.7899738132837,49.2369032679545,12.0226443461741,2.34422881531992,10.7151930523761,64.6879397585673,58.3389373226708,37.641231907443,43.6418197089669,1.37089298639213,0.0388472817278212
"Banksia menziesii","E","T","WLAND",38.0189396320561,323.593656929628,18.6208713666287,1.81970085860998,124.892110697401,198.701546232227,125.351428676169,198.242228253459,128.824955169313,60.4683342174758,68.3566209518376,67.6082975391982,43.0008787907203,24.6074187484779,11.461975519794,1.47910838816821,9.77237220955811,41.3995427977142,26.208754741484,60.4683342174758,68.3566209518376,2.58821291515309,NA
"Baptisia leucophaea","U","H","TEMP_FOR",3.46736850452532,93.3254300796991,14.7910838816821,3.38844156139203,68.7148845324703,24.6105455472288,54.4461112887376,38.8793187909615,204.173794466953,173.258254354695,30.9155401122584,199.526231496888,171.240391069138,28.2858404277497,1.99526231496888,0.708133465496963,16.2181009735893,109.646539728071,89.8796917688173,173.258254354695,30.9155401122584,3.38064836205982,NA
"Bellucia grossularioides","U","T","TROP_RF",8.31763771102671,128.824955169313,14.1253754462275,1,81.5092975826805,47.3156575866328,83.732077252342,45.0928779169714,33.8844156139203,25.6742353476855,8.21018026623478,251.188643150958,177.745558845063,73.4430843058952,8.51138038202377,3.46736850452532,17.7827941003892,128.012456268185,123.176186882773,25.6742353476855,8.21018026623478,2.16271852372702,NA
"Bertya cunninghamii","E","S","WLAND",16.2181009735893,169.824365246174,7.07945784384138,1.81970085860998,56.7499458652588,113.074419380916,60.4213348576825,109.403030388492,169.824365246174,73.5295415719292,96.2948236742452,131.825673855641,109.028235754273,22.7974381013672,6.91830970918936,1.54881661891248,22.151588074173,68.2142150081591,63.6114588474816,73.5295415719292,96.2948236742452,3.23593656929628,0.143879857825585
"Beyeria opaca","E","S","WLAND",14.7910838816821,158.489319246111,5.75439937337157,1.44543977074593,49.5708986888588,108.918420557253,56.5014469556652,101.987872290446,416.869383470335,116.324338813254,300.545044657082,56.2341325190349,49.974273084499,6.25985943453588,2.88403150312661,3.01995172040202,10.2329299228075,24.9738141829813,31.2603183360536,116.324338813254,300.545044657082,2.7478941531024,0.119398810446427
"Bistorta bistortoides","U","H","TEMP_FOR",1.99526231496888,83.1763771102671,11.2201845430196,2.34422881531992,66.8640079100258,16.3123692002413,66.8448266309722,16.3315504792949,112.201845430196,99.6323226716238,12.5695227585725,288.403150312661,181.679918229521,106.72323208314,7.41310241300917,1.81970085860998,14.4543977074593,153.705243859465,134.697906453196,99.6323226716238,12.5695227585725,3.22106879128343,NA
"Boronia ledifolia","E","S","WLAND",19.4984459975805,158.489319246111,8.7096358995608,1.09647819614319,58.490515317635,99.9988039284764,57.4089514951335,101.080367750978,39.8107170553497,21.4783587631436,18.3323582922062,128.961582670202,109.967685901074,18.9938967691277,1.69941645950975,0.776247116628692,11.2201845430196,59.9188495316974,69.0427331385043,21.4783587631436,18.3323582922062,1.89670592121115,0.0350751873952568
"Bossiaea eriocarpa","E","S","WLAND",16.2181009735893,199.526231496888,18.6208713666287,1.86208713666287,107.987706454913,91.5385250419749,92.4712219182339,107.055009578654,120.226443461741,75.7811231146525,44.4453203470888,338.844156139202,84.2307710468558,254.613385092347,41.6869383470336,1.23026877081238,10.7151930523761,201.133481882535,137.710674256668,75.7811231146525,44.4453203470888,3.81065823393773,NA
"Bossiaea walkeri","E","S","WLAND",56.2341325190349,316.227766016838,11.2201845430196,2.57039578276886,78.7617215232947,237.466044493543,98.0483149054799,218.179451111358,128.824955169313,48.8834951558022,79.9414600135112,257.039578276886,100.100157125147,156.93942115174,26.9153480392692,1.28824955169313,13.5791284152681,99.8265614123,157.213016864586,48.8834951558022,79.9414600135112,3.85478357665772,0.12050359403718
"Brachychiton populneus","E","T","WLAND",13.1825673855641,128.859107517529,8.59273731128364,0.708133465496963,56.9574676945795,71.9016398229493,63.1092255914712,65.7498819260576,281.838293126445,87.0237891440308,194.814503982415,120.226443461741,80.7628208899166,39.4636225718247,15.8489319246111,0.861050814079229,19.4984459975805,50.2394225712325,69.9870208905088,87.0237891440308,194.814503982415,2.13318107592515,0.114414167081038
"Bromus inermis","U","G","TEMP_FOR",1.99526231496888,56.2341325190349,8.7096358995608,0.758577575029184,43.8374448800653,12.3966876389696,49.8330644187378,6.40106810029708,158.531335813571,112.564309978712,45.9670258348583,141.253754462275,120.438835182136,20.814919280139,1.99526231496888,0.831763771102671,12.8824955169313,73.9917221462924,67.262032315983,112.564309978712,45.9670258348583,0.889201117857948,NA
"Callitris glaucophylla","E","T","WLAND",30.9029543251359,234.422881531992,6.30957344480193,0.977237220955811,51.6172442248743,182.805637307118,60.7351171370092,173.687764394983,234.422881531992,50.1828200172804,184.240061514712,331.013844723503,227.624250693901,103.389594029602,6.45654229034656,1.20226443461741,18.6208713666287,176.990708216551,154.023136506952,50.1828200172804,184.240061514712,NA,NA
"Calytrix flavescens","E","S","WLAND",27.5422870333817,239.883291901949,14.4543977074593,1.81970085860998,95.5776463314363,144.305645570513,90.5001603255219,149.383131576427,204.173794466953,87.0175968314504,117.156197635503,64.5654229034656,46.611529762929,17.9538931405365,7.07945784384138,2.34422881531992,8.59273731128364,29.3872421401738,35.1781807632918,87.0175968314504,117.156197635503,2.44906324184475,NA
"Cassinia laevis","E","S","WLAND",10,128.824955169313,6.91830970918936,1.77827941003892,55.3279517367887,73.4970034325247,53.9534027383881,74.8715524309253,316.227766016838,134.903321773722,181.324444243116,288.403150312661,222.899944887212,65.5032054254486,1.69941645950975,4.26579518801593,6.91830970918936,144.200524856154,144.202625456507,134.903321773722,181.324444243116,2.40436280000693,0.134896288259165
"Castilla elastica","D","T","TROP_RF",5.75439937337157,77.6247116628692,7.76247116628692,2.08929613085404,43.2917381507704,34.3329735120988,35.0269907151348,42.5977209477344,81.2830516164099,59.7867008619232,21.4963507544867,104.71285480509,56.5910541664295,48.1218006386605,33.1131121482591,1.8047157535978,16.6283625282055,53.4959598613457,51.2168949437443,59.7867008619232,21.4963507544867,1.64816239152551,NA
"Cecropia ficifolia","U","T","TROP_RF",2.69153480392692,69.1830970918937,17.7827941003892,1.25892541179417,54.7645985767736,14.4184985151201,52.14517784393,17.0379192479637,38.0189396320561,34.6581573485347,3.36078228352147,181.970085860998,94.0949734108674,87.8751124501309,6.02559586074358,1.65958690743756,6.45654229034656,100.070275709994,81.8998101510042,34.6581573485347,3.36078228352147,1.71001531509029,NA
"Cecropia longipes","D","T","TROP_RF",2.88403150312661,114.815362149688,19.9526231496888,2.51188643150958,94.6551962281465,20.1601659215418,85.6943756788862,29.1209864708021,288.403150312661,242.868179007938,45.5349713047221,213.796208950223,123.300968922775,90.4952400274478,3.98107170553497,1.28824955169313,7.10950672831674,101.730649079842,112.065559870381,242.868179007938,45.5349713047221,NA,NA
"Conostephium pendulum","E","S","WLAND",26.9153480392692,213.796208950223,10.9647819614319,1.81970085860998,76.5906928589734,137.20551609125,76.7187099683756,137.077498981848,95.4992586021436,46.3853844685898,49.1138741335538,169.824365246174,35.3733630710547,134.45100217512,77.6247116628692,1.43657137207712,8.51138038202377,93.8607306725882,75.9636345735863,46.3853844685898,49.1138741335538,1.97242273611485,NA
"Correa reflexa","E","S","TEMP_FOR",11.7489755493953,70.7945784384138,4.46683592150963,0.316227766016838,25.9859782403625,44.8086001980513,13.0254476595994,57.7691307788145,75.8577575029184,22.0217407735286,53.8360167293897,158.489319246111,89.6483506336746,68.8409686124368,14.1253754462275,1.77827941003892,12.8824955169313,85.8127097173593,72.6766095287521,22.0217407735286,53.8360167293897,0.893305483733295,0.0333426412763235
"Corymbia gummifera","E","T","WLAND",14.4543977074593,186.208713666287,12.8824955169313,1.23026877081238,92.9809470275795,93.2277666387073,95.8761907801525,90.3325228861342,154.881661891248,77.0031601172038,77.8785017740443,128.859107517529,41.9817878373436,86.8773196801851,20.8929613085404,0.767819238012599,6.60693448007596,61.6595875556838,67.199519961845,77.0031601172038,77.8785017740443,1.5205475297325,0.0561047976032471
"Cryptocarya alba","E","T","TEMP_FOR",31.6227766016838,144.543977074593,10.2329299228075,1.34896288259165,50.3867909940935,94.1571860804993,43.9329383286941,100.611038745899,167.891527994965,56.4471580168438,111.444369978121,83.1763771102671,77.4427212865248,5.73365582374232,1.41253754462275,3.38844156139203,11.2231590882003,39.5853770129452,43.5910000973219,56.4471580168438,111.444369978121,1.23310483322891,NA
"Dasyphyllum diacanthoides","E","T","TEMP_FOR",15.8489319246111,131.825673855641,9.54992586021436,1.02329299228075,56.3774774145289,75.4481964411118,51.8140104465834,80.0116634090573,93.3254300796991,44.3658880314006,48.9595420482985,95.4992586021436,55.6445703187099,39.8546882834337,22.9849776094508,1.14815362149688,15.4881661891248,51.0249012973968,44.4743573047468,44.3658880314006,48.9595420482985,1.59220872705117,NA
"Desmodium canadense","U","H","TEMP_FOR",2.45470891568503,63.0957344480193,12.0226443461741,0.741310241300917,49.6415860429835,13.4541484050358,53.5811684681613,9.51456597985803,154.881661891248,112.559186578359,42.3224753128894,186.208713666287,132.542379527981,53.6663341383062,5.01187233627272,0.645654229034656,14.1253754462275,88.4884825089292,97.7202311573575,112.559186578359,42.3224753128894,1.48936107771092,NA
"Dodonaea triquetra","E","S","TEMP_FOR",8.12830516164099,95.4992586021436,20.8929613085404,1.02329299228075,64.105132217859,31.3941263842845,51.9826589180822,43.5165996840614,457.088189614875,236.087027289283,221.001162325593,112.201845430196,53.6937077041157,58.5081377260806,11.4815362149688,1.02329299228075,7.41310241300917,60.003252420954,52.1985930092423,236.087027289283,221.001162325593,1.79887091512879,0.0748169500511155
"Dodonaea viscosa angustissima","E","S","WLAND",7.94328234724282,169.824365246174,12.3026877081238,3.31131121482591,101.468326658748,68.3560385874266,88.8939965450089,80.9303687011655,160.004256160643,117.17521196038,42.8290442002637,109.647819614319,44.928217062111,64.7196025522075,40.7380277804113,0.891250938133746,12.8824955169313,44.2189290239619,65.4288905903566,117.17521196038,42.8290442002637,3.12607936712396,0.189670592121115
"Dodonaea viscosa cuneata","E","S","WLAND",9.77237220955811,112.201845430196,10,1.94984459975805,58.1378012477891,54.0640441824072,47.8357040351908,64.3661413950055,100,65.1322291632747,34.8677708367253,91.201083935591,69.3744113414955,21.8266725940955,2.51188643150958,1.65958690743756,6.45654229034656,45.9324085555051,45.2686753800859,65.1322291632747,34.8677708367253,2.24388192378277,0.110153930954142
"Dodonaea viscosa spatulata","E","S","WLAND",10.2329299228075,131.825673855641,12.8824955169313,1.94984459975805,73.1739288522401,58.6517450034007,60.7315162593553,71.0941575962855,199.526231496888,118.36904206634,81.1571894305477,199.526231496888,102.346814679045,97.1794168178431,3.98107170553497,1.99526231496888,4.46683592150963,89.2816491788567,110.244582318031,118.36904206634,81.1571894305477,2.61818300821899,0.151705036745934
"Drimys winteri","E","T","TEMP_FOR",32.2458173948273,160.004256160643,8.32645912340181,1.55539059854225,48.0675381103593,111.936718050284,46.5323309454089,113.471925215235,245.470891568503,69.5563374314499,175.914554137053,128.824955169313,91.8594778343618,36.9654773349516,12.0226443461741,1.51356124843621,18.6208713666287,66.0677500931952,62.7572050761182,69.5563374314499,175.914554137053,1.35412028162515,NA
"Echinacea purpurea","U","H","TEMP_FOR",3.98107170553497,77.6247116628692,9.77237220955811,1.34896288259165,51.9966132375687,25.6280984253004,51.5232164194739,26.1014952433952,85.1138038202376,64.6312827458575,20.4825210743801,223.872113856834,183.587159847459,40.2849540093754,5.49540873857625,0.707945784384138,26.3026799189538,113.160774276554,110.71133958028,64.6312827458575,20.4825210743801,1.16680961706096,NA
"Eleagnus angustifolia","U","T","WLAND",3.01995172040202,81.2830516164099,14.1253754462275,1.90546071796325,61.7733002538976,19.5097513625123,57.5797412682655,23.7033103481444,58.3067937859553,51.9055698232471,6.40122396270827,147.910838816821,58.834531223033,89.0763075937877,18.1970085860998,0.707945784384138,8.91250938133745,76.1027713821035,71.8080674347172,51.9055698232471,6.40122396270827,3.20626932450547,NA
"Embothrium coccineum","E","T","TEMP_FOR",7.07945784384138,102.329299228075,14.1253754462275,1.58489319246111,64.2539413270913,38.075357900984,54.6556529905521,47.6736462375233,114.815362149688,81.7279784905326,33.0873836591557,147.910838816821,95.089592437636,52.8212463791848,8.7096358995608,0.707945784384138,13.8038426460288,70.5071233744249,77.4037154423958,81.7279784905326,33.0873836591557,1.6274484622563,NA
"Eremaea pauciflora","E","S","WLAND",14.1253754462275,199.526231496888,14.1253754462275,1.77827941003892,103.536161392704,95.9900701041837,98.453221419932,101.073010076956,83.1763771102671,54.2571778303902,28.9191992798769,73.3508020162128,57.1969918320568,16.153810184156,1.90546071796325,0.478630092322638,6.75843526982924,35.089556727619,38.2612452885938,54.2571778303902,28.9191992798769,2.30144181740851,NA
"Eremophila deserti","E","S","WLAND",28.8403150312661,218.776162394955,9.1201083935591,1.25892541179417,66.826157436158,151.950004958797,75.5193730203662,143.256789374589,34.6736850452532,17.9469297194174,16.7267553258358,181.970085860998,96.7200593804052,85.2500264805931,3.01995172040202,1.31778985136909,4.36515832240166,88.5099291746961,93.4601566863021,17.9469297194174,16.7267553258358,3.47536161443206,0.194088587759278
"Eremophila glabra","E","S","WLAND",16.6134701060524,158.531335813571,13.5791284152681,1.8047157535978,75.9538961573835,82.577439656187,64.5112241267523,94.0201116868182,154.881661891248,82.8900780728141,71.991583818434,60.2559586074358,40.9248666580086,19.3310919494272,7.07945784384138,1.07151930523761,8.31763771102671,35.1572508395156,25.0987077679201,82.8900780728141,71.991583818434,2.80590962335656,0.189573660582562
"Eremophila mitchelli","E","S","WLAND",14.1253754462275,177.827941003892,9.1201083935591,1.86208713666287,73.8579191193994,103.970021884493,76.6954389552293,101.132502048663,218.776162394955,100.924864272547,117.851298122408,177.827941003892,123.187482501508,54.6404585023847,3.01995172040202,1.47910838816821,8.12830516164099,85.7495247073998,92.0784162964925,100.924864272547,117.851298122408,3.33426412763235,0.168267406107047
"Eriostemon australasius","E","S","WLAND",12.0226443461741,147.910838816821,10,1.25892541179417,70.7179048811796,77.1929339356412,72.6710304466574,75.2398083701633,144.543977074593,71.9164012564846,72.6275758181082,112.201845430196,95.6718734883419,16.5299719418544,3.01995172040202,1.25892541179417,14.1253754462275,50.6519966217675,61.5498488084288,71.9164012564846,72.6275758181082,1.75792361395869,0.0528445251775181
"Erythronium americanum","U","H","TEMP_FOR",1.90546071796325,44.6683592150963,12.0226443461741,2.34422881531992,33.6238955182248,11.0444636968715,27.2234058320643,17.444953383032,204.173794466953,175.512262331102,28.6615321358512,234.422881531992,133.132373706589,101.290507825404,5.75439937337157,0.977237220955811,9.77237220955811,98.8439861892895,135.578895342703,175.512262331102,28.6615321358512,1.89234361864498,NA
"Eucalyptus dumosa","E","T","WLAND",29.5120922666639,301.995172040202,13.4896288259165,1.28824955169313,108.248620472276,193.746551567925,132.236110155542,169.759061884659,295.120922666639,93.847537434078,201.273385232561,125.892541179417,87.5583709391824,38.3341702402344,5.01187233627272,1.23026877081238,10,60.3226241883495,65.5699169910673,93.847537434078,201.273385232561,2.74157417192788,0.148251808514595
"Eucalyptus haemostoma","E","T","WLAND",18.6208713666287,199.526231496888,12.0226443461741,1.17489755493953,86.4506107090899,113.075620787798,92.6331758397997,106.893055657088,109.647819614319,52.6152257335113,57.0325938808072,58.3067937859553,17.6961068520254,40.6106869339299,33.1131121482591,1.51356124843621,4.36515832240166,28.3001409072501,30.0066528787052,52.6152257335113,57.0325938808072,2.08449088309729,0.0679203632617185
"Eucalyptus intertexta","E","T","WLAND",15.8489319246111,181.970085860998,18.1970085860998,1.25892541179417,100.520771881596,81.4493139794023,90.3745540874956,91.5955317735027,169.824365246174,90.3603857410307,79.4639795051437,204.173794466953,92.4509353556157,111.722859111337,19.9526231496888,1.02329299228075,13.1825673855641,101.106858445086,103.066936021867,90.3603857410307,79.4639795051437,2.65460556197554,0.18578044550917
"Eucalyptus paniculata","E","T","TEMP_FOR",13.1825673855641,120.226443461741,9.1201083935591,0.794328234724281,55.0383770730892,65.1880663886521,53.8328405798902,66.3936028818511,89.1250938133745,42.2352207035973,46.8898731097772,154.881661891248,98.882489406453,55.9991724847951,12.0226443461741,2.95120922666639,13.4896288259165,78.8784149237714,76.0032469674767,42.2352207035973,46.8898731097772,1.29717927098396,0.0574116462207327
"Eucalyptus socialis","E","T","WLAND",28.8403150312661,281.838293126445,16.2181009735893,1.51356124843621,115.198219250852,166.640073875594,116.901088875943,164.937204250503,85.1138038202376,44.1943178113687,40.9194860088689,56.9661770165117,26.4868319779709,30.4793450385408,60.2559586074358,0.881574438779143,14.7910838816821,27.5198427111022,29.4463343054095,44.1943178113687,40.9194860088689,3.47536161443206,0.173780082874938
"Eucalyptus umbra","E","T","TEMP_FOR",24.5470891568503,204.173794466953,8.51138038202377,1.12201845430196,65.4207135530711,138.753080913882,70.3263578805642,133.847436586389,128.824955169313,45.9499413712334,82.87501379808,77.6247116628692,32.2217850382513,45.4029266246179,16.6134701060524,0.977237220955811,6.16595001861482,41.0462417857914,36.5784698770778,45.9499413712334,82.87501379808,1.87499450806742,0.0803526122185617
"Eucryphia cordifolia","E","T","TEMP_FOR",30.3998818265947,133.360981057403,10.6100922715098,0.742096450506415,50.1637379039331,83.1972431534699,41.5634988183768,91.7974822390262,181.970085860998,49.7261181477937,132.243967713205,93.3254300796991,29.304446053914,64.0209840257851,32.2458173948273,1.17489755493953,6.45654229034656,51.0888080212835,42.2366220584156,49.7261181477937,132.243967713205,1.19871936221319,NA
"Eupatorium rugesum","U","H","TEMP_FOR",4.78630092322638,21.3796208950223,6.91830970918936,0.954992586021436,11.7650925117909,9.61452838323147,7.25181234899514,14.1278085460272,81.2830516164099,52.2881206952489,28.994930921161,151.356124843621,59.6046865028282,91.7514383407927,28.8403150312661,1.81970085860998,10.2329299228075,77.7877430032127,73.5683818404082,52.2881206952489,28.994930921161,0.835603018231248,NA
"Eutaxia microphylla","E","S","WLAND",11.7489755493953,89.1250938133745,9.54992586021436,1.62181009735893,42.9756171668454,46.1494766465291,33.6613007107697,55.4637931026048,95.4992586021436,56.7462193410077,38.7530392611359,102.329299228075,58.1728182303936,44.1564809976818,20.6551703776178,1.31825673855641,14.1253754462275,53.906498906615,48.4228003214603,56.7462193410077,38.7530392611359,1.67880401812256,0.0693425806016569
"Galax aphylla","U","H","TEMP_FOR",18.1970085860998,79.4328234724281,4.89778819368446,0.776247116628692,26.1312738758983,53.3015495965298,19.5374236613736,59.8953998110545,102.329299228075,31.2304512807079,71.0988479473674,81.2830516164099,66.2208856323476,15.0621659840623,5.12861383991365,1.94984459975805,12.8824955169313,45.7704424595863,35.5126091568236,31.2304512807079,71.0988479473674,0.711213513653329,NA
"Geijera parviflora","E","T","WLAND",29.5120922666639,186.208713666287,10.471285480509,1.09647819614319,64.1197124357402,122.089001230547,63.9701634437142,122.238550222573,120.226443461741,43.6450792731541,76.5813641885872,158.531335813571,47.8043746579206,110.72696115565,36.3078054770101,1.69824365246174,8.12830516164099,84.5872094776747,73.9441263358958,43.6450792731541,76.5813641885872,3.1988951096914,0.197696964011186
"Gevuina avellana","E","T","TEMP_FOR",52.4807460249773,154.881661891248,8.91250938133745,1,43.1989157142244,111.682746177024,41.2578341662894,113.623827724959,245.470891568503,47.5955074108466,197.875384157657,93.3254300796991,71.1567029282863,22.1687271514128,2.51188643150958,1.07151930523761,7.41310241300917,51.6158463747237,41.7095837049754,47.5955074108466,197.875384157657,1.23026877081238,NA
"Gompholobium grandiflorum","E","S","WLAND",28.1838293126445,128.824955169313,6.91830970918936,1.54881661891248,39.4607986755868,89.3641564937265,37.073275906578,91.7516792627353,147.910838816821,49.2404709275573,98.6703678892634,501.187233627272,183.173286406752,318.013947220521,14.1253754462275,1.81970085860998,10.471285480509,220.176975827612,281.010257799661,49.2404709275573,98.6703678892634,1.59220872705117,0.02333458062281
"Grevillea buxifolia","E","S","WLAND",15.1356124843621,109.647819614319,8.7096358995608,1.62181009735893,45.8505422572565,63.797277357062,37.8316750972569,71.8161445170616,63.0957344480193,37.0145662985007,26.0811681495186,181.970085860998,126.877471302489,55.0926145585097,10.9647819614319,0.954992586021436,20.8929613085404,89.0382860856025,92.9317997753958,37.0145662985007,26.0811681495186,0.778036551039804,0.0252929799644614
"Grevillea speciosa","E","S","WLAND",18.6208713666287,154.881661891248,8.91250938133745,1.28824955169313,58.8745640279463,96.0070978633018,57.8570858717199,97.0245760195282,162.181009735893,64.0305359425003,98.1504737933927,380.189396320561,223.398186490112,156.791209830449,3.63078054770101,1.20226443461741,9.54992586021436,190.785285552481,189.40411076808,64.0305359425003,98.1504737933927,1.31825673855641,0.036897759857015
"Gutierrezia sarothrae","U","S","WLAND",6.02559586074358,295.120922666639,14.7910838816821,4.26579518801593,221.886875442466,73.2340472241729,219.47878619576,75.642136470879,363.078054770101,271.436850693368,91.6412040767337,281.838293126445,87.4775078656782,194.360785260767,28.1838293126445,1.32264740752783,10.2329299228075,134.011897702556,147.82639542389,271.436850693368,91.6412040767337,4.9545019080479,NA
"Hakea dactyloides","E","S","WLAND",41.6869383470336,257.039578276886,12.5892541179417,1.14815362149688,82.7262272523527,174.313351024534,88.4272580155624,168.612320261324,81.2830516164099,31.773626692381,49.5094249240289,69.1830970918937,59.1185110382335,10.0645860536601,7.58577575029184,2.63026799189538,18.6208713666287,28.0265217605769,41.1565753313168,31.773626692381,49.5094249240289,1.36772882559585,0.0460256573581356
"Hakea tephrosperma","E","S","WLAND",40.7380277804113,501.187233627272,12.3026877081238,1.31825673855641,122.721148341985,378.466085285288,229.998495667486,271.188737959786,147.910838816821,49.743947480076,98.1668913367448,281.838293126445,101.27634507399,180.561948052455,18.1970085860998,1,10,158.475907104942,123.362386021503,49.743947480076,98.1668913367448,2.33883723865935,0.0961612278383665
"Hakea teretifolia","E","S","WLAND",20.8929613085404,338.844156139202,14.1253754462275,1.65958690743756,138.872743729003,199.9714124102,190.246269644228,148.597886494974,93.3254300796991,51.9997621018418,41.3256679778573,97.7237220955811,78.6455430783206,19.0781790172604,1.51356124843621,0.812830516164099,6.91830970918936,41.1368342006516,56.5868878949295,51.9997621018418,41.3256679778573,1.10407861990207,0.0448745389933132
"Helianthus microcephalus","U","H","TEMP_FOR",4.07380277804113,39.8107170553497,10.471285480509,1.41253754462275,24.9817599419748,14.8289571133749,17.6201906159903,22.1905264393594,676.082975391982,349.864992831505,326.217982560476,138.038426460289,71.4909095866953,66.5475168735932,13.1825673855641,1.51356124843621,9.77237220955811,67.5942773756997,70.4441490845888,349.864992831505,326.217982560476,1.0447202192208,NA
"Hibbertia bracteata","E","S","WLAND",10.9647819614319,109.647819614319,6.76082975391982,0.891250938133746,46.5935021867685,63.0543174275501,45.6012151396322,64.0466044746863,70.7945784384138,35.0340834865273,35.7604949518865,162.181009735893,53.535378235955,108.645631499938,29.5120922666639,1.81970085860998,7.94328234724282,83.5202285146385,78.6607812212545,35.0340834865273,35.7604949518865,1.14551294144554,0.0297166603173803
"Hibbertia huegelii","E","S","WLAND",14.7910838816821,181.970085860998,12.8824955169313,1.07151930523761,90.238693710525,91.7313921504732,98.9131308422142,83.0569550187841,102.329299228075,54.0113179695965,48.3179812584789,34.6736850452532,21.6445780791481,13.029106966105,19.4984459975805,1.38038426460288,9.54992586021436,17.8920370065363,16.7816480387169,54.0113179695965,48.3179812584789,2.01836636368156,NA
"Hibbertia subvaginata","E","S","WLAND",16.9824365246174,245.470891568503,17.7827941003892,1.81970085860998,131.205266310437,114.265625258066,122.025043323134,123.445848245369,56.9661770165117,39.9017591974169,17.0644178190949,44.6683592150963,24.0602971787054,20.6080620363909,19.0546071796325,0.630957344480193,8.7096358995608,24.918015002636,19.7503442124603,39.9017591974169,17.0644178190949,3.24339617349349,NA
"Jacksonia floribunda","E","S","WLAND",33.1131121482591,309.029543251359,19.9526231496888,2.63026799189538,129.536618693806,179.492924557553,121.093344719335,187.936198532024,177.827941003892,91.5237151189179,86.3042258849744,102.329299228075,30.133283686991,72.1960155410843,60.2559586074358,1.58489319246111,8.7096358995608,50.9583382261564,51.370961001919,91.5237151189179,86.3042258849744,5.00034534976978,NA
"Juniperus monosperma","E","T","WLAND",77.6247116628692,776.247116628692,7.76247116628692,3.71535229097173,75.7977271319396,700.449389496752,228.61171568949,547.635400939202,93.3254300796991,35.4191176760897,57.9063124036094,79.4328234724281,37.7726458794635,41.6601775929646,23.9883291901949,0.891250938133746,10.2329299228075,36.1189914127342,43.3138320596939,35.4191176760897,57.9063124036094,9.1411324147025,NA
"Kalmia latifolia","E","T","TEMP_FOR",36.3078054770101,104.71285480509,4.78630092322638,0.933254300796991,25.5303834416477,79.1824713634422,23.2119853853044,81.5008694197856,549.540873857625,63.5247446330803,486.016129224544,131.825673855641,50.8648729732144,80.9608008824263,28.1838293126445,1.81970085860998,9.1201083935591,58.6548765605995,73.1707972950413,63.5247446330803,486.016129224544,1.21618600064637,NA
"Koeleria cristata","U","G","TEMP_FOR",2.0451477162568,115.681928269994,18.8633010869314,2.51930253571984,100.19963415174,15.4822941182536,96.0495403916311,19.6323878783627,128.824955169313,118.006145014814,10.8188101544989,226.625405668854,64.9114825723868,161.713923096468,30.3998818265947,0.742096450506415,9.33254300796991,111.081114920998,115.544290747857,118.006145014814,10.8188101544989,1.81862697074466,NA
"Lambertia formosa","E","S","WLAND",29.5120922666639,223.872113856834,9.33254300796991,0.891250938133746,69.9581003171164,153.914013539718,80.6562920821428,143.215821774691,109.909527361014,36.7031393175634,73.2063880434508,147.910838816821,97.2829402198785,50.6278985969422,17.3780082874938,0.776247116628692,21.9832449870616,76.4090711495313,71.5017676672894,36.7031393175634,73.2063880434508,1.33967668742594,0.0509330871057195
"Larrea tridentata","E","S","WLAND",12.0226443461741,251.188643150958,18.1970085860998,1.94984459975805,154.544501087832,96.6441420631261,154.011725933881,97.1769172170768,102.329299228075,71.8279547179827,30.5013445100927,218.776162394955,57.2983698181088,161.477792576846,28.8403150312661,2.34422881531992,5.75439937337157,126.114886381351,92.6612760136037,71.8279547179827,30.5013445100927,3.90425265587553,NA
"Lasiopetalum ferrugineum","E","S","TEMP_FOR",23.9883291901949,120.226443461741,8.12830516164099,0.478630092322638,43.2962812779332,76.9301621838081,37.0318513428614,83.19459211888,30.9029543251359,12.9098836974184,17.9930706277175,63.0957344480193,55.6148905187661,7.48084392925322,5.24807460249773,2.23872113856834,16.9824365246174,31.0483957527462,32.0473386952731,12.9098836974184,17.9930706277175,1.40281370456196,0.0363915036127207
"Laurelia philippiana","E","T","TEMP_FOR",26.9153480392692,162.181009735893,6.45654229034656,1,44.1941737829201,117.986835952973,43.4553211680094,118.725688567884,218.776162394955,52.3596037152735,166.416558679682,741.310241300918,161.168591231035,580.141650069883,27.5422870333817,1.99526231496888,9.18061754222427,374.093871153464,367.216370147454,52.3596037152735,166.416558679682,2.2140666847567,NA
"Leptospermum polygalifolium","E","S","TEMP_FOR",7.41310241300917,91.201083935591,8.51138038202377,1.28824955169313,49.2947348400371,41.9063490955539,44.2360677363977,46.9650161991933,120.226443461741,70.7964584117544,49.4299850499869,194.984459975805,168.001837260303,26.9826227155016,1.86653157185913,1.44543977074593,14.1253754462275,82.7509527785011,112.233507197303,70.7964584117544,49.4299850499869,1.19674053130724,0.0413047501990161
"Leptospermum trinervium","E","S","WLAND",22.3872113856834,128.824955169313,4.46683592150963,1.58489319246111,32.8549213375254,95.9700338317879,32.6817676177717,96.1431875515417,295.120922666639,71.627638844033,223.493283822606,199.526231496888,137.599939951466,61.926291545422,11.7489755493953,1.81970085860998,20.4173794466953,99.9570649444456,99.5691665524422,71.627638844033,223.493283822606,1.09900583943252,0.0321366053864032
"Lespedeza capitata","U","H","TEMP_FOR",1.54881661891248,102.329299228075,15.1356124843621,1.23026877081238,91.7441441065461,10.5851551215293,95.1904492427514,7.13884998532396,112.201845430196,99.6095045020194,12.5923409281769,128.824955169313,116.19260536339,12.6323498059237,1.54881661891248,1.23026877081238,13.8038426460288,62.8362723242433,65.9886828450701,99.6095045020194,12.5923409281769,NA,NA
"Leucopogon conostephioides","E","S","WLAND",14.1253754462275,158.489319246111,6.45654229034656,1.73780082874938,53.899250544065,104.590068702046,60.0807300076531,98.4085892384583,128.824955169313,60.6845992222939,68.1403559470194,199.526231496888,74.4269249642286,125.099306532659,14.7910838816821,0.977237220955811,7.76247116628692,88.7388164064274,110.78741509046,60.6845992222939,68.1403559470194,1.73780082874938,NA
"Licania heteromorpha","E","T","TROP_RF",39.8107170553497,147.910838816821,7.94328234724282,0.776247116628692,42.6839768510582,105.226861965763,39.4399914508738,108.470847365947,123.026877081238,30.5745867074612,92.4522903737769,30.9029543251359,13.5927638618466,17.3101904632893,29.5120922666639,0.954992586021436,6.16595001861482,15.3516812044134,15.5512731207225,30.5745867074612,92.4522903737769,1.93196831701692,NA
"Liriodendron tulipifera","D","T","TEMP_FOR",5.24807460249773,60.2559586074358,10.2329299228075,0.851138038202376,37.5443827761791,22.7115758312567,33.8613833436415,26.3945752637943,281.838293126445,143.475370257214,138.362922869232,33.8844156139203,22.4142062682885,11.4702093456317,19.4984459975805,2.57039578276886,9.33254300796991,17.6413557345248,16.2430598793955,143.475370257214,138.362922869232,1.20882030150552,NA
"Lomatia hirsuta","E","T","TEMP_FOR",23.9883291901949,123.026877081238,8.91250938133745,1,44.8568264954194,78.1700505858187,38.5366728627124,84.4902042185257,122.272053936742,43.854323947446,78.4177299892959,83.1763771102671,36.8705860489272,46.3057910613399,16.6134701060524,1.94984459975805,5.88843655355589,41.7508835089384,41.4254936013287,43.854323947446,78.4177299892959,1.03752841581801,NA
"Lomatia silaifolia","E","S","TEMP_FOR",27.5422870333817,141.253754462275,5.88843655355589,0.812830516164099,37.4382534098544,103.815501052421,32.9516997299986,108.302054732277,61.6758465277276,20.4945118742016,41.181334653526,316.227766016838,241.972564980616,74.2552010362222,1.54881661891248,2.45470891568503,8.32645912340181,162.618376469706,153.609389547132,20.4945118742016,41.181334653526,0.864967918775693,0.0447713304176363
"Luehea seemannii","D","T","TROP_RF",6.30957344480193,138.038426460289,18.6208713666287,2.95120922666639,96.852060584169,41.1863658761195,75.3398631359142,62.6985633243744,114.815362149688,95.4570382376819,19.3583239120064,134.896288259165,58.1938256861588,76.7024625730065,8.31763771102671,0.91201083935591,5.62341325190349,58.0801796250327,76.8161086341327,95.4570382376819,19.3583239120064,NA,NA
"Luma apiculata","E","T","TEMP_FOR",20.6551703776178,150.109718098091,9.18061754222427,1.43657137207712,57.0605122050879,93.0492058930029,52.2038963447314,97.9058217533593,104.71285480509,47.4991863574592,57.2136684476308,85.1138038202376,49.0619958501037,36.051807970134,29.5120922666639,1.90546071796325,15.4881661891248,42.7968083191152,42.3169955011224,47.4991863574592,57.2136684476308,1.69912409930194,NA
"Lupinus perennis","U","H","TEMP_FOR",0.933254300796991,64.5654229034656,20.8929613085404,1.90546071796325,58.4874434623053,6.07797944116023,56.8932198613731,7.67220304209242,85.1138038202376,81.9406792432218,3.17312457701587,104.71285480509,66.614813483899,38.098041321191,17.203510428574,0.562341325190349,17.7827941003892,51.4960105109086,53.2168442941813,81.9406792432218,3.17312457701587,2.0748936646624,NA
"Lyginia barbata","E","G","WLAND",45.7088189614875,676.082975391982,20.4173794466953,2.69153480392692,219.692266138984,456.390709252998,306.887257451394,369.195717940588,104.71285480509,56.0732515157072,48.6396032893828,162.181009735893,76.2627496368596,85.9182600990334,10.9647819614319,0.741310241300917,8.91250938133745,83.8288572862412,78.3521524496518,56.0732515157072,48.6396032893828,4.83058802039773,NA
"Lyonia lucida","E","S","TEMP_FOR",19.4984459975805,239.883291901949,6.16595001861482,1.38038426460288,59.1018995645665,180.781392337382,87.1787046567338,152.704587245215,257.039578276886,76.1958133660489,180.843764910838,295.120922666639,176.174113461953,118.946809204686,5.75439937337157,3.46736850452532,8.91250938133745,149.438872052048,145.682050614591,76.1958133660489,180.843764910838,1.69639878216067,NA
"Macrozamia riedlei","E","S","WLAND",104.71285480509,288.403150312661,11.7489755493953,0.954992586021436,65.9265348439991,222.476615468661,78.1439536477585,210.259196664902,263.026799189538,39.923801922196,223.102997267342,102.329299228075,45.8126933354882,56.5166058925872,20.8929613085404,1.47910838816821,8.7096358995608,43.0408879425899,59.2884112854855,39.923801922196,223.102997267342,5.02342589522387,NA
"Manihot esculenta","U","S","TROP_RF",1.51356124843621,36.3078054770101,16.9824365246174,1.20226443461741,29.2348794727757,7.07292600423441,26.2110548699731,10.096750607037,77.6247116628692,70.9827810840005,6.64193057886868,239.883291901949,55.8282871311387,184.05500477081,40.7380277804113,1.28824955169313,7.94328234724282,120.950989569005,118.932302332944,70.9827810840005,6.64193057886868,1.44543977074593,NA
"Melaleuca acerosa","E","S","WLAND",24.5470891568503,331.131121482591,16.2181009735893,2.69153480392692,139.003802772266,192.127318710325,147.621432580243,183.509688902349,63.0957344480193,42.1144428996379,20.9812915483814,83.1763771102671,65.5391568026692,17.6372203075979,23.9883291901949,2.88479607896542,30.1995172040202,44.4327176737258,38.7436594365413,42.1144428996379,20.9812915483814,2.82487997491571,NA
"Melaleuca uncinata","E","S","WLAND",16.6134701060524,331.013844723503,12.8372911252395,2.88479607896542,146.17123819178,184.842606531724,174.826175263192,156.187669460311,257.039578276886,136.71272511628,120.326853160606,70.7945784384138,31.0303713116065,39.7642071268073,41.6869383470336,0.933254300796991,11.7489755493953,37.474035129424,33.3205433089898,136.71272511628,120.326853160606,3.58277732244108,0.202911208758517
"Miconia dispar","U","T","TROP_RF",12.0226443461741,109.647819614319,10.2329299228075,0.575439937337157,55.4184686749152,54.2293509394033,56.0386484685056,53.609171145813,151.356124843621,60.0591838236736,91.2969410199473,150.109718098091,44.112344357052,105.997373741039,22.9086765276777,0.575439937337157,6.76082975391982,82.7492962124895,67.3604218856013,60.0591838236736,91.2969410199473,1.76197604641163,NA
"Myrceugenia planipes","E","T","TEMP_FOR",36.3078054770101,131.825673855641,6.16595001861482,0.707945784384138,34.45781403363,97.3678598220107,30.2601859447826,101.565487910858,79.4328234724281,20.8017537353963,58.6310697370318,218.776162394955,135.786455111223,82.9897072837319,2.0451477162568,0.873864476177872,5.88843655355589,113.615411674575,105.16075072038,20.8017537353963,58.6310697370318,1.29622342197875,NA
"Nothofagus dombeyi","E","T","TEMP_FOR",17.203510428574,128.961582670202,11.2231590882003,1.32264740752783,57.04060826338,71.9209744068218,48.7292856881019,80.2322969820998,79.4328234724281,43.0386285604526,36.3941949119756,87.0963589956081,44.3063830271476,42.7899759684605,24.5470891568503,0.851138038202376,12.3026877081238,47.3012329479292,39.7951260476788,43.0386285604526,36.3941949119756,1.93988448144692,NA
"Nuytsia floribunda","E","T","WLAND",28.1838293126445,457.088189614875,12.8824955169313,2.23872113856834,144.694738265837,312.393451349038,223.835812100577,233.252377514298,223.872113856834,94.3672034485213,129.504910408313,61.6758465277276,13.2157910780362,48.4600554496914,26.0860792514197,0.616595001861482,2.95120922666639,29.9840664941345,31.691780033593,94.3672034485213,129.504910408313,3.49140315478586,NA
"Ocotea costulata","E","T","TROP_RF",38.9045144994281,128.824955169313,5.88843655355589,0.645654229034656,32.2259054894423,96.599049679871,27.4495963709117,101.375358798402,162.181009735893,29.1382663640114,133.042743371882,301.995172040202,121.711903871474,180.283268168728,40.7380277804113,1.34896288259165,19.9526231496888,169.479037530222,132.516134509979,29.1382663640114,133.042743371882,1.95433945577539,NA
"Olearia decurrens","E","S","WLAND",11.2201845430196,154.881661891248,10.2329299228075,1.58489319246111,76.5829213239967,78.2987405672514,77.1339160121174,77.7477458791307,186.208713666287,96.1528723908159,90.0558412754708,81.2830516164099,62.0441911389935,19.2388604774164,10.2329299228075,1.86208713666287,16.2181009735893,43.1841737020578,38.0988779143521,96.1528723908159,90.0558412754708,2.66685866452148,0.131825673855641
"Olearia pimelioides","E","S","WLAND",11.461975519794,109.909527361014,6.75843526982924,1.76363540766109,45.5916735576583,64.3178538033558,39.388514185743,70.5210131752712,128.961582670202,66.5449474428283,62.4166352273734,91.201083935591,55.9486959212007,35.2523880143902,9.33254300796991,0.316227766016838,10.9647819614319,48.5724203948373,42.6286635407537,66.5449474428283,62.4166352273734,2.65477501854305,0.13678228769628
"Patersonia occidentalis","E","H","WLAND",28.8403150312661,380.189396320561,15.4881661891248,1.90546071796325,144.853464385939,235.335931934622,172.694859064625,207.494537255936,223.872113856834,94.5898870366422,129.282226820192,346.736850452532,271.159196343891,75.5776541086411,3.98107170553497,3.71535229097173,16.9824365246174,139.108286932966,207.628563519566,94.5898870366422,129.282226820192,3.27340694878838,NA
"Persea borbonia","E","S","TEMP_FOR",18.1970085860998,112.201845430196,6.76082975391982,0.741310241300917,40.6694113607245,71.5324340694718,34.4478919251178,77.7539535050786,123.026877081238,39.8135467894618,83.2133302917763,120.226443461741,35.8242266747949,84.4022167869465,29.5120922666639,1.47910838816821,6.02559586074358,53.1811660024527,67.0452774592887,39.8135467894618,83.2133302917763,1.82389570231964,NA
"Persea lingue","E","T","TEMP_FOR",33.1131121482591,104.71285480509,8.12830516164099,0.446683592150963,35.9153080983728,68.7975467067171,27.0622973797067,77.6505574253833,91.201083935591,22.9660913750344,68.2349925605566,91.201083935591,53.1996985407384,38.0013853948526,14.4543977074593,0.602559586074358,12.3026877081238,45.1200733614568,46.0810105741342,22.9660913750344,68.2349925605566,1.05196187382322,NA
"Persoonia levis","E","S","WLAND",45.7088189614875,181.970085860998,8.12830516164099,0.562341325190349,49.0490470030668,132.921038857931,44.8776385811099,137.092447279888,95.4992586021436,21.8865978287564,73.6126607733871,331.131121482591,156.716358630707,174.414762851884,16.2181009735893,1.62181009735893,14.7910838816821,166.957349884078,164.173771598513,21.8865978287564,73.6126607733871,1.07646521362983,0.0437522105158252
"Persoonia linearis","E","T","TEMP_FOR",40.7380277804113,144.543977074593,7.41310241300917,0.707945784384138,40.5920535676752,103.951923506918,36.3202972383061,108.223679836287,58.8843655355589,17.6093977491741,41.2749677863848,257.039578276886,57.0568674522077,199.982710824679,29.5120922666639,0.562341325190349,7.07945784384138,143.785648592068,113.253929684818,17.6093977491741,41.2749677863848,1.09395636627209,0.0714496326075513
"Persoonia saccata","E","S","WLAND",29.5120922666639,457.088189614875,19.0546071796325,2.45470891568503,188.552139528519,268.536050086356,222.854714592927,234.233475021948,257.039578276886,120.745886748478,136.293691528408,123.026877081238,104.591271639875,18.4356054413628,2.08929613085404,2.04173794466953,10.471285480509,57.194160491182,65.8327165900561,120.745886748478,136.293691528408,3.28851630875983,NA
"Petrophile linearis","E","S","WLAND",41.6869383470336,549.540873857625,21.8776162394955,3.38844156139203,197.964900273974,351.575973583651,231.687176978577,317.853696879047,131.825673855641,74.0164425121755,57.8092313434653,549.540873857625,228.660291307905,320.88058254972,13.1825673855641,1.12201845430196,14.1253754462275,317.584417213524,231.9564566441,74.0164425121755,57.8092313434653,3.38844156139203,NA
"Philotheca difformis","E","S","WLAND",22.9849776094508,226.625405668854,10.1325594562952,3.05709260499561,78.426957314528,148.198448354327,80.7004424043452,145.924963264509,134.896288259165,72.6647896960416,62.2314985631237,30.9029543251359,18.8054900351735,12.0974642899624,11.7489755493953,0.741310241300917,6.76082975391982,14.6139728038096,16.2889815213263,72.6647896960416,62.2314985631237,3.25112205501044,0.150807190233915
"Phyllota phylicoides","E","S","WLAND",22.3872113856834,120.226443461741,8.31763771102671,1.77827941003892,43.8856017763096,76.3408416854317,38.2012699271332,82.0251735346081,158.489319246111,64.3006159960697,94.1887032500418,331.131121482591,115.533352917671,215.59776856492,26.9153480392692,0.758577575029184,13.8038426460288,168.331627504543,162.799493978048,64.3006159960697,94.1887032500418,1.47910838816821,0.0214783047413053
"Picea engelmanii","E","T","TEMP_FOR",89.1250938133745,309.029543251359,3.54813389233576,0.977237220955811,26.7583494098303,282.271193841529,36.890387216624,272.139156034735,363.078054770101,26.572924339446,336.505130430655,245.470891568503,86.029824995323,159.44106657318,24.5470891568503,1.58489319246111,10.2329299228075,131.892846567531,113.578045000972,26.572924339446,336.505130430655,3.14774831410132,NA
"Picea glauca","E","T","TEMP_FOR",60.2559586074358,288.403150312661,6.60693448007596,1.14815362149688,49.5897277277805,238.81342258488,66.1290890729181,222.274061239742,93.3254300796991,22.408629222406,70.9168008572931,114.815362149688,54.5773537902,60.2380083594882,20.8929613085404,0.897164117362141,11.2201845430196,59.5381200471853,55.277242102503,22.408629222406,70.9168008572931,NA,NA
"Pimelea linifolia","E","S","WLAND",12.5892541179417,57.5439937337157,7.94328234724282,1.31825673855641,25.8481637549772,31.6958299787385,18.1633549665831,39.3806387671326,91.201083935591,47.8469739517168,43.3541099838742,95.4992586021436,66.0596113929764,29.4396472091672,23.4422881531992,2.08929613085404,21.8776162394955,50.3658771847716,45.133381417372,47.8469739517168,43.3541099838742,0.84527884516029,0.0301995172040202
"Pimelea microcephala","E","S","WLAND",7.58577575029184,81.2830516164099,10.7151930523761,2.18776162394955,45.4172977525825,35.8657538638274,33.268370292344,48.0146813240659,154.881661891248,103.847469280131,51.0341926111175,177.827941003892,69.0183405141986,108.809600489694,26.9153480392692,2.51930253571984,9.54992586021436,86.9621680439875,90.8657729599048,103.847469280131,51.0341926111175,2.47742205763329,0.155955250282695
"Pinus banksiana","E","T","TEMP_FOR",26.9153480392692,245.470891568503,7.58577575029184,1.47910838816821,63.1239310275163,182.346960540987,79.4087476046497,166.062143963853,131.825673855641,47.7987303876702,84.0269434679705,75.8577575029184,22.5975464672914,53.260211035627,20.8929613085404,0.990191424423945,4.07380277804113,40.5748069758083,35.2829505271101,47.7987303876702,84.0269434679705,3.02691342810131,NA
"Pinus flexilis","E","T","TEMP_FOR",36.3078054770101,363.078054770101,9.77237220955811,1.47910838816821,86.8550275529166,276.223027217185,129.687608973699,233.390445796403,91.201083935591,35.8442039735942,55.3568799619967,144.543977074593,133.170135056804,11.3738420177887,0.933254300796991,0.831763771102671,13.1825673855641,67.1138173788352,77.4301596957576,35.8442039735942,55.3568799619967,4.10204102986607,NA
"Pinus palustris","E","T","TEMP_FOR",32.3593656929628,257.039578276886,3.89045144994281,0.91201083935591,34.1723551645943,222.867223112292,28.2576301128111,228.781948164075,741.310241300918,70.8904070881971,670.419834212721,309.029543251359,94.0728652424095,214.95667800895,29.5120922666639,0.446683592150963,12.0226443461741,156.003022380553,153.026520870806,70.8904070881971,670.419834212721,2.09411245585089,NA
"Pinus rigida","E","T","TEMP_FOR",33.1131121482591,204.173794466953,11.2201845430196,1.07151930523761,69.3474767169023,134.826317750051,69.5807083570031,134.59308610995,70.7945784384138,29.6346438945838,41.15993454383,125.892541179417,46.109688419556,79.7828527598608,14.7910838816821,0.691830970918937,6.45654229034656,67.5293318335036,58.3632093459132,29.6346438945838,41.15993454383,2.37137370566166,NA
"Pinus serotina","E","T","TEMP_FOR",26.9153480392692,275.422870333817,4.07380277804113,1.20226443461741,38.6782517339978,236.744618599819,51.9292504824312,223.493619851385,125.892541179417,33.4552203430024,92.4373208364144,245.470891568503,164.342929735013,81.1279618334899,1.99526231496888,1.55539059854225,6.45654229034656,130.187289122358,115.283602446145,33.4552203430024,92.4373208364144,2.28559880337543,NA
"Pinus strobus","E","T","TEMP_FOR",20.8929613085404,122.272053936742,6.02559586074358,0.596649334835271,37.8668351785207,84.4052187582213,29.4316936680248,92.8403602687171,218.776162394955,46.8730236736118,171.903138721343,457.088189614875,216.805245195975,240.2829444189,11.2201845430196,0.562341325190349,15.4881661891248,236.212495564896,220.87569404998,46.8730236736118,171.903138721343,NA,NA
"Pinus sylvestris","E","T","TEMP_FOR",26.9153480392692,295.120922666639,10.2329299228075,1.81970085860998,89.0579778691879,206.062944797451,113.856611830204,181.264310836435,128.859107517529,55.8596505468121,72.9994569707167,257.039578276886,69.8605720915183,187.179006185368,45.7088189614875,2.08929613085404,10,115.314253353315,141.725324923572,55.8596505468121,72.9994569707167,3.19922523133773,NA
"Poa pratensis","U","G","TEMP_FOR",3.01995172040202,100,30.1995172040202,3.46736850452532,82.2440937740275,17.7559062259725,60.5433325701787,39.4566674298213,44.6683592150963,42.9936255041029,1.67473371099337,128.824955169313,65.3349670894914,63.489988079822,47.8630092322638,1.99526231496888,20.4173794466953,59.9137518348062,68.9112033345072,42.9936255041029,1.67473371099337,NA,NA
"Podocarpus nubigena","E","T","TEMP_FOR",77.6247116628692,199.526231496888,7.94328234724282,0.831763771102671,44.3938976569113,155.132333839977,49.0229787016014,150.503252795287,147.910838816821,25.23875199407,122.672086822751,131.825673855641,82.1679417872455,49.6577320683952,16.9824365246174,1.58489319246111,16.5958690743756,61.5266050002496,70.2990688553911,25.23875199407,122.672086822751,1.68950082615282,NA
"Podocarpus saligna","E","T","TEMP_FOR",26.0860792514197,167.891527994965,6.16595001861482,0.897164117362141,44.8115666204658,123.079961374499,43.0391384285181,124.852389566447,75.8577575029184,25.4918190481013,50.3659384548171,120.226443461741,60.149576213991,60.0768672477503,9.77237220955811,0.977237220955811,7.58577575029184,58.9003883198261,61.3260551419153,25.4918190481013,50.3659384548171,1.71460112064798,NA
"Podophyllum peltatum","U","H","TEMP_FOR",3.01995172040202,30.9029543251359,6.45654229034656,0.831763771102671,19.0020014956429,11.900952829493,16.0571337493422,14.8458205757937,158.489319246111,96.2246231362839,62.2646961098275,105.407592786826,45.0586350128156,60.3489577740104,28.8403150312661,1.25892541179417,10.471285480509,50.2707471172729,55.1368456695531,96.2246231362839,62.2646961098275,1.36536321534477,NA
"Pomaderris ferruginea","E","S","TEMP_FOR",11.4815362149688,97.7237220955811,7.58577575029184,0.562341325190349,43.5685713599103,54.1551507356708,44.2088531176026,53.5148689779785,457.088189614875,110.02054384282,347.067645772055,70.7945784384138,53.6236017343669,17.1709767040469,2.50760701768545,1,6.30957344480193,24.9621760788647,45.8324023595491,110.02054384282,347.067645772055,1.26765186585785,0.0404575891697443
"Populus deltoides","D","T","TEMP_FOR",5.01187233627272,91.201083935591,14.7910838816821,1.25892541179417,63.5354401214683,27.6656438141226,58.8114107168919,32.3896732186991,64.5654229034656,51.3602339487156,13.2051889547499,194.984459975805,142.099085675005,52.8853743007996,7.58577575029184,1.38038426460288,18.1970085860998,103.570238904599,91.4142210712056,51.3602339487156,13.2051889547499,2.10913701338626,NA
"Populus fremontii","U","T","WLAND",3.01995172040202,120.226443461741,14.4543977074593,1.73780082874938,96.9857144604065,23.2407290013348,100.427011130187,19.7994323315542,181.970085860998,145.729417524057,36.2406683369412,115.681928269994,40.2213660641483,75.4605622058456,89.1250938133745,1.94984459975805,15.1356124843621,65.253504365969,50.4284239040248,145.729417524057,36.2406683369412,1.9815270258051,NA
"Populus tremuloides","D","T","TEMP_FOR",5.01187233627272,83.1763771102671,12.0226443461741,1.86208713666287,54.7378860839746,28.4384910262925,44.5825298151744,38.5938472950927,93.3254300796991,73.1182573012807,20.2071727784185,102.329299228075,74.9902477483759,27.3390514796994,9.54992586021436,3.05709260499561,13.4896288259165,54.2541430029942,48.0751562250812,73.1182573012807,20.2071727784185,1.7666772393009,NA
"Prosopis glandulosa","U","T","WLAND",7.07945784384138,194.984459975805,17.7827941003892,1.51356124843621,142.536103582088,52.4483563937166,148.52881023805,46.4556497377549,776.247116628692,383.429681558982,392.81743506971,85.1138038202376,65.0312404416313,20.0825633786063,3.01995172040202,1.14815362149688,7.94328234724282,38.4456471407146,46.668156679523,383.429681558982,392.81743506971,3.75324040711828,NA
"Protium sp1","E","T","TROP_RF",33.1131121482591,114.815362149688,4.07380277804113,0.691830970918937,25.773105862563,89.0422562871253,19.6390509617701,95.1763111879182,75.226672993953,17.0286072818572,58.1980657120958,154.881661891248,41.6063404126086,113.27532147864,32.3593656929628,1,6.91830970918936,72.626712591258,82.2549492999901,17.0286072818572,58.1980657120958,0.993116048420934,NA
"Protium sp2","E","T","TROP_RF",34.6736850452532,123.026877081238,8.12830516164099,0.707945784384138,39.5398335469438,83.4870435342943,33.0008058147641,90.026071266474,301.995172040202,55.4243669791525,246.570805061049,295.120922666639,195.418567108531,99.7023555581081,6.30957344480193,1.77827941003892,14.7910838816821,134.882249685607,160.238672981032,55.4243669791525,246.570805061049,2.15774440915267,NA
"Prumnopitys andina","E","T","TEMP_FOR",33.8844156139203,147.910838816821,5.62341325190349,0.602559586074358,35.8084109549375,112.102427861883,28.3658623388922,119.544976477929,83.1763771102671,19.9203624023518,63.2560147079153,93.3254300796991,36.7180155978447,56.6074144818544,38.9045144994281,0.870963589956081,10.9647819614319,45.1236284785023,48.2018016011968,19.9203624023518,63.2560147079153,1.36772882559585,NA
"Psychrophila leptosepala","U","H","TEMP_FOR",2.51188643150958,79.4328234724281,8.7096358995608,1.20226443461741,59.9712590358278,19.4615644366003,68.3861250301702,11.0466984422579,226.625405668854,156.190514069801,70.434891599053,81.2830516164099,41.8481290211085,39.4349225953014,36.3078054770101,1.31825673855641,14.7910838816821,46.7094184551462,34.5736331612637,156.190514069801,70.434891599053,2.30144181740851,NA
"Pterocaulon pycnostachyum","U","H","TEMP_FOR",5.12861383991365,81.2830516164099,7.76247116628692,1.25892541179417,47.670076732518,33.6129748838919,49.5157839283082,31.7672676881017,91.201083935591,61.1482056539383,30.0528782816527,38.0189396320561,20.9498010197661,17.0691386122901,36.3078054770101,0.501187233627272,12.8824955169313,19.0732547616052,18.9456848704509,61.1482056539383,30.0528782816527,1.59220872705117,NA
"Pultenea daphnoides","E","S","TEMP_FOR",9.33254300796991,93.3254300796991,9.54992586021436,0.870963589956081,48.9514898945115,44.3739401851876,45.8851662143265,47.4402638653726,346.736850452532,130.459221066438,216.277629386094,63.0957344480193,30.4109060270064,32.684828421013,23.9883291901949,1.86208713666287,7.94328234724282,26.8889767593533,36.206757688666,130.459221066438,216.277629386094,1.83653834334835,0.0338844156139203
"Pultenea flexilis","E","S","TEMP_FOR",16.5958690743756,91.201083935591,10,1.14815362149688,40.47162333345,50.729460602141,31.9412711886966,59.2598127468944,331.013844723503,109.397068706056,221.616776017448,281.838293126445,109.469873352885,172.368419773561,18.1970085860998,1.81970085860998,10.2329299228075,138.142037158123,143.696255968322,109.397068706056,221.616776017448,1.84501541917947,0.0407380277804113
"Quercus coccinea","D","T","TEMP_FOR",5.75439937337157,85.1138038202376,9.77237220955811,0.977237220955811,52.9075751858618,32.2062286343758,55.062728114735,30.0510757055026,83.1763771102671,55.0458932008499,28.1304839094172,109.647819614319,63.8581329466543,45.7896866676642,4.07380277804113,0.776247116628692,5.75439937337157,45.7335067791368,63.9143128351817,55.0458932008499,28.1304839094172,NA,NA
"Quercus ellipsoidalis","U","T","TEMP_FOR",6.02559586074358,104.71285480509,13.1825673855641,1.38038426460288,68.5442695790658,36.1685852260242,64.9171428250821,39.7957119800078,97.7237220955811,71.2602540957994,26.4634679997817,309.029543251359,121.444188581122,187.585354670237,6.02559586074358,1.28824955169313,5.49540873857625,170.840927728318,138.188615523042,71.2602540957994,26.4634679997817,2.2080047330189,NA
"Quercus laevis","D","T","TEMP_FOR",7.58577575029184,102.329299228075,6.76082975391982,0.645654229034656,50.7589256251355,51.5703736029399,66.665117303118,35.6641819249573,105.407592786826,48.8753047844029,56.5322880024231,100,54.473675241373,45.526324758627,36.3078054770101,0.794328234724281,19.0546071796325,43.116709107297,56.883290892703,48.8753047844029,56.5322880024231,1.42050931194549,NA
"Quercus virginia var geminata","U","T","TEMP_FOR",10.9647819614319,158.489319246111,12.8824955169313,0.91201083935591,90.0572038901068,68.4321153560047,100.568618954442,57.9207002916699,199.526231496888,94.0556388705727,105.470592626315,158.489319246111,78.6581264644337,79.8311927816777,20.8929613085404,3.71535229097173,10.471285480509,94.3705914662468,64.1187277798647,94.0556388705727,105.470592626315,2.44906324184475,NA
"Regelia ciliata","E","S","WLAND",19.0546071796325,154.881661891248,14.7910838816821,1.47910838816821,74.1375683058458,80.7440935854023,61.3837818097585,93.4978800814896,181.970085860998,87.2601699066884,94.7099159543099,89.1250938133745,30.5626879399969,58.5624058733776,95.4992586021436,1.25892541179417,14.4543977074593,38.0727972081053,51.0522966052692,87.2601699066884,94.7099159543099,1.74180687339161,NA
"Rhododendron maximum","E","T","TEMP_FOR",47.8630092322638,204.173794466953,6.91830970918936,0.776247116628692,46.2374968881326,157.93629757882,47.993831922554,156.179962544399,281.838293126445,42.4201701564288,239.418122970017,160.004256160643,47.2906202603517,112.713635900292,36.3078054770101,1.54881661891248,8.12830516164099,77.7678746487981,82.2363815118453,42.4201701564288,239.418122970017,NA,NA
"Robinia pseudoacacia","D","T","TEMP_FOR",4.57088189614875,38.0189396320561,9.33254300796991,1.20226443461741,22.9576597885953,15.0612798434608,15.884690112353,22.1342495197032,57.5439937337157,43.6292484780313,13.9147452556844,75.226672993953,56.8553850697682,18.3712879241848,5.75439937337157,0.616595001861482,12.0226443461741,35.2087920020475,40.0178809919055,43.6292484780313,13.9147452556844,1.83837640849831,NA
"Rudbeckia serotina","U","H","TEMP_FOR",1.54881661891248,70.7945784384138,20.4173794466953,1.23026877081238,62.0903417482796,8.70423669013421,61.4789106759861,9.31566776242767,147.910838816821,132.099619057361,15.8112197594601,81.2830516164099,73.5277714885863,7.75528012782358,1.97255345736346,5.62341325190349,8.12830516164099,43.2076572827407,38.0753943336692,132.099619057361,15.8112197594601,1.53108746168203,NA
"Salix glauca","D","T","TEMP_FOR",3.01995172040202,81.2830516164099,10.2329299228075,1.44543977074593,59.8544446397252,21.4286069766847,63.4926917297729,17.790359886637,144.543977074593,109.595169125535,34.948807949058,288.403150312661,44.3732323866689,244.029917925992,104.71285480509,1.86208713666287,8.51138038202377,142.986638747393,145.416511565268,109.595169125535,34.948807949058,2.00678637074293,NA
"Salix planifolia","U","T","TEMP_FOR",3.01995172040202,81.2830516164099,12.3026877081238,1.99526231496888,60.3450076172659,20.938043999144,56.8044199728766,24.4786316435333,199.526231496888,157.780330777384,41.745900719504,39.8107170553497,35.7888381914269,4.02187886392281,3.01995172040202,1.20226443461741,12.0226443461741,19.5817922227605,20.2289248325893,157.780330777384,41.745900719504,2.17270117886374,NA
"Sanguinaria canadensis","U","H","TEMP_FOR",3.98107170553497,30.9029543251359,7.94328234724282,2.04173794466953,18.3086713413005,12.5942829838354,11.835124109362,19.0678302157739,128.824955169313,95.5127316843763,33.312223484937,223.872113856834,66.9976536476075,156.874460209227,26.9153480392692,3.09029543251359,6.16595001861482,116.070591560322,107.801522296512,95.5127316843763,33.312223484937,1.67109061431071,NA
"Santalum acuminatum","E","T","WLAND",17.3780082874938,309.029543251359,7.41310241300917,1.34896288259165,85.6207774333531,223.408765818006,171.608965106277,137.420578145083,177.827941003892,67.0878697139567,110.740071289936,128.824955169313,82.8000278911581,46.0249272781553,2.69153480392692,1.94984459975805,4.46683592150963,64.1809213927854,64.6440337765279,67.0878697139567,110.740071289936,3.11888958409394,0.199526231496888
"Saxegothaea conspicua","E","T","TEMP_FOR",36.3078054770101,128.824955169313,5.75439937337157,0.616595001861482,32.9456967606662,95.8792584086472,27.6091871666184,101.215768002695,36.3078054770101,11.4865954397001,24.82121003731,144.543977074593,60.7918216276542,83.7521554469386,34.6736850452532,1.62181009735893,12.8824955169313,65.0026968998307,79.5412801747621,11.4865954397001,24.82121003731,1.22992860147042,NA
"Schizachyrium scoparium","U","G","TEMP_FOR",1.69941645950975,56.9661770165117,16.1185959039243,0.873864476177872,48.0097459916795,8.95643102483222,48.8880418891397,8.07813512737199,288.403150312661,223.107467540179,65.2956827724818,85.1138038202376,40.2684783487288,44.8453254715089,28.8403150312661,0.380189396320561,12.5892541179417,46.1889410938722,38.9248627263655,223.107467540179,65.2956827724818,0.703191607026572,NA
"Scholtzia involucrata","E","S","WLAND",23.4422881531992,177.827941003892,14.7910838816821,1.77827941003892,78.2417369012888,99.5862041026034,67.7252930721853,110.102647931707,275.422870333817,113.549255404778,161.873614929038,120.226443461741,65.0790777072275,55.1473657545138,30.9029543251359,0.707945784384138,18.8633010869314,67.1400785953334,53.0863648664079,113.549255404778,161.873614929038,2.31206479017559,NA
"Senna artemisioides 1lft","E","S","WLAND",19.4984459975805,346.736850452532,12.8824955169313,5.62341325190349,144.583717454657,202.153132997875,146.571312686798,200.165537765734,380.189396320561,215.065184502111,165.12421181845,416.869383470335,163.512708425849,253.356675044487,18.6208713666287,2.51188643150958,12.0226443461741,214.448703682226,202.420679788109,215.065184502111,165.12421181845,4.41570447353313,0.175388050184176
"Senna artemisioides 3lft","E","S","WLAND",20.8929613085404,281.838293126445,14.1253754462275,3.46736850452532,119.425127009202,162.413166117244,117.237481980563,164.600811145883,338.844156139202,169.137428901757,169.706727237446,104.71285480509,66.8327001431653,37.8801546619246,6.45654229034656,1.90546071796325,7.76247116628692,49.2380761551325,55.4747786499575,169.137428901757,169.706727237446,3.11171633710602,0.152756605823807
"Silphium integrifolium","U","H","TEMP_FOR",3.98107170553497,85.1138038202376,10,1.65958690743756,57.3945663712262,27.7192374490114,56.2000965532311,28.9137072670065,169.824365246174,121.823462240168,48.0009030060062,109.647819614319,71.8519769110353,37.7958427032832,15.8489319246111,0.645654229034656,18.1970085860998,44.8273624361857,64.8204571781328,121.823462240168,48.0009030060062,1.4288939585111,NA
"Silphium terebinthinaceum","U","H","TEMP_FOR",3.01995172040202,75.8577575029184,13.4896288259165,1.31825673855641,57.6437031782603,18.2140543246581,57.1061149961383,18.75164250678,79.4328234724281,66.7246831598597,12.7081403125684,123.026877081238,100.862778174288,22.1640989069503,3.01995172040202,1.31825673855641,12.3026877081238,66.7146974450058,56.3121796362323,66.7246831598597,12.7081403125684,1.0839269140212,NA
"Solanum ferocissium","E","S","WLAND",6.45654229034656,75.8577575029184,9.54992586021436,1.73780082874938,43.1042883588986,32.7534691440198,34.0488662668059,41.8088912361124,87.0963589956081,62.3054959844662,24.7908630111419,147.910838816821,64.9060773835742,83.0047614332465,45.7088189614875,3.31131121482591,14.4543977074593,75.8539996654768,72.0568391513439,62.3054959844662,24.7908630111419,2.46036760414763,0.0977237220955811
"Solanum straminifolia","U","T","TROP_RF",1.99526231496888,34.6736850452532,13.4896288259165,1.17489755493953,26.0330836826271,8.64060136262606,21.7473291920058,12.9263558532473,77.6247116628692,67.7556422550511,9.8690694078181,109.909527361014,75.719900360049,34.1896270009652,12.0226443461741,1.25892541179417,16.1185959039243,50.1743855095935,59.7351418514206,67.7556422550511,9.8690694078181,1.36458313658892,NA
"Solidago rigida","U","H","TEMP_FOR",2.50760701768545,105.407592786826,14.7910838816821,1.31778985136909,88.0888153011909,17.3187774856351,91.5034752184105,13.9041175684155,150.109718098091,122.667763365852,27.4419547322387,776.247116628692,635.654603841442,140.59251278725,1.47910838816821,1.25892541179417,19.4984459975805,415.013041206967,361.234075421725,122.667763365852,27.4419547322387,1.43328527330243,NA
"Sorghastrum nutans","U","G","TEMP_FOR",1.97255345736346,75.226672993953,22.151588074173,0.990191424423945,65.364645884006,9.86202710994698,64.6305698032042,10.5961031907488,83.1763771102671,74.5415211289547,8.63485598131238,83.1763771102671,71.7073361877758,11.4690409224913,10.7151930523761,2.18776162394955,27.5422870333817,38.7203942699107,44.4559828403564,74.5415211289547,8.63485598131238,NA,NA
"Spartothamnella puberula","E","S","WLAND",9.54992586021436,93.3254300796991,13.1825673855641,3.71535229097173,52.0619199361411,41.263510143558,35.8175770534324,57.5078530262667,141.253754462275,105.055640413575,36.1981140487006,169.824365246174,96.6944048961355,73.129960350039,5.37174167053699,1.76363540766109,6.91830970918936,93.1508414321604,76.6735238140141,105.055640413575,36.1981140487006,2.73526872630671,0.11091748152624
"Stirlingia latifolia","E","S","WLAND",28.8403150312661,288.403150312661,16.5958690743756,2.08929613085404,117.324132967299,171.079017345362,118.402493560804,170.000656751857,128.824955169313,66.4087528776836,62.4162022916298,128.824955169313,103.073028143979,25.7519270253339,2.45470891568503,1.38038426460288,9.77237220955811,58.6239190783066,70.2010360910067,66.4087528776836,62.4162022916298,2.69153480392692,NA
"Syncarpia glomulifera","E","T","TEMP_FOR",22.9086765276777,147.910838816821,9.1201083935591,0.91201083935591,53.6399415030602,94.2708973137605,50.7127658699042,97.1980729469165,194.984459975805,59.6694034770359,135.315056498769,169.824365246174,105.58103922757,64.2433260186047,10,3.23593656929628,11.2201845430196,97.7121331027922,72.1122321433823,59.6694034770359,135.315056498769,1.46217717445672,0.0594292158615573
"Synoum glandulosum","E","T","TEMP_FOR",11.7489755493953,91.201083935591,6.45654229034656,0.776247116628692,37.8417277672494,53.3593561683416,32.1843245841475,59.0167593514435,288.403150312661,84.7952823150873,203.607867997573,363.078054770101,92.207388616769,270.870666153332,28.8403150312661,1.20226443461741,9.1201083935591,193.203469542711,169.87458522739,84.7952823150873,203.607867997573,1.46217717445672,0.0774461797802519
"Taxodium distichum","U","T","TEMP_FOR",6.45654229034656,128.824955169313,8.31763771102671,1.20226443461741,74.8951323292347,53.9298228400787,90.5450708696723,38.279884299641,109.647819614319,67.0892766916022,42.5585429227164,257.039578276886,64.310592258001,192.728986018886,26.9153480392692,0.776247116628692,7.58577575029184,117.585066119132,139.454512157755,67.0892766916022,42.5585429227164,1.52405275379729,NA
"Tsuga canadensis","E","T","TEMP_FOR",60.2559586074358,123.026877081238,5.49540873857625,0.380189396320561,29.0382788391433,93.9885982420948,21.149086044748,101.87779103649,251.188643150958,24.1424703578975,227.04617279306,128.824955169313,97.4719579327286,31.3529972365848,3.01995172040202,1.14815362149688,9.54992586021436,53.7227141172735,75.1022410520398,24.1424703578975,227.04617279306,1.21338885046498,NA
"Urera caracasana","D","T","TROP_RF",3.01995172040202,67.6082975391982,15.4881661891248,1.94984459975805,50.3866236360042,17.221673903194,41.8324192106628,25.7758783285353,128.824955169313,109.469945273395,19.3550098959181,75.8577575029184,38.3676697705309,37.4900877323874,39.8107170553497,1.25892541179417,14.7910838816821,43.4432198700253,32.414537632893,109.469945273395,19.3550098959181,2.08756483584799,NA
"Vaccinium arboreum","U","S","TEMP_FOR",10.9647819614319,125.892541179417,6.45654229034656,0.794328234724281,50.8914791199326,75.0010620594842,60.5327255606819,65.3598156187349,102.329299228075,43.5856464110093,58.7436528170661,83.1763771102671,44.1004760167405,39.0759010935265,15.1356124843621,1.73780082874938,8.31763771102671,46.9483868513503,36.2279902589167,43.5856464110093,58.7436528170661,1.51008015416415,NA
"Vaccinium corymbosum","U","S","TEMP_FOR",7.58577575029184,102.329299228075,6.16595001861482,1.28824955169313,48.1194835588619,54.2098156692134,49.7356258180318,52.5936734100436,501.187233627272,175.36553041336,325.821703213912,21.3796208950223,7.67263587191169,13.7069850231106,56.2341325190349,0.794328234724281,5.62341325190349,9.15127300976265,12.2283478852597,175.36553041336,325.821703213912,1.25602996369487,NA
"Vaccinium myrtillus","D","S","TEMP_FOR",3.46736850452532,58.8843655355589,6.16595001861482,0.616595001861482,37.6004487443269,21.283916791232,48.0289392256488,10.8554263099101,131.825673855641,72.7236682950247,59.102005560616,93.3254300796991,53.8998214697636,39.4256086099355,8.12830516164099,1.20226443461741,7.58577575029184,51.7781922590432,41.547237820656,72.7236682950247,59.102005560616,NA,NA
"Veratrum parviflorum","U","H","TEMP_FOR",3.63078054770101,33.8844156139203,4.36515832240166,0.630957344480193,18.3036343615972,15.580781252323,15.0929360762764,18.7914795376439,251.188643150958,102.233960077842,148.954683073116,57.5439937337157,35.2123378591366,22.3316558745791,6.16595001861482,1.73780082874938,4.89778819368446,33.6848792240503,23.8591145096654,102.233960077842,148.954683073116,NA,NA
"Verticordia nitens","E","S","WLAND",18.1970085860998,331.131121482591,21.3796208950223,1.99526231496888,185.555027952718,145.576093529873,185.973178351392,145.157943131199,104.71285480509,69.0178989392757,35.6949558658143,93.3254300796991,46.7520123547014,46.5734177249977,18.1970085860998,1.65958690743756,9.1201083935591,45.6602689524149,47.6651611272842,69.0178989392757,35.6949558658143,3.72391706254568,NA
"Vismia japurensis","U","T","TROP_RF",6.91830970918936,95.4992586021436,12.8824955169313,0.891250938133746,60.7665334480509,34.7327251540927,60.0438047146317,35.4554538875119,239.883291901949,126.537308739833,113.345983162116,239.883291901949,107.176498872989,132.70679302896,7.94328234724282,3.38844156139203,4.78630092322638,142.683217452501,97.2000744494475,126.537308739833,113.345983162116,1.55596563160507,NA
"Vismia lauriformis","U","T","TROP_RF",4.46683592150963,87.0963589956081,13.8038426460288,0.954992586021436,62.8410523396997,24.2553066559084,64.2267686941435,22.8695903014646,331.131121482591,193.624929630359,137.506191852232,251.188643150958,77.0654024655144,174.123240685444,77.6247116628692,1.44543977074593,17.7827941003892,125.730501325168,125.45814182579,193.624929630359,137.506191852232,1.56675107010815,NA
"Xanthorrhoea preissii","E","S","WLAND",23.9883291901949,741.310241300918,18.1970085860998,2.34422881531992,314.973011382316,426.337229918602,541.55066615379,199.759575147127,60.2559586074358,40.6835436680216,19.5724149394142,154.881661891248,62.4951383175392,92.3865235737089,18.6208713666287,1.41253754462275,8.51138038202377,89.6908436230522,65.1908182681959,40.6835436680216,19.5724149394142,5.9292532458,NA
"Xylomelum pyriforme","E","T","TEMP_FOR",40.7380277804113,151.356124843621,10.471285480509,0.645654229034656,50.5982635336868,100.757861309934,44.8232871843558,106.532837659265,56.2341325190349,19.3236302785028,36.9105022405321,218.776162394955,118.512560092447,100.263602302509,7.58577575029184,1.44543977074593,9.54992586021436,99.2335715382441,119.542590856711,19.3236302785028,36.9105022405321,1.32434153519466,0.0563637655825954
