"sp","DE","GF","LL","LMA","Aarea","Rarea","LMAp","LMAs","preLL","Narea","Parea","gr"
"Abies lasiocarpa","E","T",95.4992586021436,257.039578276886,2.95120922666639,0.870963589956081,8.6279391177621,248.411639159124,43.8710320789866,2.61818300821899,NA,"Evergreen"
"Acacia colletioides","E","S",37.1535229097173,363.078054770101,8.51138038202377,1.99526231496888,124.79498135163,238.283073418471,40.8906698910341,4.1209751909733,0.110662378397767,"Evergreen"
"Acacia doratoxylon","E","S",19.9526231496888,218.776162394955,14.4543977074593,1.47910838816821,104.686010674884,114.090151720071,20.8399220788498,4.38530697774986,0.181551566277314,"Evergreen"
"Acacia floribunda","E","T",13.4896288259165,125.892541179417,10.9647819614319,1.25892541179417,55.1486166017602,70.7439245776568,13.7012859346087,2.89734358770132,0.0716143410212902,"Evergreen"
"Acacia havilandiorum","E","S",20.8929613085404,416.869383470335,12.0226443461741,3.23593656929628,278.862218117861,138.007165352474,24.0402922920417,3.82824743316823,0.120781383510678,"Evergreen"
"Acacia oswaldii","E","S",20.8929613085404,263.026799189538,13.1825673855641,1.41253754462275,123.814013401424,139.212785788114,24.7447619877083,4.85288500162121,0.177010895831742,"Evergreen"
"Acacia suaveolens","E","S",29.5120922666639,218.776162394955,9.54992586021436,1.44543977074593,69.3592678091781,149.416894585777,27.1042903951459,4.21696503428582,0.0485288500162121,"Evergreen"
"Acacia willhelmiana","E","S",12.0226443461741,162.181009735893,8.12830516164099,1.81970085860998,86.0928680762068,76.0881416596862,14.25633394905,3.03389118419427,0.116949939101987,"Evergreen"
"Acer rubrum","D","T",5.37174167053699,61.6758465277276,7.10950672831674,0.767819238012599,25.2065248181705,36.4693217095571,7.46655684498899,NA,NA,"Deciduous"
"Acer saccharum","D","T",5.49540873857625,79.4328234724281,7.58577575029184,0.562341325190349,29.1823416867007,50.2504817857274,9.80222101135482,NA,NA,"Deciduous"
"Achillea millefolium","U","H",1,85.1138038202376,13.8038426460288,1.25892541179417,79.7833705469086,5.33043327332904,1.25021699882122,1.58802248227812,NA,"Unclassified"
"Acomastylis rosii","U","H",1.99526231496888,83.1763771102671,10.7151930523761,1.73780082874938,72.2290497056305,10.9473274046366,2.41043201421061,2.09893988362352,NA,"Unclassified"
"Adenanthos cygnorum","E","S",39.8107170553497,234.422881531992,13.8038426460288,1.02329299228075,61.4108277291103,173.012053802882,31.2281633389793,1.83231442237121,NA,"Evergreen"
"Aextoxicon punctatum","E","T",43.6515832240166,134.896288259165,5.62341325190349,0.501187233627272,7.6318653236422,127.264422935523,24.0691460319278,1.27166556705977,NA,"Evergreen"
"Agropyron repens","U","G",1.86653157185913,58.3067937859553,16.6283625282055,0.861050814079229,48.0516052250434,10.2551885609119,2.28154927351528,1.28401836700324,NA,"Unclassified"
"Ambrosia artemisiifolia","U","H",1.47910838816821,77.6247116628692,27.5422870333817,1.54881661891248,70.1190384902769,7.50567317259228,1.72790376038454,1.99067333898719,NA,"Unclassified"
"Anacardium excelsum","E","T",8.51138038202377,83.1763771102671,10.471285480509,2.18776162394955,46.9507469368253,36.2256301734418,7.4438417000841,NA,NA,"Evergreen"
"Andersonia heterophylla","E","S",10.7151930523761,257.039578276886,8.51138038202377,3.09029543251359,187.982201347119,69.0573769297674,12.6752298477454,2.43220400907382,NA,"Evergreen"
"Andropogon gerardi","U","G",1.69941645950975,73.3508020162128,21.9832449870616,0.881574438779143,64.0964057526494,9.25439626356336,2.07467231376016,1.03814848989745,NA,"Unclassified"
"Anemone cylindrica","U","H",2.08929613085404,93.3254300796991,15.4881661891248,1.38038426460288,81.6932522328215,11.6321778468776,2.54945495359007,1.36183926611872,NA,"Unclassified"
"Antirrhoea trichantha","D","T",5.75439937337157,93.3254300796991,19.4984459975805,1.69824365246174,64.9538376142846,28.3715924654145,5.85647801906611,1.92309172891016,NA,"Deciduous"
"Arctostaphylos uva-ursi","E","S",18.1970085860998,128.824955169313,4.36515832240166,0.676082975391982,11.4706512114375,117.354303957876,22.3163461547959,1.89939897680193,NA,"Evergreen"
"Asclepias syriaca","U","H",1.41253754462275,63.0957344480193,18.1970085860998,1.51356124843621,55.8015090220305,7.29422542598876,1.68170355301652,NA,NA,"Unclassified"
"Astroloma xerophyllum","E","S",8.7096358995608,223.872113856834,9.77237220955811,1.58489319246111,158.260117295059,65.6119965617751,11.933178054672,2.18776162394955,NA,"Evergreen"
"Astrotricha floccosa","E","S",6.16595001861482,83.1763771102671,11.7489755493953,0.707945784384138,41.3837727008607,41.7926044094064,8.29406554663562,1.30617088813184,0.0584790084144481,"Evergreen"
"Atriplex canescens","U","H",7.07945784384138,251.188643150958,16.9824365246174,3.09029543251359,208.668236372855,42.5204067781028,8.23008918051102,5.2844525177518,NA,"Unclassified"
"Atriplex stipitata","E","S",6.30957344480193,83.1763771102671,19.4984459975805,3.01995172040202,57.2107254175454,25.9656516927217,5.47936091037347,2.41546083444494,0.109900583943252,"Evergreen"
"Austrocedrus chilensis","E","T",28.8403150312661,194.984459975805,7.58577575029184,1.20226443461741,46.0912191340418,148.893240841763,27.2852188400737,2.13796208950223,NA,"Evergreen"
"Baccharis angustifolia","U","T",2.51188643150958,95.4992586021436,18.6208713666287,1.65958690743756,82.3234355320508,13.1758230700928,2.87228258027758,1.8578044550917,NA,"Unclassified"
"Banksia attenuata","E","T",29.5120922666639,281.838293126445,26.3026799189538,1.81970085860998,146.246489556376,135.591803570069,24.4650413110455,2.31206479017559,NA,"Evergreen"
"Banksia marginata","E","S",36.3078054770101,169.824365246174,19.4984459975805,0.977237220955811,52.3541402932503,117.470224952924,22.0559180399072,1.37089298639213,0.0388472817278212,"Evergreen"
"Banksia menziesii","E","T",38.0189396320561,323.593656929628,18.6208713666287,1.81970085860998,142.44541311274,181.148243816888,31.8901107361512,2.58821291515309,NA,"Evergreen"
"Baptisia leucophaea","U","H",3.46736850452532,93.3254300796991,14.7910838816821,3.38844156139203,76.3267271773945,16.9987029023046,3.66190026040365,3.38064836205982,NA,"Unclassified"
"Bellucia grossularioides","U","T",8.31763771102671,128.824955169313,14.1253754462275,1,75.30747258909,53.517482580223,10.2828720471904,2.16271852372702,NA,"Unclassified"
"Bertya cunninghamii","E","S",16.2181009735893,169.824365246174,7.07945784384138,1.81970085860998,72.2490664600745,97.5752987860995,18.1446798198627,3.23593656929628,0.143879857825585,"Evergreen"
"Beyeria opaca","E","S",14.7910838816821,158.489319246111,5.75439937337157,1.44543977074593,55.5095692323754,102.979750013736,19.0967078257267,2.7478941531024,0.119398810446427,"Evergreen"
"Bistorta bistortoides","U","H",1.99526231496888,83.1763771102671,11.2201845430196,2.34422881531992,72.9152450001298,10.2611321101373,2.30960232170896,3.22106879128343,NA,"Unclassified"
"Boronia ledifolia","E","S",19.4984459975805,158.489319246111,8.7096358995608,1.09647819614319,46.9851859256828,111.504133320428,20.8889702600134,1.89670592121115,0.0350751873952568,"Evergreen"
"Bossiaea eriocarpa","E","S",16.2181009735893,199.526231496888,18.6208713666287,1.86208713666287,116.184629690454,83.3416018064336,15.6399385541601,3.81065823393773,NA,"Evergreen"
"Bossiaea walkeri","E","S",56.2341325190349,316.227766016838,11.2201845430196,2.57039578276886,112.432841477128,203.79492453971,35.9301271374555,3.85478357665772,0.12050359403718,"Evergreen"
"Brachychiton populneus","E","T",13.1825673855641,128.859107517529,8.59273731128364,0.708133465496963,32.8931284007155,95.9659791168135,18.207376830318,2.13318107592515,0.114414167081038,"Evergreen"
"Bromus inermis","U","G",1.99526231496888,56.2341325190349,8.7096358995608,0.758577575029184,43.5745483415331,12.6595841775018,2.70385821589426,0.889201117857948,NA,"Unclassified"
"Callitris glaucophylla","E","T",30.9029543251359,234.422881531992,6.30957344480193,0.977237220955811,34.3741121882528,200.048769343739,35.7992895373059,NA,NA,"Evergreen"
"Calytrix flavescens","E","S",27.5422870333817,239.883291901949,14.4543977074593,1.81970085860998,108.254648507,131.628643394949,23.9003925084279,2.44906324184475,NA,"Evergreen"
"Cassinia laevis","E","S",10,128.824955169313,6.91830970918936,1.77827941003892,66.8133521239003,62.0116030454127,11.9086662502613,2.40436280000693,0.134896288259165,"Evergreen"
"Castilla elastica","D","T",5.75439937337157,77.6247116628692,7.76247116628692,2.08929613085404,48.3181490973964,29.3065625654728,6.05385122471565,1.64816239152551,NA,"Deciduous"
"Cecropia ficifolia","U","T",2.69153480392692,69.1830970918937,17.7827941003892,1.25892541179417,54.8688104306614,14.3142866612323,3.11268625994784,1.71001531509029,NA,"Unclassified"
"Cecropia longipes","D","T",2.88403150312661,114.815362149688,19.9526231496888,2.51188643150958,99.3767405364856,15.4386216132024,3.32061278432037,NA,NA,"Deciduous"
"Conostephium pendulum","E","S",26.9153480392692,213.796208950223,10.9647819614319,1.81970085860998,85.864490694974,127.931718255249,23.3957644600281,1.97242273611485,NA,"Evergreen"
"Correa reflexa","E","S",11.7489755493953,70.7945784384138,4.46683592150963,0.316227766016838,2.98732430226806,67.8072541361457,13.6861810374285,0.893305483733295,0.0333426412763235,"Evergreen"
"Corymbia gummifera","E","T",14.4543977074593,186.208713666287,12.8824955169313,1.23026877081238,91.8864015370341,94.3223121292529,17.4135857672036,1.5205475297325,0.0561047976032471,"Evergreen"
"Cryptocarya alba","E","T",31.6227766016838,144.543977074593,10.2329299228075,1.34896288259165,41.9294914506786,102.614485623914,19.5421135551666,1.23310483322891,NA,"Evergreen"
"Dasyphyllum diacanthoides","E","T",15.8489319246111,131.825673855641,9.54992586021436,1.02329299228075,44.0192666576975,87.8064071979435,16.7515908163426,1.59220872705117,NA,"Evergreen"
"Desmodium canadense","U","H",2.45470891568503,63.0957344480193,12.0226443461741,0.741310241300917,47.8680977390207,15.2276367089986,3.24816425791594,1.48936107771092,NA,"Unclassified"
"Dodonaea triquetra","E","S",8.12830516164099,95.4992586021436,20.8929613085404,1.02329299228075,54.575374986611,40.9238836155326,8.23271818755891,1.79887091512879,0.0748169500511155,"Evergreen"
"Dodonaea viscosa angustissima","E","S",7.94328234724282,169.824365246174,12.3026877081238,3.31131121482591,126.368698900422,43.4556663457521,8.52315065077016,3.12607936712396,0.189670592121115,"Evergreen"
"Dodonaea viscosa cuneata","E","S",9.77237220955811,112.201845430196,10,1.94984459975805,62.5947072601178,49.6071381700782,9.78711967166757,2.24388192378277,0.110153930954142,"Evergreen"
"Dodonaea viscosa spatulata","E","S",10.2329299228075,131.825673855641,12.8824955169313,1.94984459975805,78.9111546801074,52.9145191755337,10.3466257587926,2.61818300821899,0.151705036745934,"Evergreen"
"Drimys winteri","E","T",32.2458173948273,160.004256160643,8.32645912340181,1.55539059854225,44.3464096151333,115.65784654551,21.7610669868106,1.35412028162515,NA,"Evergreen"
"Echinacea purpurea","U","H",3.98107170553497,77.6247116628692,9.77237220955811,1.34896288259165,53.7834410637049,23.8412705991643,4.91410399596975,1.16680961706096,NA,"Unclassified"
"Eleagnus angustifolia","U","T",3.01995172040202,81.2830516164099,14.1253754462275,1.90546071796325,65.4171636664595,15.8658879499504,3.40910705395267,3.20626932450547,NA,"Unclassified"
"Embothrium coccineum","E","T",7.07945784384138,102.329299228075,14.1253754462275,1.58489319246111,64.8779296364796,37.4513695915954,7.55796770189924,1.6274484622563,NA,"Evergreen"
"Eremaea pauciflora","E","S",14.1253754462275,199.526231496888,14.1253754462275,1.77827941003892,116.881009004702,82.6452224921856,15.3831457528991,2.30144181740851,NA,"Evergreen"
"Eremophila deserti","E","S",28.8403150312661,218.776162394955,9.1201083935591,1.25892541179417,62.601930352422,156.174232042533,28.3241313447316,3.47536161443206,0.194088587759278,"Evergreen"
"Eremophila glabra","E","S",16.6134701060524,158.531335813571,13.5791284152681,1.8047157535978,79.7248517304034,78.8064840831676,15.0195117152552,2.80590962335656,0.189573660582562,"Evergreen"
"Eremophila mitchelli","E","S",14.1253754462275,177.827941003892,9.1201083935591,1.86208713666287,92.1041974332873,85.7237435706047,15.962722431924,3.33426412763235,0.168267406107047,"Evergreen"
"Eriostemon australasius","E","S",12.0226443461741,147.910838816821,10,1.25892541179417,69.1607994988215,78.7500393179995,14.8591721506107,1.75792361395869,0.0528445251775181,"Evergreen"
"Erythronium americanum","U","H",1.90546071796325,44.6683592150963,12.0226443461741,2.34422881531992,35.8093073495149,8.85905186558142,2.03780262449923,1.89234361864498,NA,"Unclassified"
"Eucalyptus dumosa","E","T",29.5120922666639,301.995172040202,13.4896288259165,1.28824955169313,116.081576827672,185.91359521253,32.5753957173175,2.74157417192788,0.148251808514595,"Evergreen"
"Eucalyptus haemostoma","E","T",18.6208713666287,199.526231496888,12.0226443461741,1.17489755493953,81.6415996353203,117.884631861568,21.5672309451362,2.08449088309729,0.0679203632617185,"Evergreen"
"Eucalyptus intertexta","E","T",15.8489319246111,181.970085860998,18.1970085860998,1.25892541179417,93.1686195714564,88.8014662895416,16.6552800814557,2.65460556197554,0.18578044550917,"Evergreen"
"Eucalyptus paniculata","E","T",13.1825673855641,120.226443461741,9.1201083935591,0.794328234724281,35.3623766208071,84.8640668409339,16.2833851730951,1.29717927098396,0.0574116462207327,"Evergreen"
"Eucalyptus socialis","E","T",28.8403150312661,281.838293126445,16.2181009735893,1.51356124843621,122.344771509998,159.493521616447,28.3536882653031,3.47536161443206,0.173780082874938,"Evergreen"
"Eucalyptus umbra","E","T",24.5470891568503,204.173794466953,8.51138038202377,1.12201845430196,53.8307309601702,150.343063506783,27.3245268431857,1.87499450806742,0.0803526122185617,"Evergreen"
"Eucryphia cordifolia","E","T",30.3998818265947,133.360981057403,10.6100922715098,0.742096450506415,25.9060130819172,107.454967975486,20.494187086673,1.19871936221319,NA,"Evergreen"
"Eupatorium rugesum","U","H",4.78630092322638,21.3796208950223,6.91830970918936,0.954992586021436,7.93118752227299,13.4484333727493,3.13823209921482,0.835603018231248,NA,"Unclassified"
"Eutaxia microphylla","E","S",11.7489755493953,89.1250938133745,9.54992586021436,1.62181009735893,40.660604433128,48.4644893802465,9.75948808380073,1.67880401812256,0.0693425806016569,"Evergreen"
"Galax aphylla","U","H",18.1970085860998,79.4328234724281,4.89778819368446,0.776247116628692,11.2475316473798,68.1852918250483,13.6842094987967,0.711213513653329,NA,"Unclassified"
"Geijera parviflora","E","T",29.5120922666639,186.208713666287,10.471285480509,1.09647819614319,49.6049577086158,136.603755957671,25.2079004464141,3.1988951096914,0.197696964011186,"Evergreen"
"Gevuina avellana","E","T",52.4807460249773,154.881661891248,8.91250938133745,1,27.2322723499823,127.649389541266,24.0114007398603,1.23026877081238,NA,"Evergreen"
"Gompholobium grandiflorum","E","S",28.1838293126445,128.824955169313,6.91830970918936,1.54881661891248,34.5899450605315,94.2350101087815,18.1128446547436,1.59220872705117,0.02333458062281,"Evergreen"
"Grevillea buxifolia","E","S",15.1356124843621,109.647819614319,8.7096358995608,1.62181009735893,43.3425281992495,66.3052914150695,13.0184218555262,0.778036551039804,0.0252929799644614,"Evergreen"
"Grevillea speciosa","E","S",18.6208713666287,154.881661891248,8.91250938133745,1.28824955169313,53.8671345434648,101.014527347783,19.0070515762077,1.31825673855641,0.036897759857015,"Evergreen"
"Gutierrezia sarothrae","U","S",6.02559586074358,295.120922666639,14.7910838816821,4.26579518801593,259.99896065683,35.1219620098091,6.92577750945394,4.9545019080479,NA,"Unclassified"
"Hakea dactyloides","E","S",41.6869383470336,257.039578276886,12.5892541179417,1.14815362149688,67.4735441026687,189.566034174217,33.8454445417415,1.36772882559585,0.0460256573581356,"Evergreen"
"Hakea tephrosperma","E","S",40.7380277804113,501.187233627272,12.3026877081238,1.31825673855641,163.680952039194,337.506281588078,55.5578419599755,2.33883723865935,0.0961612278383665,"Evergreen"
"Hakea teretifolia","E","S",20.8929613085404,338.844156139202,14.1253754462275,1.65958690743756,190.477086712015,148.367069427187,25.7706451902569,1.10407861990207,0.0448745389933132,"Evergreen"
"Helianthus microcephalus","U","H",4.07380277804113,39.8107170553497,10.471285480509,1.41253754462275,23.2496950213365,16.5610220340132,3.67905300468915,1.0447202192208,NA,"Unclassified"
"Hibbertia bracteata","E","S",10.9647819614319,109.647819614319,6.76082975391982,0.891250938133746,32.4742520991074,77.1735675152116,14.8795667825406,1.14551294144554,0.0297166603173803,"Evergreen"
"Hibbertia huegelii","E","S",14.7910838816821,181.970085860998,12.8824955169313,1.07151930523761,82.4809041950272,99.4891816659708,18.3398994791018,2.01836636368156,NA,"Evergreen"
"Hibbertia subvaginata","E","S",16.9824365246174,245.470891568503,17.7827941003892,1.81970085860998,146.081414551159,99.3894770173438,18.1578932072172,3.24339617349349,NA,"Evergreen"
"Jacksonia floribunda","E","S",33.1131121482591,309.029543251359,19.9526231496888,2.63026799189538,160.813188499272,148.216354752087,26.432113345228,5.00034534976978,NA,"Evergreen"
"Juniperus monosperma","E","T",77.6247116628692,776.247116628692,7.76247116628692,3.71535229097173,282.921904851908,493.325211776784,78.1240161697548,9.1411324147025,NA,"Evergreen"
"Kalmia latifolia","E","T",36.3078054770101,104.71285480509,4.78630092322638,0.933254300796991,13.0491138560155,91.6637409490745,17.8764621436679,1.21618600064637,NA,"Evergreen"
"Koeleria cristata","U","G",2.0451477162568,115.681928269994,18.8633010869314,2.51930253571984,104.855858066374,10.8260702036204,2.39941119019368,1.81862697074466,NA,"Unclassified"
"Lambertia formosa","E","S",29.5120922666639,223.872113856834,9.33254300796991,0.891250938133746,44.6248960988314,179.247217758003,32.3346547138717,1.33967668742594,0.0509330871057195,"Evergreen"
"Larrea tridentata","E","S",12.0226443461741,251.188643150958,18.1970085860998,1.94984459975805,177.29230980477,73.8963333461877,13.6164553835811,3.90425265587553,NA,"Evergreen"
"Lasiopetalum ferrugineum","E","S",23.9883291901949,120.226443461741,8.12830516164099,0.478630092322638,12.5251522872903,107.701291174451,20.6637485572649,1.40281370456196,0.0363915036127207,"Evergreen"
"Laurelia philippiana","E","T",26.9153480392692,162.181009735893,6.45654229034656,1,29.2354712397643,132.945538496129,24.7625717341977,2.2140666847567,NA,"Evergreen"
"Leptospermum polygalifolium","E","S",7.41310241300917,91.201083935591,8.51138038202377,1.28824955169313,47.5160141182456,43.6850698173454,8.72020111929828,1.19674053130724,0.0413047501990161,"Evergreen"
"Leptospermum trinervium","E","S",22.3872113856834,128.824955169313,4.46683592150963,1.58489319246111,30.4687020629914,98.3562531063216,18.8022154546284,1.09900583943252,0.0321366053864032,"Evergreen"
"Lespedeza capitata","U","H",1.54881661891248,102.329299228075,15.1356124843621,1.23026877081238,94.0036483739514,8.32565085412361,1.89010479445281,NA,NA,"Unclassified"
"Leucopogon conostephioides","E","S",14.1253754462275,158.489319246111,6.45654229034656,1.73780082874938,67.9162073560565,90.5731118900545,16.9198127750556,1.73780082874938,NA,"Evergreen"
"Licania heteromorpha","E","T",39.8107170553497,147.910838816821,7.94328234724282,0.776247116628692,20.7895280357168,127.121310781104,23.9429469506231,1.93196831701692,NA,"Evergreen"
"Liriodendron tulipifera","D","T",5.24807460249773,60.2559586074358,10.2329299228075,0.851138038202376,30.6508846163209,29.6050739911149,6.16382751240351,1.20882030150552,NA,"Deciduous"
"Lomatia hirsuta","E","T",23.9883291901949,123.026877081238,8.91250938133745,1,29.728011938616,93.298865142622,17.9850107406667,1.03752841581801,NA,"Evergreen"
"Lomatia silaifolia","E","S",27.5422870333817,141.253754462275,5.88843655355589,0.812830516164099,18.1441836871546,123.10957077512,23.2684905928365,0.864967918775693,0.0447713304176363,"Evergreen"
"Luehea seemannii","D","T",6.30957344480193,138.038426460289,18.6208713666287,2.95120922666639,106.367983330978,31.6704431293109,6.44760064025735,NA,NA,"Deciduous"
"Luma apiculata","E","T",20.6551703776178,150.109718098091,9.18061754222427,1.43657137207712,52.4475867531836,97.6621313449075,18.5068901570684,1.69912409930194,NA,"Evergreen"
"Lupinus perennis","U","H",0.933254300796991,64.5654229034656,20.8929613085404,1.90546071796325,60.0619031317231,4.50351977174251,1.08999724781003,2.0748936646624,NA,"Unclassified"
"Lyginia barbata","E","G",45.7088189614875,676.082975391982,20.4173794466953,2.69153480392692,382.542000641811,293.540974750171,47.9530501471984,4.83058802039773,NA,"Evergreen"
"Lyonia lucida","E","S",19.4984459975805,239.883291901949,6.16595001861482,1.38038426460288,73.5742836474394,166.30900825451,29.3859278778534,1.69639878216067,NA,"Evergreen"
"Macrozamia riedlei","E","S",104.71285480509,288.403150312661,11.7489755493953,0.954992586021436,42.2074609153788,246.195689397282,43.3472096966055,5.02342589522387,NA,"Evergreen"
"Manihot esculenta","U","S",1.51356124843621,36.3078054770101,16.9824365246174,1.20226443461741,29.1422360995799,7.16556937743022,1.67662595754279,1.44543977074593,NA,"Unclassified"
"Melaleuca acerosa","E","S",24.5470891568503,331.131121482591,16.2181009735893,2.69153480392692,194.193697647263,136.937423835328,24.265211701702,2.82487997491571,NA,"Evergreen"
"Melaleuca uncinata","E","S",16.6134701060524,331.013844723503,12.8372911252395,2.88479607896542,226.024723535566,104.989121187937,18.7064148333626,3.58277732244108,0.202911208758517,"Evergreen"
"Miconia dispar","U","T",12.0226443461741,109.647819614319,10.2329299228075,0.575439937337157,27.1413106051737,82.5065090091453,15.9374959929918,1.76197604641163,NA,"Unclassified"
"Myrceugenia planipes","E","T",36.3078054770101,131.825673855641,6.16595001861482,0.707945784384138,13.8458798824613,117.97979397318,22.4354419156828,1.29622342197875,NA,"Evergreen"
"Nothofagus dombeyi","E","T",17.203510428574,128.961582670202,11.2231590882003,1.32264740752783,51.0557163610368,77.9058663091652,15.0402972705688,1.93988448144692,NA,"Evergreen"
"Nuytsia floribunda","E","T",28.1838293126445,457.088189614875,12.8824955169313,2.23872113856834,252.143166209529,204.945023405346,34.430132484668,3.49140315478586,NA,"Evergreen"
"Ocotea costulata","E","T",38.9045144994281,128.824955169313,5.88843655355589,0.645654229034656,11.6606199644238,117.164335204889,22.3183728655394,1.95433945577539,NA,"Evergreen"
"Olearia decurrens","E","S",11.2201845430196,154.881661891248,10.2329299228075,1.58489319246111,84.5280863363527,70.3535755548953,13.319415627292,2.66685866452148,0.131825673855641,"Evergreen"
"Olearia pimelioides","E","S",11.461975519794,109.909527361014,6.75843526982924,1.76363540766109,49.7148924427648,60.1946349182492,11.7831070396671,2.65477501854305,0.13678228769628,"Evergreen"
"Patersonia occidentalis","E","H",28.8403150312661,380.189396320561,15.4881661891248,1.90546071796325,195.467820475462,184.721575845099,31.8561674735988,3.27340694878838,NA,"Evergreen"
"Persea borbonia","E","S",18.1970085860998,112.201845430196,6.76082975391982,0.741310241300917,19.0457219847805,93.1561234454155,18.0439914889349,1.82389570231964,NA,"Evergreen"
"Persea lingue","E","T",33.1131121482591,104.71285480509,8.12830516164099,0.446683592150963,9.57978514541795,95.1330696596721,18.5031315104037,1.05196187382322,NA,"Evergreen"
"Persoonia levis","E","S",45.7088189614875,181.970085860998,8.12830516164099,0.562341325190349,15.6289523940314,166.341133466967,30.5554507217026,1.07646521362983,0.0437522105158252,"Evergreen"
"Persoonia linearis","E","T",40.7380277804113,144.543977074593,7.41310241300917,0.707945784384138,16.9155010176106,127.628476056982,24.0723317169733,1.09395636627209,0.0714496326075513,"Evergreen"
"Persoonia saccata","E","S",29.5120922666639,457.088189614875,19.0546071796325,2.45470891568503,273.057732842262,184.030456772613,31.5091310554407,3.28851630875983,NA,"Evergreen"
"Petrophile linearis","E","S",41.6869383470336,549.540873857625,21.8776162394955,3.38844156139203,325.260282836807,224.280591020818,37.9681022788097,3.38844156139203,NA,"Evergreen"
"Philotheca difformis","E","S",22.9849776094508,226.625405668854,10.1325594562952,3.05709260499561,116.578693608354,110.0467120605,20.2789940273961,3.25112205501044,0.150807190233915,"Evergreen"
"Phyllota phylicoides","E","S",22.3872113856834,120.226443461741,8.31763771102671,1.77827941003892,42.2148470728083,78.0115963889327,15.1998933784915,1.47910838816821,0.0214783047413053,"Evergreen"
"Picea engelmanii","E","T",89.1250938133745,309.029543251359,3.54813389233576,0.977237220955811,14.0284568170165,295.001086434342,51.157072859681,3.14774831410132,NA,"Evergreen"
"Picea glauca","E","T",60.2559586074358,288.403150312661,6.60693448007596,1.14815362149688,36.7592566748272,251.643893637834,44.1561594954415,NA,NA,"Evergreen"
"Pimelea linifolia","E","S",12.5892541179417,57.5439937337157,7.94328234724282,1.31825673855641,19.9480154240264,37.5959783096893,7.90984130233291,0.84527884516029,0.0301995172040202,"Evergreen"
"Pimelea microcephala","E","S",7.58577575029184,81.2830516164099,10.7151930523761,2.18776162394955,47.9969270748492,33.2861245415607,6.87158247999224,2.47742205763329,0.155955250282695,"Evergreen"
"Pinus banksiana","E","T",26.9153480392692,245.470891568503,7.58577575029184,1.47910838816821,74.9896447291354,170.481246839368,30.3800969468313,3.02691342810131,NA,"Evergreen"
"Pinus flexilis","E","T",36.3078054770101,363.078054770101,9.77237220955811,1.47910838816821,113.289119700167,249.788935069934,42.7246681356566,4.10204102986607,NA,"Evergreen"
"Pinus palustris","E","T",32.3593656929628,257.039578276886,3.89045144994281,0.91201083935591,16.9853961017798,240.054182175106,42.4443138879378,2.09411245585089,NA,"Evergreen"
"Pinus rigida","E","T",33.1131121482591,204.173794466953,11.2201845430196,1.07151930523761,53.2687433266096,150.905051140343,27.5595924734757,2.37137370566166,NA,"Evergreen"
"Pinus serotina","E","T",26.9153480392692,275.422870333817,4.07380277804113,1.20226443461741,32.7933404394435,242.629529894373,42.5637175479451,2.28559880337543,NA,"Evergreen"
"Pinus strobus","E","T",20.8929613085404,122.272053936742,6.02559586074358,0.596649334835271,12.8951116207474,109.376942315995,20.9379977031649,NA,NA,"Evergreen"
"Pinus sylvestris","E","T",26.9153480392692,295.120922666639,10.2329299228075,1.81970085860998,125.9802387632,169.140683903439,29.7313353516537,3.19922523133773,NA,"Evergreen"
"Poa pratensis","U","G",3.01995172040202,100,30.1995172040202,3.46736850452532,85.6012791261929,14.3987208738071,3.13443099299981,NA,NA,"Unclassified"
"Podocarpus nubigena","E","T",77.6247116628692,199.526231496888,7.94328234724282,0.831763771102671,22.7216209798709,176.804610517017,32.2513428894306,1.68950082615282,NA,"Evergreen"
"Podocarpus saligna","E","T",26.0860792514197,167.891527994965,6.16595001861482,0.897164117362141,25.0942311011492,142.797296893816,26.4994675023662,1.71460112064798,NA,"Evergreen"
"Podophyllum peltatum","U","H",3.01995172040202,30.9029543251359,6.45654229034656,0.831763771102671,15.1127355636507,15.7902187614852,3.5111548932132,1.36536321534477,NA,"Unclassified"
"Pomaderris ferruginea","E","S",11.4815362149688,97.7237220955811,7.58577575029184,0.562341325190349,18.2294358826329,79.4942862129482,15.5659405757806,1.26765186585785,0.0404575891697443,"Evergreen"
"Populus deltoides","D","T",5.01187233627272,91.201083935591,14.7910838816821,1.25892541179417,63.2816889547405,27.9193949808505,5.74231239669803,2.10913701338626,NA,"Deciduous"
"Populus fremontii","U","T",3.01995172040202,120.226443461741,14.4543977074593,1.73780082874938,103.080063372668,17.1463800890732,3.62419734884968,1.9815270258051,NA,"Unclassified"
"Populus tremuloides","D","T",5.01187233627272,83.1763771102671,12.0226443461741,1.86208713666287,57.6078357874979,25.5685413227692,5.3152365987403,1.7666772393009,NA,"Deciduous"
"Prosopis glandulosa","U","T",7.07945784384138,194.984459975805,17.7827941003892,1.51356124843621,150.131310994032,44.8531489817734,8.62854839498676,3.75324040711828,NA,"Unclassified"
"Protium sp1","E","T",33.1131121482591,114.815362149688,4.07380277804113,0.691830970918937,8.30754636088966,106.507815788798,20.5037792706416,0.993116048420934,NA,"Evergreen"
"Protium sp2","E","T",34.6736850452532,123.026877081238,8.12830516164099,0.707945784384138,17.5607087085043,105.466168372734,20.245626615609,2.15774440915267,NA,"Evergreen"
"Prumnopitys andina","E","T",33.8844156139203,147.910838816821,5.62341325190349,0.602559586074358,11.0571822464388,136.853656570382,25.6644939426415,1.36772882559585,NA,"Evergreen"
"Psychrophila leptosepala","U","H",2.51188643150958,79.4328234724281,8.7096358995608,1.20226443461741,64.2125413504142,15.2202821220139,3.25521632103805,2.30144181740851,NA,"Unclassified"
"Pterocaulon pycnostachyum","U","H",5.12861383991365,81.2830516164099,7.76247116628692,1.25892541179417,48.3299435572479,32.953108059162,6.65003838837522,1.59220872705117,NA,"Unclassified"
"Pultenea daphnoides","E","S",9.33254300796991,93.3254300796991,9.54992586021436,0.870963589956081,36.1530350445874,57.1723950351117,11.3126039759824,1.83653834334835,0.0338844156139203,"Evergreen"
"Pultenea flexilis","E","S",16.5958690743756,91.201083935591,10,1.14815362149688,30.6255744670205,60.5755094685705,12.1048938533771,1.84501541917947,0.0407380277804113,"Evergreen"
"Quercus coccinea","D","T",5.75439937337157,85.1138038202376,9.77237220955811,0.977237220955811,47.2056234174468,37.9081804027908,7.57972135282424,NA,NA,"Deciduous"
"Quercus ellipsoidalis","U","T",6.02559586074358,104.71285480509,13.1825673855641,1.38038426460288,70.020699018629,34.692155786461,6.95772543113769,2.2080047330189,NA,"Unclassified"
"Quercus laevis","D","T",7.58577575029184,102.329299228075,6.76082975391982,0.645654229034656,29.3655071735938,72.9637920544812,14.0258765321166,1.42050931194549,NA,"Deciduous"
"Quercus virginia var geminata","U","T",10.9647819614319,158.489319246111,12.8824955169313,0.91201083935591,78.7591286101189,79.7301906359921,14.8502711204352,2.44906324184475,NA,"Unclassified"
"Regelia ciliata","E","S",19.0546071796325,154.881661891248,14.7910838816821,1.47910838816821,69.2644330265124,85.6172288647357,16.2642907121168,1.74180687339161,NA,"Evergreen"
"Rhododendron maximum","E","T",47.8630092322638,204.173794466953,6.91830970918936,0.776247116628692,21.079575179812,183.094219287141,33.2805997085856,NA,NA,"Evergreen"
"Robinia pseudoacacia","D","T",4.57088189614875,38.0189396320561,9.33254300796991,1.20226443461741,19.5804262884099,18.4385133436462,4.0760646655473,1.83837640849831,NA,"Deciduous"
"Rudbeckia serotina","U","H",1.54881661891248,70.7945784384138,20.4173794466953,1.23026877081238,62.6930627009373,8.10151573747651,1.84972198093722,1.53108746168203,NA,"Unclassified"
"Salix glauca","D","T",3.01995172040202,81.2830516164099,10.2329299228075,1.44543977074593,63.6646281665266,17.6184234498833,3.7171132907365,2.00678637074293,NA,"Deciduous"
"Salix planifolia","U","T",3.01995172040202,81.2830516164099,12.3026877081238,1.99526231496888,65.1540079266799,16.12904368973,3.44792025239492,2.17270117886374,NA,"Unclassified"
"Sanguinaria canadensis","U","H",3.98107170553497,30.9029543251359,7.94328234724282,2.04173794466953,17.254739169691,13.6482151554449,3.118213161935,1.67109061431071,NA,"Unclassified"
"Santalum acuminatum","E","T",17.3780082874938,309.029543251359,7.41310241300917,1.34896288259165,130.300324933034,178.729218318325,30.1283969649897,3.11888958409394,0.199526231496888,"Evergreen"
"Saxegothaea conspicua","E","T",36.3078054770101,128.824955169313,5.75439937337157,0.616595001861482,10.5857307432905,118.239224426023,22.5103267088836,1.22992860147042,NA,"Evergreen"
"Schizachyrium scoparium","U","G",1.69941645950975,56.9661770165117,16.1185959039243,0.873864476177872,47.6019902618221,9.36418675468961,2.10286005048252,0.703191607026572,NA,"Unclassified"
"Scholtzia involucrata","E","S",23.4422881531992,177.827941003892,14.7910838816821,1.77827941003892,79.9941500223599,97.8337909815321,18.3967802043691,2.31206479017559,NA,"Evergreen"
"Senna artemisioides 1lft","E","S",19.4984459975805,346.736850452532,12.8824955169313,5.62341325190349,241.140330542823,105.596519909709,19.0562538512688,4.41570447353313,0.175388050184176,"Evergreen"
"Senna artemisioides 3lft","E","S",20.8929613085404,281.838293126445,14.1253754462275,3.46736850452532,172.00986899124,109.828424135205,20.0290772432614,3.11171633710602,0.152756605823807,"Evergreen"
"Silphium integrifolium","U","H",3.98107170553497,85.1138038202376,10,1.65958690743756,62.4520347944102,22.6617690258274,4.7000952581782,1.4288939585111,NA,"Unclassified"
"Silphium terebinthinaceum","U","H",3.01995172040202,75.8577575029184,13.4896288259165,1.31825673855641,58.7545419608127,17.1032155421057,3.65228529951722,1.0839269140212,NA,"Unclassified"
"Solanum ferocissium","E","S",6.45654229034656,75.8577575029184,9.54992586021436,1.73780082874938,43.8984000402616,31.9593574626568,6.58805055067828,2.46036760414763,0.0977237220955811,"Evergreen"
"Solanum straminifolia","U","T",1.99526231496888,34.6736850452532,13.4896288259165,1.17489755493953,25.1878729717503,9.48581207350287,2.17354020049375,1.36458313658892,NA,"Unclassified"
"Solidago rigida","U","H",2.50760701768545,105.407592786826,14.7910838816821,1.31778985136909,91.0404805024547,14.3671122843713,3.0683599323316,1.43328527330243,NA,"Unclassified"
"Sorghastrum nutans","U","G",1.97255345736346,75.226672993953,22.151588074173,0.990191424423945,64.5435351858535,10.6831378080995,2.3818513015375,NA,NA,"Unclassified"
"Spartothamnella puberula","E","S",9.54992586021436,93.3254300796991,13.1825673855641,3.71535229097173,58.2335858825544,35.0918441971447,7.19638668803326,2.73526872630671,0.11091748152624,"Evergreen"
"Stirlingia latifolia","E","S",28.8403150312661,288.403150312661,16.5958690743756,2.08929613085404,142.713744881766,145.689405430895,26.0264762377973,2.69153480392692,NA,"Evergreen"
"Syncarpia glomulifera","E","T",22.9086765276777,147.910838816821,9.1201083935591,0.91201083935591,35.1083138363631,112.802524980458,21.2733612681002,1.46217717445672,0.0594292158615573,"Evergreen"
"Synoum glandulosum","E","T",11.7489755493953,91.201083935591,6.45654229034656,0.776247116628692,21.2282836949408,69.9728002406502,13.8300603704443,1.46217717445672,0.0774461797802519,"Evergreen"
"Taxodium distichum","U","T",6.45654229034656,128.824955169313,8.31763771102671,1.20226443461741,81.5107461120278,47.3142090572852,9.0292372339379,1.52405275379729,NA,"Unclassified"
"Tsuga canadensis","E","T",60.2559586074358,123.026877081238,5.49540873857625,0.380189396320561,4.66489790374567,118.361979177492,22.565358131057,1.21338885046498,NA,"Evergreen"
"Urera caracasana","D","T",3.01995172040202,67.6082975391982,15.4881661891248,1.94984459975805,52.8455187115988,14.7627788275994,3.23119031805291,2.08756483584799,NA,"Deciduous"
"Vaccinium arboreum","U","S",10.9647819614319,125.892541179417,6.45654229034656,0.794328234724281,31.6992328285982,94.1933083508188,17.8694440714607,1.51008015416415,NA,"Unclassified"
"Vaccinium corymbosum","U","S",7.58577575029184,102.329299228075,6.16595001861482,1.28824955169313,49.1285353730948,53.2007638549802,10.3563825944293,1.25602996369487,NA,"Unclassified"
"Vaccinium myrtillus","D","S",3.46736850452532,58.8843655355589,6.16595001861482,0.616595001861482,28.4514846341126,30.4328809014463,6.07528009046945,NA,NA,"Deciduous"
"Veratrum parviflorum","U","H",3.63078054770101,33.8844156139203,4.36515832240166,0.630957344480193,9.711625913117,24.1727897008033,5.26119399926156,NA,NA,"Unclassified"
"Verticordia nitens","E","S",18.1970085860998,331.131121482591,21.3796208950223,1.99526231496888,218.566945066807,112.564176415784,20.1032025383007,3.72391706254568,NA,"Evergreen"
"Vismia japurensis","U","T",6.91830970918936,95.4992586021436,12.8824955169313,0.891250938133746,52.349205029502,43.1500535726416,8.55875488610113,1.55596563160507,NA,"Unclassified"
"Vismia lauriformis","U","T",4.46683592150963,87.0963589956081,13.8038426460288,0.954992586021436,59.6266894693092,27.4696695262989,5.60643953542536,1.56675107010815,NA,"Unclassified"
"Xanthorrhoea preissii","E","S",23.9883291901949,741.310241300918,18.1970085860998,2.34422881531992,549.372594194716,191.937647106202,31.1285193620489,5.9292532458,NA,"Evergreen"
"Xylomelum pyriforme","E","T",40.7380277804113,151.356124843621,10.471285480509,0.645654229034656,21.9687454156691,129.387379427952,24.3192141656396,1.32434153519466,0.0563637655825954,"Evergreen"
