"sp","DE","GF","LL","LMA","Aarea","Rarea","p_mid","LMAp","LMAs","p_rand","LMAp_rand","LMAs_rand","LL_rand","Aarea_rand","Rarea_rand","Narea","Parea"
"Abies lasiocarpa","E","T",95.4992586021436,257.039578276886,2.95120922666639,0.870963589956081,0.0236291166735152,6.07361818481568,250.96596009207,0.0236291166735152,129.433537708477,127.606040568409,19.4984459975805,13.8038426460288,1.44543977074593,2.61818300821899,NA
"Acacia colletioides","E","S",37.1535229097173,363.078054770101,8.51138038202377,1.99526231496888,0.309104056727767,112.228899638265,250.849155131836,0.309104056727767,177.274022805808,185.804031964293,12.0226443461741,16.9824365246174,1.20226443461741,4.1209751909733,0.110662378397767
"Acacia doratoxylon","E","S",19.9526231496888,218.776162394955,14.4543977074593,1.47910838816821,0.465818202992551,101.909918824424,116.866243570531,0.465818202992551,107.892733592512,110.883428802443,3.98107170553497,8.51138038202377,0.741310241300917,4.38530697774986,0.181551566277314
"Acacia floribunda","E","T",13.4896288259165,125.892541179417,10.9647819614319,1.25892541179417,0.418831669573872,52.7277832090726,73.1647579703444,0.418831669573872,66.2332482291844,59.6592929502326,30.3998818265947,10.2329299228075,3.09029543251359,2.89734358770132,0.0716143410212902
"Acacia havilandiorum","E","S",20.8929613085404,416.869383470335,12.0226443461741,3.23593656929628,0.685554604532961,285.786725326905,131.08265814343,0.685554604532961,198.954976632742,217.914406837593,14.7910838816821,8.12830516164099,0.776247116628692,3.82824743316823,0.120781383510678
"Acacia oswaldii","E","S",20.8929613085404,263.026799189538,13.1825673855641,1.41253754462275,0.442775548680819,116.461835328907,146.564963860631,0.442775548680819,131.187009171037,131.839790018501,11.461975519794,7.07945784384138,1.47910838816821,4.85288500162121,0.177010895831742
"Acacia suaveolens","E","S",29.5120922666639,218.776162394955,9.54992586021436,1.44543977074593,0.291246117666056,63.7177079354093,155.058454459546,0.291246117666056,109.679187135417,109.096975259538,17.3780082874938,10,1.73780082874938,4.21696503428582,0.0485288500162121
"Acacia willhelmiana","E","S",12.0226443461741,162.181009735893,8.12830516164099,1.81970085860998,0.530336436028289,86.0104986948027,76.1705110410903,0.530336436028289,78.0741977349417,84.1068120009513,40.7380277804113,10.471285480509,0.870963589956081,3.03389118419427,0.116949939101987
"Acer rubrum","D","T",5.37174167053699,61.6758465277276,7.10950672831674,0.767819238012599,0.364232550471566,22.4643508832871,39.2114956444405,0.364232550471566,31.6400184127517,30.0358281149759,8.7096358995608,16.5958690743756,1.94984459975805,NA,NA
"Acer saccharum","D","T",5.49540873857625,79.4328234724281,7.58577575029184,0.562341325190349,0.241097872650178,19.1510847577996,60.2817387146285,0.241097872650178,39.317025607497,40.1157978649311,28.8403150312661,16.1185959039243,1.28824955169313,NA,NA
"Achillea millefolium","U","H",1,85.1138038202376,13.8038426460288,1.25892541179417,0.945358322525592,80.4630428032721,4.65076101696548,0.945358322525592,44.1564562887107,40.9573475315269,56.2341325190349,10.9647819614319,3.23593656929628,1.58802248227812,NA
"Acomastylis rosii","U","H",1.99526231496888,83.1763771102671,10.7151930523761,1.73780082874938,0.880027923441853,73.1975344277648,9.97884268250226,0.880027923441853,40.3146802617602,42.8616968485069,23.4422881531992,15.4881661891248,1.51356124843621,2.09893988362352,NA
"Adenanthos cygnorum","E","S",39.8107170553497,234.422881531992,13.8038426460288,1.02329299228075,0.232556078629077,54.5164660700088,179.906415461983,0.232556078629077,96.593526018181,137.829355513811,10.7151930523761,10.7151930523761,0.316227766016838,1.83231442237121,NA
"Aextoxicon punctatum","E","T",43.6515832240166,134.896288259165,5.62341325190349,0.501187233627272,0.0411651023979067,5.55301951928607,129.343268739879,0.0411651023979067,68.8873769068382,66.0089113523268,7.58577575029184,13.4896288259165,1.77827941003892,1.27166556705977,NA
"Agropyron repens","U","G",1.86653157185913,58.3067937859553,16.6283625282055,0.861050814079229,0.838340093949171,48.8809229803927,9.42587080556262,0.838340093949171,28.6094954031857,29.6972983827696,2.45470891568503,8.31763771102671,0.741310241300917,1.28401836700324,NA
"Ambrosia artemisiifolia","U","H",1.47910838816821,77.6247116628692,27.5422870333817,1.54881661891248,0.914361713661816,70.9770643785655,6.64764728430373,0.914361713661816,39.0029667504684,38.6217449124008,2.08929613085404,15.4881661891248,0.562341325190349,1.99067333898719,NA
"Anacardium excelsum","E","T",8.51138038202377,83.1763771102671,10.471285480509,2.18776162394955,0.589677781457697,49.0472615240711,34.129115586196,0.589677781457697,42.9333296044564,40.2430475058107,3.01995172040202,18.6208713666287,1.25892541179417,NA,NA
"Andersonia heterophylla","E","S",10.7151930523761,257.039578276886,8.51138038202377,3.09029543251359,0.74583073150035,191.708016690791,65.3315615860947,0.74583073150035,129.663291815757,127.376286461129,3.63078054770101,12.0226443461741,0.873864476177872,2.43220400907382,NA
"Andropogon gerardi","U","G",1.69941645950975,73.3508020162128,21.9832449870616,0.881574438779143,0.886648345773087,65.0363672688043,8.3144347474085,0.886648345773087,36.3091758031546,37.0416262130582,26.9153480392692,8.7096358995608,1.81970085860998,1.03814848989745,NA
"Anemone cylindrica","U","H",2.08929613085404,93.3254300796991,15.4881661891248,1.38038426460288,0.887357290890643,82.8130008067259,10.5124292729732,0.887357290890643,49.7058246328438,43.6196054468553,20.8929613085404,8.12830516164099,2.88479607896542,1.36183926611872,NA
"Antirrhoea trichantha","D","T",5.75439937337157,93.3254300796991,19.4984459975805,1.69824365246174,0.716972849359395,66.9117995219329,26.4136305577662,0.716972849359395,49.2457134723762,44.0797166073229,2.51188643150958,13.8038426460288,1.12201845430196,1.92309172891016,NA
"Arctostaphylos uva-ursi","E","S",18.1970085860998,128.824955169313,4.36515832240166,0.676082975391982,0.0539758475894469,6.95343614593617,121.871519023377,0.0539758475894469,61.2863692433618,67.5385859259512,29.5120922666639,11.2231590882003,0.851138038202376,1.89939897680193,NA
"Asclepias syriaca","U","H",1.41253754462275,63.0957344480193,18.1970085860998,1.51356124843621,0.897377336459516,56.6206821209205,6.47505232709884,0.897377336459516,31.2055645707111,31.8901698773082,19.4984459975805,9.54992586021436,1.69824365246174,NA,NA
"Astroloma xerophyllum","E","S",8.7096358995608,223.872113856834,9.77237220955811,1.58489319246111,0.712946281928345,159.608791201669,64.2633226551652,0.712946281928345,104.602800265638,119.269313591196,60.2559586074358,12.0226443461741,1,2.18776162394955,NA
"Astrotricha floccosa","E","S",6.16595001861482,83.1763771102671,11.7489755493953,0.707945784384138,0.488371992595269,40.6210130261967,42.5553640840704,0.488371992595269,41.3324804110562,41.8438966992109,10.2329299228075,12.8824955169313,1,1.30617088813184,0.0584790084144481
"Atriplex canescens","U","H",7.07945784384138,251.188643150958,16.9824365246174,3.09029543251359,0.846194481830017,212.55444373271,38.634199418248,0.846194481830017,117.946741262163,133.241901888795,30.9029543251359,10.2329299228075,0.881574438779143,5.2844525177518,NA
"Atriplex stipitata","E","S",6.30957344480193,83.1763771102671,19.4984459975805,3.01995172040202,0.721372938152477,60.0011875409119,23.1751895693552,0.721372938152477,39.5258251478923,43.6505519623748,7.41310241300917,14.1253754462275,0.776247116628692,2.41546083444494,0.109900583943252
"Austrocedrus chilensis","E","T",28.8403150312661,194.984459975805,7.58577575029184,1.20226443461741,0.189738024288223,36.9959662027153,157.98849377309,0.189738024288223,89.5517792855931,105.432680690212,33.1131121482591,14.1253754462275,0.708133465496963,2.13796208950223,NA
"Baccharis angustifolia","U","T",2.51188643150958,95.4992586021436,18.6208713666287,1.65958690743756,0.870322721870337,83.1151746832168,12.3840839189268,0.870322721870337,44.1160994918552,51.3831591102884,52.4807460249773,4.78630092322638,1.28824955169313,1.8578044550917,NA
"Banksia attenuata","E","T",29.5120922666639,281.838293126445,26.3026799189538,1.81970085860998,0.535180368402742,150.834321545411,131.003971581034,0.535180368402742,128.345843199688,153.492449926757,39.8107170553497,3.54813389233576,1.02329299228075,2.31206479017559,NA
"Banksia marginata","E","S",36.3078054770101,169.824365246174,19.4984459975805,0.977237220955811,0.315485081597404,53.5770537269165,116.247311519257,0.315485081597404,80.4691313923077,89.3552338538663,33.8844156139203,14.7910838816821,0.794328234724281,1.37089298639213,0.0388472817278212
"Banksia menziesii","E","T",38.0189396320561,323.593656929628,18.6208713666287,1.81970085860998,0.438361729271006,141.8510750328,181.742581896828,0.438361729271006,160.413684516227,163.179972413401,16.5958690743756,12.0226443461741,1.25892541179417,2.58821291515309,NA
"Baptisia leucophaea","U","H",3.46736850452532,93.3254300796991,14.7910838816821,3.38844156139203,0.835802281280642,78.0016073621095,15.3238227175896,0.835802281280642,39.0490787718844,54.2763513078147,28.8403150312661,10,0.446683592150963,3.38064836205982,NA
"Bellucia grossularioides","U","T",8.31763771102671,128.824955169313,14.1253754462275,1,0.581298874646101,74.885801466256,53.939153703057,0.581298874646101,72.5146839295871,56.3102712397259,12.0226443461741,12.8824955169313,3.31131121482591,2.16271852372702,NA
"Bertya cunninghamii","E","S",16.2181009735893,169.824365246174,7.07945784384138,1.81970085860998,0.401103266865162,68.1171076935428,101.707257552631,0.401103266865162,89.0959114598574,80.7284537863166,16.6134701060524,9.1201083935591,2.34422881531992,3.23593656929628,0.143879857825585
"Beyeria opaca","E","S",14.7910838816821,158.489319246111,5.75439937337157,1.44543977074593,0.296500618128034,46.9921811231632,111.497138122948,0.296500618128034,70.2344141141652,88.2549051319457,11.7489755493953,4.89778819368446,0.707945784384138,2.7478941531024,0.119398810446427
"Bistorta bistortoides","U","H",1.99526231496888,83.1763771102671,11.2201845430196,2.34422881531992,0.883597119501903,73.4944072252361,9.68196988503102,0.883597119501903,50.9776813277561,32.198695782511,3.01995172040202,18.1970085860998,3.46736850452532,3.22106879128343,NA
"Boronia ledifolia","E","S",19.4984459975805,158.489319246111,8.7096358995608,1.09647819614319,0.255272834805657,40.4580178103736,118.031301435737,0.255272834805657,76.1479112229656,82.3414080231454,17.203510428574,10.471285480509,1.07151930523761,1.89670592121115,0.0350751873952568
"Bossiaea eriocarpa","E","S",16.2181009735893,199.526231496888,18.6208713666287,1.86208713666287,0.596262222498853,118.969954239155,80.5562772577329,0.596262222498853,102.411008468076,97.1152230288118,6.45654229034656,6.16595001861482,1.90546071796325,3.81065823393773,NA
"Bossiaea walkeri","E","S",56.2341325190349,316.227766016838,11.2201845430196,2.57039578276886,0.354058825232312,111.96323134176,204.264534675078,0.354058825232312,154.987037597855,161.240728418983,38.9045144994281,8.12830516164099,1.99526231496888,3.85478357665772,0.12050359403718
"Brachychiton populneus","E","T",13.1825673855641,128.859107517529,8.59273731128364,0.708133465496963,0.178347058337113,22.981642765697,105.877464751832,0.178347058337113,76.8572627587523,52.0018447587767,1.99526231496888,4.46683592150963,2.51930253571984,2.13318107592515,0.114414167081038
"Bromus inermis","U","G",1.99526231496888,56.2341325190349,8.7096358995608,0.758577575029184,0.788070100734778,44.3164384790087,11.9176940400262,0.788070100734778,28.6243879837532,27.6097445352817,6.02559586074358,6.30957344480193,1.58489319246111,0.889201117857948,NA
"Callitris glaucophylla","E","T",30.9029543251359,234.422881531992,6.30957344480193,0.977237220955811,0.0973556964008055,22.8224028838306,211.600478648161,0.0973556964008055,119.005729751514,115.417151780478,5.01187233627272,17.7827941003892,1.14815362149688,NA,NA
"Calytrix flavescens","E","S",27.5422870333817,239.883291901949,14.4543977074593,1.81970085860998,0.445802590260494,106.940592890103,132.942699011846,0.445802590260494,110.724302145837,129.158989756112,12.5892541179417,8.7096358995608,0.596649334835271,2.44906324184475,NA
"Cassinia laevis","E","S",10,128.824955169313,6.91830970918936,1.77827941003892,0.510332588159723,65.7435727911158,63.0813823781972,0.510332588159723,65.0002758181691,63.8246793511439,6.45654229034656,10.1325594562952,1.23026877081238,2.40436280000693,0.134896288259165
"Castilla elastica","D","T",5.75439937337157,77.6247116628692,7.76247116628692,2.08929613085404,0.639765961758594,49.661648313229,27.9630633496402,0.639765961758594,40.0002161513773,37.6244955114919,27.5422870333817,6.91830970918936,2.18776162394955,1.64816239152551,NA
"Cecropia ficifolia","U","T",2.69153480392692,69.1830970918937,17.7827941003892,1.25892541179417,0.811083406581508,56.1132620671524,13.0698350247413,0.811083406581508,35.5573597015372,33.6257373903565,2.0451477162568,6.76082975391982,1.07151930523761,1.71001531509029,NA
"Cecropia longipes","D","T",2.88403150312661,114.815362149688,19.9526231496888,2.51188643150958,0.879278172358439,100.95464178965,13.860720360038,0.879278172358439,61.905083199096,52.910278950592,3.01995172040202,10,1.81970085860998,NA,NA
"Conostephium pendulum","E","S",26.9153480392692,213.796208950223,10.9647819614319,1.81970085860998,0.387678349834796,82.8841614867576,130.912047463465,0.387678349834796,103.456796627909,110.339412322314,28.1838293126445,6.45654229034656,1.38038426460288,1.97242273611485,NA
"Correa reflexa","E","S",11.7489755493953,70.7945784384138,4.46683592150963,0.316227766016838,0.0273888238917079,1.93898024133741,68.8555981970764,0.0273888238917079,33.2234842527619,37.5710941856519,77.6247116628692,7.41310241300917,1.17489755493953,0.893305483733295,0.0333426412763235
"Corymbia gummifera","E","T",14.4543977074593,186.208713666287,12.8824955169313,1.23026877081238,0.478808410442059,89.1582982010153,97.0504154652717,0.478808410442059,96.3315090517409,89.8772046145461,1,12.0226443461741,0.645654229034656,1.5205475297325,0.0561047976032471
"Cryptocarya alba","E","T",31.6227766016838,144.543977074593,10.2329299228075,1.34896288259165,0.273485505996583,39.5306827090036,105.013294365589,0.273485505996583,74.6434277817076,69.9005492928854,4.57088189614875,8.7096358995608,1.25892541179417,1.23310483322891,NA
"Dasyphyllum diacanthoides","E","T",15.8489319246111,131.825673855641,9.54992586021436,1.02329299228075,0.291879000288347,38.4771458973222,93.3485279583189,0.291879000288347,66.0373945965533,65.7882792590877,23.9883291901949,21.9832449870616,0.891250938133746,1.59220872705117,NA
"Desmodium canadense","U","H",2.45470891568503,63.0957344480193,12.0226443461741,0.741310241300917,0.774774150399972,48.8849440508264,14.2107903971929,0.774774150399972,31.3295754194887,31.7661590285306,22.3872113856834,10.2329299228075,1.81970085860998,1.48936107771092,NA
"Dodonaea triquetra","E","S",8.12830516164099,95.4992586021436,20.8929613085404,1.02329299228075,0.593697147761829,56.697637445462,38.8016211566816,0.593697147761829,48.8360167862799,46.6632418158637,3.46736850452532,8.32645912340181,1.31778985136909,1.79887091512879,0.0748169500511155
"Dodonaea viscosa angustissima","E","S",7.94328234724282,169.824365246174,12.3026877081238,3.31131121482591,0.764013134304397,129.748045572984,40.0763196731899,0.764013134304397,113.560989256955,56.2633759892186,1.69941645950975,14.7910838816821,3.46736850452532,3.12607936712396,0.189670592121115
"Dodonaea viscosa cuneata","E","S",9.77237220955811,112.201845430196,10,1.94984459975805,0.575473604729938,64.5692004470662,47.6326449831298,0.575473604729938,55.0485669922779,57.1532784379181,16.2181009735893,7.58577575029184,1.38038426460288,2.24388192378277,0.110153930954142
"Dodonaea viscosa spatulata","E","S",10.2329299228075,131.825673855641,12.8824955169313,1.94984459975805,0.611105063144738,80.5593367456491,51.2663371099919,0.611105063144738,63.8398032623245,67.9858705933165,20.8929613085404,6.91830970918936,0.954992586021436,2.61818300821899,0.151705036745934
"Drimys winteri","E","T",32.2458173948273,160.004256160643,8.32645912340181,1.55539059854225,0.262041148364585,41.927699027556,118.076557133087,0.262041148364585,82.3610797323787,77.6431764282643,5.75439937337157,18.1970085860998,1.09647819614319,1.35412028162515,NA
"Echinacea purpurea","U","H",3.98107170553497,77.6247116628692,9.77237220955811,1.34896288259165,0.71452305916093,55.4646464438384,22.1600652190308,0.71452305916093,38.3083532163431,39.3163584465261,11.2201845430196,7.58577575029184,1.31825673855641,1.16680961706096,NA
"Eleagnus angustifolia","U","T",3.01995172040202,81.2830516164099,14.1253754462275,1.90546071796325,0.823359399465031,66.9251645655724,14.3578870508375,0.823359399465031,39.4203068596579,41.862744756752,28.8403150312661,16.2181009735893,0.767819238012599,3.20626932450547,NA
"Embothrium coccineum","E","T",7.07945784384138,102.329299228075,14.1253754462275,1.58489319246111,0.656596591345212,67.1890690678983,35.1402301601767,0.656596591345212,53.1130814292581,49.2162177988169,5.49540873857625,10.6100922715098,1.65958690743756,1.6274484622563,NA
"Eremaea pauciflora","E","S",14.1253754462275,199.526231496888,14.1253754462275,1.77827941003892,0.595845951877902,118.886897330874,80.639334166014,0.595845951877902,94.2940931904778,105.23213830641,14.4543977074593,19.0546071796325,0.707945784384138,2.30144181740851,NA
"Eremophila deserti","E","S",28.8403150312661,218.776162394955,9.1201083935591,1.25892541179417,0.238857413275204,52.2563082359349,166.51985415902,0.238857413275204,103.950834024245,114.82532837071,16.6134701060524,16.2181009735893,0.691830970918937,3.47536161443206,0.194088587759278
"Eremophila glabra","E","S",16.6134701060524,158.531335813571,13.5791284152681,1.8047157535978,0.508570416881354,80.6243475434657,77.9069882701053,0.508570416881354,77.1983011095518,81.3330347040192,28.1838293126445,4.07380277804113,1.55539059854225,2.80590962335656,0.189573660582562
"Eremophila mitchelli","E","S",14.1253754462275,177.827941003892,9.1201083935591,1.86208713666287,0.507794092212429,90.2999778720767,87.5279631318153,0.507794092212429,91.2978870824287,86.5300539214633,2.88403150312661,9.33254300796991,1.43657137207712,3.33426412763235,0.168267406107047
"Eriostemon australasius","E","S",12.0226443461741,147.910838816821,10,1.25892541179417,0.454770109075902,67.2654283022339,80.6454105145871,0.454770109075902,81.9991419004522,65.9116969163689,1.54881661891248,5.62341325190349,1.77827941003892,1.75792361395869,0.0528445251775181
"Erythronium americanum","U","H",1.90546071796325,44.6683592150963,12.0226443461741,2.34422881531992,0.821247825335035,36.683792866682,7.98456634841428,0.821247825335035,30.1219707084073,14.546388506689,6.16595001861482,8.12830516164099,5.62341325190349,1.89234361864498,NA
"Eucalyptus dumosa","E","T",29.5120922666639,301.995172040202,13.4896288259165,1.28824955169313,0.337539262133133,101.935227538218,200.059944501984,0.337539262133133,151.269932527358,150.725239512844,20.8929613085404,9.1201083935591,1.99526231496888,2.74157417192788,0.148251808514595
"Eucalyptus haemostoma","E","T",18.6208713666287,199.526231496888,12.0226443461741,1.17489755493953,0.375628081954746,74.9476556368347,124.578575860053,0.375628081954746,100.55257765501,98.9736538418778,12.0226443461741,9.77237220955811,1.25892541179417,2.08449088309729,0.0679203632617185
"Eucalyptus intertexta","E","T",15.8489319246111,181.970085860998,18.1970085860998,1.25892541179417,0.520810474558014,94.7719267726288,87.1981590883692,0.520810474558014,95.5553400124978,86.4147458485002,3.01995172040202,13.4896288259165,1.14815362149688,2.65460556197554,0.18578044550917
"Eucalyptus paniculata","E","T",13.1825673855641,120.226443461741,9.1201083935591,0.794328234724281,0.240747592051077,28.9442267642791,91.2822166974619,0.240747592051077,66.6319738920849,53.5944695696561,13.4896288259165,6.76082975391982,2.45470891568503,1.29717927098396,0.0574116462207327
"Eucalyptus socialis","E","T",28.8403150312661,281.838293126445,16.2181009735893,1.51356124843621,0.426677427868748,120.25403798611,161.584255140335,0.426677427868748,130.362631148636,151.475661977809,7.58577575029184,11.2201845430196,0.562341325190349,3.47536161443206,0.173780082874938
"Eucalyptus umbra","E","T",24.5470891568503,204.173794466953,8.51138038202377,1.12201845430196,0.213962388946517,43.6855128244243,160.488281642529,0.213962388946517,104.88677969658,99.2870147703731,28.8403150312661,17.7827941003892,2.63026799189538,1.87499450806742,0.0803526122185617
"Eucryphia cordifolia","E","T",30.3998818265947,133.360981057403,10.6100922715098,0.742096450506415,0.163091150517465,21.7499958347897,111.610985222613,0.163091150517465,60.4069375716387,72.9540434857643,45.7088189614875,11.2201845430196,0.676082975391982,1.19871936221319,NA
"Eupatorium rugesum","U","H",4.78630092322638,21.3796208950223,6.91830970918936,0.954992586021436,0.385435946733052,8.24047442046667,13.1391464745556,0.385435946733052,9.94358076855499,11.4360401264673,89.1250938133745,5.88843655355589,1.77827941003892,0.835603018231248,NA
"Eutaxia microphylla","E","S",11.7489755493953,89.1250938133745,9.54992586021436,1.62181009735893,0.450037952627557,40.10967474751,49.0154190658645,0.450037952627557,50.6639195585485,38.461174254826,11.7489755493953,19.4984459975805,3.05709260499561,1.67880401812256,0.0693425806016569
"Galax aphylla","U","H",18.1970085860998,79.4328234724281,4.89778819368446,0.776247116628692,0.113220268563024,8.99340560626759,70.4394178661605,0.113220268563024,38.9288129179818,40.5040105544463,18.6208713666287,8.31763771102671,1.58489319246111,0.711213513653329,NA
"Geijera parviflora","E","T",29.5120922666639,186.208713666287,10.471285480509,1.09647819614319,0.231418483518665,43.0921381346135,143.116575531674,0.231418483518665,89.3392784037972,96.8694352624898,26.9153480392692,9.54992586021436,0.897164117362141,3.1988951096914,0.197696964011186
"Gevuina avellana","E","T",52.4807460249773,154.881661891248,8.91250938133745,1,0.154971090631519,24.002180062109,130.879481829139,0.154971090631519,72.8888398398886,81.9928220513594,29.5120922666639,12.0226443461741,0.91201083935591,1.23026877081238,NA
"Gompholobium grandiflorum","E","S",28.1838293126445,128.824955169313,6.91830970918936,1.54881661891248,0.253682672407603,32.680658900141,96.144296269172,0.253682672407603,56.0632164202521,72.7617387490609,16.9824365246174,6.91830970918936,0.616595001861482,1.59220872705117,0.02333458062281
"Grevillea buxifolia","E","S",15.1356124843621,109.647819614319,8.7096358995608,1.62181009735893,0.397460573879651,43.5806853085596,66.0671343057594,0.397460573879651,57.3933957157018,52.2544238986172,1.51356124843621,14.1253754462275,0.990191424423945,0.778036551039804,0.0252929799644614
"Grevillea speciosa","E","S",18.6208713666287,154.881661891248,8.91250938133745,1.28824955169313,0.315997277306549,48.9421834623479,105.9394784289,0.315997277306549,77.0113540642784,77.8703078269696,10.9647819614319,10.471285480509,1.25892541179417,1.31825673855641,0.036897759857015
"Gutierrezia sarothrae","U","S",6.02559586074358,295.120922666639,14.7910838816821,4.26579518801593,0.890792724440573,262.891570741631,32.2293519250081,0.890792724440573,163.719282063933,131.401640602706,7.07945784384138,8.91250938133745,2.18776162394955,4.9545019080479,NA
"Hakea dactyloides","E","S",41.6869383470336,257.039578276886,12.5892541179417,1.14815362149688,0.229583396656777,59.012019456033,198.027558820853,0.229583396656777,126.796563194486,130.2430150824,18.1970085860998,9.1201083935591,1.86208713666287,1.36772882559585,0.0460256573581356
"Hakea tephrosperma","E","S",40.7380277804113,501.187233627272,12.3026877081238,1.31825673855641,0.241383379487547,120.978268208966,380.208965418306,0.241383379487547,204.371673239773,296.815560387499,33.1131121482591,6.16595001861482,0.478630092322638,2.33883723865935,0.0961612278383665
"Hakea teretifolia","E","S",20.8929613085404,338.844156139202,14.1253754462275,1.65958690743756,0.540652873682383,183.197066747142,155.64708939206,0.540652873682383,151.999971100906,186.844185038296,95.4992586021436,6.76082975391982,0.758577575029184,1.10407861990207,0.0448745389933132
"Helianthus microcephalus","U","H",4.07380277804113,39.8107170553497,10.471285480509,1.41253754462275,0.603546704514399,24.0276270831115,15.7830899722382,0.603546704514399,21.7328743762437,18.077842679106,5.24807460249773,14.7910838816821,2.34422881531992,1.0447202192208,NA
"Hibbertia bracteata","E","S",10.9647819614319,109.647819614319,6.76082975391982,0.891250938133746,0.228779706588266,25.085195999407,84.562623614912,0.228779706588266,53.577784351723,56.070035262596,28.8403150312661,5.62341325190349,1.76363540766109,1.14551294144554,0.0297166603173803
"Hibbertia huegelii","E","S",14.7910838816821,181.970085860998,12.8824955169313,1.07151930523761,0.428823515063537,78.0330518553269,103.937034005671,0.428823515063537,94.6203477103005,87.3497381506975,6.30957344480193,12.8372911252395,1.34896288259165,2.01836636368156,NA
"Hibbertia subvaginata","E","S",16.9824365246174,245.470891568503,17.7827941003892,1.81970085860998,0.605543172196761,148.643222362359,96.8276692061444,0.605543172196761,121.484092905511,123.986798662992,39.8107170553497,8.51138038202377,1.73780082874938,3.24339617349349,NA
"Jacksonia floribunda","E","S",33.1131121482591,309.029543251359,19.9526231496888,2.63026799189538,0.542574623279297,167.671588011779,141.35795523958,0.542574623279297,149.494861102292,159.534682149067,23.9883291901949,20.4173794466953,1.44543977074593,5.00034534976978,NA
"Juniperus monosperma","E","T",77.6247116628692,776.247116628692,7.76247116628692,3.71535229097173,0.352953257985789,273.978948816172,502.26816781252,0.352953257985789,377.250868620289,398.996248008403,32.2458173948273,9.33254300796991,0.91201083935591,9.1411324147025,NA
"Kalmia latifolia","E","T",36.3078054770101,104.71285480509,4.78630092322638,0.933254300796991,0.101466247440271,10.6248204358305,94.0880343692595,0.101466247440271,48.5172177533548,56.1956370517352,41.6869383470336,5.88843655355589,1.28824955169313,1.21618600064637,NA
"Koeleria cristata","U","G",2.0451477162568,115.681928269994,18.8633010869314,2.51930253571984,0.91566459823972,105.92584637294,9.7560818970539,0.91566459823972,57.3355489203289,58.3463793496651,11.7489755493953,6.45654229034656,1.81970085860998,1.81862697074466,NA
"Lambertia formosa","E","S",29.5120922666639,223.872113856834,9.33254300796991,0.891250938133746,0.152862012540603,34.2215418758746,189.650571980959,0.152862012540603,98.9978852617104,124.874228595124,29.5120922666639,6.75843526982924,0.616595001861482,1.33967668742594,0.0509330871057195
"Larrea tridentata","E","S",12.0226443461741,251.188643150958,18.1970085860998,1.94984459975805,0.71867480812015,180.522949918476,70.6656932324823,0.71867480812015,139.228962502571,111.959680648387,38.0189396320561,9.54992586021436,3.01995172040202,3.90425265587553,NA
"Lasiopetalum ferrugineum","E","S",23.9883291901949,120.226443461741,8.12830516164099,0.478630092322638,0.0764534303708,9.19172402393114,111.03471943781,0.0764534303708,57.6524120522872,62.5740314094538,45.7088189614875,21.3796208950223,1.62181009735893,1.40281370456196,0.0363915036127207
"Laurelia philippiana","E","T",26.9153480392692,162.181009735893,6.45654229034656,1,0.134667778932133,21.8405563661034,140.34045336979,0.134667778932133,89.0087385427135,73.1722711931795,1.54881661891248,10.2329299228075,1.81970085860998,2.2140666847567,NA
"Leptospermum polygalifolium","E","S",7.41310241300917,91.201083935591,8.51138038202377,1.28824955169313,0.516429054142996,47.0988895136732,44.1021944219178,0.516429054142996,45.2909301539591,45.9101537816319,31.6227766016838,9.1201083935591,1.51356124843621,1.19674053130724,0.0413047501990161
"Leptospermum trinervium","E","S",22.3872113856834,128.824955169313,4.46683592150963,1.58489319246111,0.214164119499395,27.589683093385,101.235272075928,0.214164119499395,63.549797717028,65.275157452285,6.02559586074358,4.46683592150963,1.41253754462275,1.09900583943252,0.0321366053864032
"Lespedeza capitata","U","H",1.54881661891248,102.329299228075,15.1356124843621,1.23026877081238,0.924822909390139,94.6364802279624,7.69281900011256,0.924822909390139,48.0275825897338,54.3017166383412,5.01187233627272,6.60693448007596,0.630957344480193,NA,NA
"Leucopogon conostephioides","E","S",14.1253754462275,158.489319246111,6.45654229034656,1.73780082874938,0.406828228064567,64.4779289160548,94.0113903300562,0.406828228064567,81.4939085956775,76.9954106504335,5.75439937337157,19.9526231496888,1.09647819614319,1.73780082874938,NA
"Licania heteromorpha","E","T",39.8107170553497,147.910838816821,7.94328234724282,0.776247116628692,0.112689747278926,16.6680350460815,131.242803770739,0.112689747278926,77.8488703222742,70.0619684945468,3.01995172040202,10.9647819614319,1.58489319246111,1.93196831701692,NA
"Liriodendron tulipifera","D","T",5.24807460249773,60.2559586074358,10.2329299228075,0.851138038202376,0.504521031623263,30.4003983980722,29.8555602093636,0.504521031623263,28.3560130485519,31.8999455588839,14.1253754462275,7.94328234724282,0.645654229034656,1.20882030150552,NA
"Lomatia hirsuta","E","T",23.9883291901949,123.026877081238,8.91250938133745,1,0.222772282215983,27.4069781812926,95.6198988999454,0.222772282215983,84.3419782221878,38.6848988590502,1.69941645950975,7.58577575029184,3.71535229097173,1.03752841581801,NA
"Lomatia silaifolia","E","S",27.5422870333817,141.253754462275,5.88843655355589,0.812830516164099,0.0921932850907611,13.0226476552809,128.231106806994,0.0921932850907611,70.2523863801441,71.0013680821309,11.4815362149688,19.9526231496888,1.41253754462275,0.864967918775693,0.0447713304176363
"Luehea seemannii","D","T",6.30957344480193,138.038426460289,18.6208713666287,2.95120922666639,0.787243682540148,108.669879178645,29.3685472816437,0.787243682540148,64.6638777265251,73.3745487337639,16.2181009735893,4.36515832240166,0.933254300796991,NA,NA
"Luma apiculata","E","T",20.6551703776178,150.109718098091,9.18061754222427,1.43657137207712,0.331443521663979,49.7528936024184,100.356824495673,0.331443521663979,73.3822166389239,76.7275014591671,41.6869383470336,12.8824955169313,1.8047157535978,1.69912409930194,NA
"Lupinus perennis","U","H",0.933254300796991,64.5654229034656,20.8929613085404,1.90546071796325,0.936052793190336,60.4366444523043,4.12877845116132,0.936052793190336,31.3395751078672,33.2258477955984,7.07945784384138,8.51138038202377,0.812830516164099,2.0748936646624,NA
"Lyginia barbata","E","G",45.7088189614875,676.082975391982,20.4173794466953,2.69153480392692,0.573363483676351,387.64129002502,288.441685366962,0.573363483676351,456.461377863866,219.621597528116,7.94328234724282,12.8824955169313,3.71535229097173,4.83058802039773,NA
"Lyonia lucida","E","S",19.4984459975805,239.883291901949,6.16595001861482,1.38038426460288,0.224312017502691,53.808705171713,186.074586730236,0.224312017502691,113.590143960119,126.29314794183,26.9153480392692,5.49540873857625,1.20226443461741,1.69639878216067,NA
"Macrozamia riedlei","E","S",104.71285480509,288.403150312661,11.7489755493953,0.954992586021436,0.124624039281499,35.9419655334732,252.461184779188,0.124624039281499,139.977679199721,148.42547111294,29.5120922666639,14.7910838816821,0.977237220955811,5.02342589522387,NA
"Manihot esculenta","U","S",1.51356124843621,36.3078054770101,16.9824365246174,1.20226443461741,0.821365729416304,29.8219871291297,6.48581834788043,0.821365729416304,19.2870390009469,17.0207664760632,3.01995172040202,27.5422870333817,1.32264740752783,1.44543977074593,NA
"Melaleuca acerosa","E","S",24.5470891568503,331.131121482591,16.2181009735893,2.69153480392692,0.599694218781852,198.577419211861,132.55370227073,0.599694218781852,169.361431066398,161.769690416193,15.8489319246111,20.8929613085404,1.81970085860998,2.82487997491571,NA
"Melaleuca uncinata","E","S",16.6134701060524,331.013844723503,12.8372911252395,2.88479607896542,0.694906394172674,230.023637258043,100.99020746546,0.694906394172674,173.435607329933,157.57823739357,3.98107170553497,12.5892541179417,1.34896288259165,3.58277732244108,0.202911208758517
"Miconia dispar","U","T",12.0226443461741,109.647819614319,10.2329299228075,0.575439937337157,0.192430601445731,21.0995958755964,88.5482237387226,0.192430601445731,54.5987661762555,55.0490534380635,29.5120922666639,6.16595001861482,1.86208713666287,1.76197604641163,NA
"Myrceugenia planipes","E","T",36.3078054770101,131.825673855641,6.16595001861482,0.707945784384138,0.0794116870724815,10.4684991603432,121.357174695298,0.0794116870724815,65.2821710205681,66.5435028350729,36.3078054770101,13.1825673855641,1.25892541179417,1.29622342197875,NA
"Nothofagus dombeyi","E","T",17.203510428574,128.961582670202,11.2231590882003,1.32264740752783,0.389344774979451,50.2105183857236,78.7510642844784,0.389344774979451,63.1468175711304,65.8147650990716,27.5422870333817,20.4173794466953,1.62181009735893,1.93988448144692,NA
"Nuytsia floribunda","E","T",28.1838293126445,457.088189614875,12.8824955169313,2.23872113856834,0.543760237103736,248.546382362302,208.541807252573,0.543760237103736,226.163806523265,230.92438309161,22.9849776094508,13.1825673855641,0.91201083935591,3.49140315478586,NA
"Ocotea costulata","E","T",38.9045144994281,128.824955169313,5.88843655355589,0.645654229034656,0.0658090678452737,8.47785021490166,120.347104954411,0.0658090678452737,57.2774839707524,71.5474711985606,14.1253754462275,12.3026877081238,0.501187233627272,1.95433945577539,NA
"Olearia decurrens","E","S",11.2201845430196,154.881661891248,10.2329299228075,1.58489319246111,0.547291226013793,84.7653746235148,70.1162872677332,0.547291226013793,78.4183786401565,76.4632832510915,24.5470891568503,18.1970085860998,1.47910838816821,2.66685866452148,0.131825673855641
"Olearia pimelioides","E","S",11.461975519794,109.909527361014,6.75843526982924,1.76363540766109,0.447303419530065,49.1629074275148,60.7466199334992,0.447303419530065,53.3063358096064,56.6031915514076,6.30957344480193,4.07380277804113,1.20226443461741,2.65477501854305,0.13678228769628
"Patersonia occidentalis","E","H",28.8403150312661,380.189396320561,15.4881661891248,1.90546071796325,0.508818043259588,193.447224703872,186.742171616689,0.508818043259588,181.163019425936,199.026376894625,37.1535229097173,18.6208713666287,0.794328234724281,3.27340694878838,NA
"Persea borbonia","E","S",18.1970085860998,112.201845430196,6.76082975391982,0.741310241300917,0.129690097556519,14.5514682798636,97.6503771503324,0.129690097556519,54.8591130287466,57.3427324014494,15.1356124843621,3.89045144994281,1.31825673855641,1.82389570231964,NA
"Persea lingue","E","T",33.1131121482591,104.71285480509,8.12830516164099,0.446683592150963,0.0712664216902429,7.46251046692872,97.2503443381613,0.0712664216902429,49.5636169688482,55.1492378362418,47.8630092322638,13.1825673855641,2.08929613085404,1.05196187382322,NA
"Persoonia levis","E","S",45.7088189614875,181.970085860998,8.12830516164099,0.562341325190349,0.0623523415837677,11.3462609516325,170.623824909366,0.0623523415837677,88.3782135139542,93.5918723470438,20.6551703776178,6.91830970918936,1.23026877081238,1.07646521362983,0.0437522105158252
"Persoonia linearis","E","T",40.7380277804113,144.543977074593,7.41310241300917,0.707945784384138,0.0939454489416991,13.5792488180913,130.964728256502,0.0939454489416991,69.4911637528627,75.0528133217303,36.3078054770101,7.94328234724282,1.65958690743756,1.09395636627209,0.0714496326075513
"Persoonia saccata","E","S",29.5120922666639,457.088189614875,19.0546071796325,2.45470891568503,0.607909798158905,277.868389089598,179.219800525277,0.607909798158905,225.678560084809,231.409629530066,8.51138038202377,10.7151930523761,0.831763771102671,3.28851630875983,NA
"Petrophile linearis","E","S",41.6869383470336,549.540873857625,21.8776162394955,3.38844156139203,0.603294528011993,331.535002117234,218.005871740391,0.603294528011993,251.528480528281,298.012393329344,33.1131121482591,11.2201845430196,0.562341325190349,3.38844156139203,NA
"Philotheca difformis","E","S",22.9849776094508,226.625405668854,10.1325594562952,3.05709260499561,0.527350382844616,119.510994441786,107.114411227068,0.527350382844616,117.329814976045,109.295590692809,3.01995172040202,16.9824365246174,1.25892541179417,3.25112205501044,0.150807190233915
"Phyllota phylicoides","E","S",22.3872113856834,120.226443461741,8.31763771102671,1.77827941003892,0.346427760586163,41.6497775716899,78.5766658900511,0.346427760586163,61.9430663775746,58.2833770841664,9.54992586021436,13.5791284152681,1.94984459975805,1.47910838816821,0.0214783047413053
"Picea engelmanii","E","T",89.1250938133745,309.029543251359,3.54813389233576,0.977237220955811,0.0311211059923888,9.61734117030502,299.412202081054,0.0311211059923888,162.055106143248,146.974437108111,7.07945784384138,15.4881661891248,1.94984459975805,3.14774831410132,NA
"Picea glauca","E","T",60.2559586074358,288.403150312661,6.60693448007596,1.14815362149688,0.0976779244905592,28.1706211390795,260.232529173581,0.0976779244905592,154.659283730548,133.743866582113,1.86653157185913,15.1356124843621,1.17489755493953,NA,NA
"Pimelea linifolia","E","S",12.5892541179417,57.5439937337157,7.94328234724282,1.31825673855641,0.347256107048675,19.9825032480035,37.5614904857122,0.347256107048675,29.0880742961049,28.4559194376108,3.01995172040202,12.8824955169313,0.831763771102671,0.84527884516029,0.0301995172040202
"Pimelea microcephala","E","S",7.58577575029184,81.2830516164099,10.7151930523761,2.18776162394955,0.611181423344264,49.6786911806827,31.6043604357272,0.611181423344264,39.4780785745143,41.8049730418956,18.1970085860998,5.75439937337157,1.65958690743756,2.47742205763329,0.155955250282695
"Pinus banksiana","E","T",26.9153480392692,245.470891568503,7.58577575029184,1.47910838816821,0.252573876036877,61.9995345376848,183.471357030818,0.252573876036877,116.868482859414,128.602408709089,14.1253754462275,19.4984459975805,0.742096450506415,3.02691342810131,NA
"Pinus flexilis","E","T",36.3078054770101,363.078054770101,9.77237220955811,1.47910838816821,0.252502590397939,91.6781493460952,271.399905424006,0.252502590397939,158.282878122785,204.795176647316,19.0546071796325,6.16595001861482,0.602559586074358,4.10204102986607,NA
"Pinus palustris","E","T",32.3593656929628,257.039578276886,3.89045144994281,0.91201083935591,0.0408218026810059,10.492818945628,246.546759331258,0.0408218026810059,125.489306651547,131.550271625339,13.1825673855641,18.1970085860998,0.891250938133746,2.09411245585089,NA
"Pinus rigida","E","T",33.1131121482591,204.173794466953,11.2201845430196,1.07151930523761,0.225213060692701,45.9826051651448,158.191189301808,0.225213060692701,96.9224576014192,107.251336865534,104.71285480509,9.77237220955811,1.25892541179417,2.37137370566166,NA
"Pinus serotina","E","T",26.9153480392692,275.422870333817,4.07380277804113,1.20226443461741,0.0725456530427628,19.9807319912789,255.442138342538,0.0725456530427628,137.151434608755,138.271435725062,8.12830516164099,7.10950672831674,1.02329299228075,2.28559880337543,NA
"Pinus strobus","E","T",20.8929613085404,122.272053936742,6.02559586074358,0.596649334835271,0.0718027225157374,8.77946636024916,113.492587576493,0.0718027225157374,59.7581687403178,62.5138851964242,43.6515832240166,7.76247116628692,2.23872113856834,NA,NA
"Pinus sylvestris","E","T",26.9153480392692,295.120922666639,10.2329299228075,1.81970085860998,0.402418623349294,118.762155421082,176.358767245557,0.402418623349294,153.58848698798,141.532435678659,3.46736850452532,6.45654229034656,1.31825673855641,3.19922523133773,NA
"Poa pratensis","U","G",3.01995172040202,100,30.1995172040202,3.46736850452532,0.869735021322347,86.9735021322348,13.0264978677652,0.869735021322347,54.2649881230113,45.7350118769887,1.99526231496888,18.6208713666287,1.20226443461741,NA,NA
"Podocarpus nubigena","E","T",77.6247116628692,199.526231496888,7.94328234724282,0.831763771102671,0.0890393400160063,17.7656839683638,181.760547528524,0.0890393400160063,94.7961619698331,104.730069527055,9.33254300796991,7.76247116628692,0.645654229034656,1.68950082615282,NA
"Podocarpus saligna","E","T",26.0860792514197,167.891527994965,6.16595001861482,0.897164117362141,0.105886358067497,17.777422449774,150.114105545191,0.105886358067497,95.0532157640586,72.8383122309064,1.97255345736346,9.77237220955811,2.08929613085404,1.71460112064798,NA
"Podophyllum peltatum","U","H",3.01995172040202,30.9029543251359,6.45654229034656,0.831763771102671,0.469414537218278,14.5062960032113,16.3966583219246,0.469414537218278,15.5884193400721,15.3145349850638,36.3078054770101,18.8633010869314,2.69153480392692,1.36536321534477,NA
"Pomaderris ferruginea","E","S",11.4815362149688,97.7237220955811,7.58577575029184,0.562341325190349,0.128433001957312,12.5509509911776,85.1727711044035,0.128433001957312,47.7212121115615,50.0025099840196,32.3593656929628,12.3026877081238,1.81970085860998,1.26765186585785,0.0404575891697443
"Populus deltoides","D","T",5.01187233627272,91.201083935591,14.7910838816821,1.25892541179417,0.70843571604974,64.6101052024228,26.5909787331682,0.70843571604974,46.8103650483031,44.3907188872879,4.46683592150963,22.151588074173,1.14815362149688,2.10913701338626,NA
"Populus fremontii","U","T",3.01995172040202,120.226443461741,14.4543977074593,1.73780082874938,0.870422873732883,104.647846416653,15.5785970450884,0.870422873732883,56.3038536298047,63.9225898319363,36.3078054770101,9.18061754222427,1,1.9815270258051,NA
"Populus tremuloides","D","T",5.01187233627272,83.1763771102671,12.0226443461741,1.86208713666287,0.711164493210377,59.1520860746983,24.0242910355688,0.711164493210377,43.6857018665697,39.4906752436974,2.51188643150958,6.02559586074358,1.58489319246111,1.7666772393009,NA
"Prosopis glandulosa","U","T",7.07945784384138,194.984459975805,17.7827941003892,1.51356124843621,0.783377760115111,152.746489513101,42.2379704627045,0.783377760115111,111.291119555195,83.6933404206102,3.98107170553497,30.1995172040202,2.57039578276886,3.75324040711828,NA
"Protium sp1","E","T",33.1131121482591,114.815362149688,4.07380277804113,0.691830970918937,0.0505287896111806,5.80148127819309,109.013880871495,0.0505287896111806,52.5082539272482,62.3071082224398,20.8929613085404,14.7910838816821,0.575439937337157,0.993116048420934,NA
"Protium sp2","E","T",34.6736850452532,123.026877081238,8.12830516164099,0.707945784384138,0.115629063406591,14.2254825707413,108.801394510497,0.115629063406591,59.827216651372,63.199660429866,24.5470891568503,10.471285480509,1.47910838816821,2.15774440915267,NA
"Prumnopitys andina","E","T",33.8844156139203,147.910838816821,5.62341325190349,0.602559586074358,0.0528974800957109,7.8241106522527,140.086728164568,0.0528974800957109,72.1609917235681,75.7498470932529,4.78630092322638,14.1253754462275,0.776247116628692,1.36772882559585,NA
"Psychrophila leptosepala","U","H",2.51188643150958,79.4328234724281,8.7096358995608,1.20226443461741,0.818661374127112,65.0285844147343,14.4042390576938,0.818661374127112,38.4423459376129,40.9904775348152,36.3078054770101,12.3026877081238,1.38038426460288,2.30144181740851,NA
"Pterocaulon pycnostachyum","U","H",5.12861383991365,81.2830516164099,7.76247116628692,1.25892541179417,0.607336391162546,49.3661552313894,31.9168963850206,0.607336391162546,37.832712115406,43.4503395010039,77.6247116628692,26.3026799189538,0.776247116628692,1.59220872705117,NA
"Pultenea daphnoides","E","S",9.33254300796991,93.3254300796991,9.54992586021436,0.870963589956081,0.350144178051575,32.6773560065659,60.6480740731332,0.350144178051575,54.7890547432346,38.5363753364645,7.58577575029184,8.59273731128364,3.38844156139203,1.83653834334835,0.0338844156139203
"Pultenea flexilis","E","S",16.5958690743756,91.201083935591,10,1.14815362149688,0.325368876425229,29.6739942088863,61.5270897267047,0.325368876425229,43.2011634121768,47.9999205234142,26.9153480392692,6.45654229034656,1,1.84501541917947,0.0407380277804113
"Quercus coccinea","D","T",5.75439937337157,85.1138038202376,9.77237220955811,0.977237220955811,0.556858576913535,47.3963516710353,37.7174521492023,0.556858576913535,44.310659587848,40.8031442323896,9.77237220955811,13.4896288259165,1.51356124843621,NA,NA
"Quercus ellipsoidalis","U","T",6.02559586074358,104.71285480509,13.1825673855641,1.38038426460288,0.679663647775455,71.169520865809,33.543333939281,0.679663647775455,51.0722716967969,53.6405831082931,23.9883291901949,8.12830516164099,1.02329299228075,2.2080047330189,NA
"Quercus laevis","D","T",7.58577575029184,102.329299228075,6.76082975391982,0.645654229034656,0.173538206235961,17.758043033423,84.571256194652,0.173538206235961,54.0389905158666,48.2903087122084,6.91830970918936,9.54992586021436,1.73780082874938,1.42050931194549,NA
"Quercus virginia var geminata","U","T",10.9647819614319,158.489319246111,12.8824955169313,0.91201083935591,0.464185044438624,73.5683716973033,84.9209475488077,0.464185044438624,79.1174436877375,79.3718755583735,26.0860792514197,5.75439937337157,1.99526231496888,2.44906324184475,NA
"Regelia ciliata","E","S",19.0546071796325,154.881661891248,14.7910838816821,1.47910838816821,0.449766546181875,69.6605901357356,85.2210717555124,0.449766546181875,77.2336755017817,77.6479863894663,40.7380277804113,8.7096358995608,2.51188643150958,1.74180687339161,NA
"Rhododendron maximum","E","T",47.8630092322638,204.173794466953,6.91830970918936,0.776247116628692,0.0757101985526512,15.4580385183412,188.715755948612,0.0757101985526512,107.879688124213,96.2941063427402,10,17.7827941003892,2.04173794466953,NA,NA
"Robinia pseudoacacia","D","T",4.57088189614875,38.0189396320561,9.33254300796991,1.20226443461741,0.533993875778767,20.3018809271206,17.7170587049355,0.533993875778767,16.9296443025713,21.0892953294848,22.3872113856834,6.16595001861482,0.707945784384138,1.83837640849831,NA
"Rudbeckia serotina","U","H",1.54881661891248,70.7945784384138,20.4173794466953,1.23026877081238,0.897287638531521,63.5231001078388,7.27147833057498,0.897287638531521,36.7834379723771,34.0111404660367,1.41253754462275,12.8824955169313,0.891250938133746,1.53108746168203,NA
"Salix glauca","D","T",3.01995172040202,81.2830516164099,10.2329299228075,1.44543977074593,0.799593489837026,64.9933989065683,16.2896527098416,0.799593489837026,38.549421657536,42.7336299588739,40.7380277804113,18.6208713666287,2.34422881531992,2.00678637074293,NA
"Salix planifolia","U","T",3.01995172040202,81.2830516164099,12.3026877081238,1.99526231496888,0.817434998913359,66.4436112097345,14.8394404066754,0.817434998913359,47.7585037392831,33.5245478771268,4.07380277804113,14.4543977074593,3.09029543251359,2.17270117886374,NA
"Sanguinaria canadensis","U","H",3.98107170553497,30.9029543251359,7.94328234724282,2.04173794466953,0.59115646125456,18.2684811211586,12.6344732039773,0.59115646125456,15.7625859390831,15.1403683860528,5.12861383991365,10,1.77827941003892,1.67109061431071,NA
"Santalum acuminatum","E","T",17.3780082874938,309.029543251359,7.41310241300917,1.34896288259165,0.30875905071646,95.4156684176307,213.613874833728,0.30875905071646,171.331201198066,137.698342053293,20.8929613085404,13.8038426460288,2.95120922666639,3.11888958409394,0.199526231496888
"Saxegothaea conspicua","E","T",36.3078054770101,128.824955169313,5.75439937337157,0.616595001861482,0.0606919071649911,7.81863221967009,121.006322949643,0.0606919071649911,61.6539418361139,67.1710133331991,33.1131121482591,14.4543977074593,1.23026877081238,1.22992860147042,NA
"Schizachyrium scoparium","U","G",1.69941645950975,56.9661770165117,16.1185959039243,0.873864476177872,0.852661133647557,48.5728450744663,8.39333194204543,0.852661133647557,28.5797895584597,28.386387458052,15.8489319246111,8.91250938133745,1.94984459975805,0.703191607026572,NA
"Scholtzia involucrata","E","S",23.4422881531992,177.827941003892,14.7910838816821,1.77827941003892,0.451642715078512,80.3146940918192,97.5132469120728,0.451642715078512,88.1674122819899,89.6605287219021,18.1970085860998,4.36515832240166,1.86208713666287,2.31206479017559,NA
"Senna artemisioides 1lft","E","S",19.4984459975805,346.736850452532,12.8824955169313,5.62341325190349,0.721580621616043,250.198592086727,96.5382583658053,0.721580621616043,169.617821425626,177.119029026906,19.9526231496888,11.7489755493953,0.870963589956081,4.41570447353313,0.175388050184176
"Senna artemisioides 3lft","E","S",20.8929613085404,281.838293126445,14.1253754462275,3.46736850452532,0.633164311149966,178.449948723088,103.388344403357,0.633164311149966,149.500243203099,132.338049923346,0.933254300796991,10.2329299228075,0.954992586021436,3.11171633710602,0.152756605823807
"Silphium integrifolium","U","H",3.98107170553497,85.1138038202376,10,1.65958690743756,0.753052448662731,64.0951583818292,21.0186454384084,0.753052448662731,41.8443011811372,43.2695026391004,13.1825673855641,9.77237220955811,1.20226443461741,1.4288939585111,NA
"Silphium terebinthinaceum","U","H",3.01995172040202,75.8577575029184,13.4896288259165,1.31825673855641,0.795088624771314,60.3136400912312,15.5441174116872,0.795088624771314,40.2520259236473,35.6057315792712,1.90546071796325,7.94328234724282,1.44543977074593,1.0839269140212,NA
"Solanum ferocissium","E","S",6.45654229034656,75.8577575029184,9.54992586021436,1.73780082874938,0.595830263578015,45.1983476474011,30.6594098555173,0.595830263578015,37.1234936148091,38.7342638881093,22.9086765276777,14.1253754462275,0.977237220955811,2.46036760414763,0.0977237220955811
"Solanum straminifolia","U","T",1.99526231496888,34.6736850452532,13.4896288259165,1.17489755493953,0.752661842362531,26.0975596676584,8.57612537759477,0.752661842362531,17.6981917630927,16.9754932821605,1.99526231496888,16.6283625282055,0.861050814079229,1.36458313658892,NA
"Solidago rigida","U","H",2.50760701768545,105.407592786826,14.7910838816821,1.31778985136909,0.875036148651925,92.2354540308547,13.1721387559713,0.875036148651925,48.9962697442086,56.4113230426174,18.1970085860998,7.94328234724282,0.707945784384138,1.43328527330243,NA
"Sorghastrum nutans","U","G",1.97255345736346,75.226672993953,22.151588074173,0.990191424423945,0.869192905877455,65.3864904991071,9.84018249484589,0.869192905877455,37.1173586305568,38.1093143633963,18.6208713666287,2.95120922666639,1.54881661891248,NA,NA
"Spartothamnella puberula","E","S",9.54992586021436,93.3254300796991,13.1825673855641,3.71535229097173,0.649401745985472,60.6056972386017,32.7197328410974,0.649401745985472,46.1048924202566,47.2205376594425,8.31763771102671,19.4984459975805,0.977237220955811,2.73526872630671,0.11091748152624
"Stirlingia latifolia","E","S",28.8403150312661,288.403150312661,16.5958690743756,2.08929613085404,0.499138193931095,143.9530275711,144.450122741561,0.499138193931095,150.635790648455,137.767359664206,5.37174167053699,12.8824955169313,1.34896288259165,2.69153480392692,NA
"Syncarpia glomulifera","E","T",22.9086765276777,147.910838816821,9.1201083935591,0.91201083935591,0.201207234011645,29.7607307586748,118.150108058146,0.201207234011645,83.1914070172654,64.7194317995556,19.4984459975805,14.7910838816821,3.38844156139203,1.46217717445672,0.0594292158615573
"Synoum glandulosum","E","T",11.7489755493953,91.201083935591,6.45654229034656,0.776247116628692,0.179309690641899,16.3532381466966,74.8478457888944,0.179309690641899,43.4553464677188,47.7457374678722,60.2559586074358,8.51138038202377,1.28824955169313,1.46217717445672,0.0774461797802519
"Taxodium distichum","U","T",6.45654229034656,128.824955169313,8.31763771102671,1.20226443461741,0.626877518384946,80.7574682025908,48.0674869667222,0.626877518384946,63.4026774824496,65.4222776868634,14.7910838816821,9.54992586021436,0.954992586021436,1.52405275379729,NA
"Tsuga canadensis","E","T",60.2559586074358,123.026877081238,5.49540873857625,0.380189396320561,0.0271478442562601,3.3399144983355,119.686962582902,0.0271478442562601,64.2847272769599,58.7421498042781,34.6736850452532,7.41310241300917,2.69153480392692,1.21338885046498,NA
"Urera caracasana","D","T",3.01995172040202,67.6082975391982,15.4881661891248,1.94984459975805,0.800869738773984,54.1454395891714,13.4628579500268,0.800869738773984,44.0545758744482,23.55372166475,2.69153480392692,14.4543977074593,4.26579518801593,2.08756483584799,NA
"Vaccinium arboreum","U","S",10.9647819614319,125.892541179417,6.45654229034656,0.794328234724281,0.161363839190714,20.3145037701858,105.578037409231,0.161363839190714,65.9620662888208,59.9304748905962,1.99526231496888,7.58577575029184,1.20226443461741,1.51008015416415,NA
"Vaccinium corymbosum","U","S",7.58577575029184,102.329299228075,6.16595001861482,1.28824955169313,0.45267645292789,46.3220642051617,56.0072350229133,0.45267645292789,51.5316574495636,50.7976417785114,10.9647819614319,14.1253754462275,1.90546071796325,1.25602996369487,NA
"Vaccinium myrtillus","D","S",3.46736850452532,58.8843655355589,6.16595001861482,0.616595001861482,0.37062727621971,21.8241520103699,37.060213525189,0.37062727621971,29.1674725409761,29.7168929945828,26.9153480392692,10.2329299228075,1.47910838816821,NA,NA
"Veratrum parviflorum","U","H",3.63078054770101,33.8844156139203,4.36515832240166,0.630957344480193,0.219092435503685,7.42381914247289,26.4605964714474,0.219092435503685,16.8541417719814,17.0302738419389,10.9647819614319,7.76247116628692,1.73780082874938,NA,NA
"Verticordia nitens","E","S",18.1970085860998,331.131121482591,21.3796208950223,1.99526231496888,0.667791424897172,221.126523442658,110.004598039933,0.667791424897172,183.030931712439,148.100189770152,2.50760701768545,21.8776162394955,1.81970085860998,3.72391706254568,NA
"Vismia japurensis","U","T",6.91830970918936,95.4992586021436,12.8824955169313,0.891250938133746,0.5475497858325,52.2905985947662,43.2086600073774,0.5475497858325,47.0494608940466,48.449797708097,29.5120922666639,11.7489755493953,1.90546071796325,1.55596563160507,NA
"Vismia lauriformis","U","T",4.46683592150963,87.0963589956081,13.8038426460288,0.954992586021436,0.695784172377331,60.600268060838,26.4960909347701,0.695784172377331,36.2545599156639,50.8417990799442,5.75439937337157,8.91250938133745,0.380189396320561,1.56675107010815,NA
"Xanthorrhoea preissii","E","S",23.9883291901949,741.310241300918,18.1970085860998,2.34422881531992,0.759919302683128,563.335961641255,177.974279659663,0.759919302683128,414.378794390631,326.931446910287,1.47910838816821,6.45654229034656,1.54881661891248,5.9292532458,NA
"Xylomelum pyriforme","E","T",40.7380277804113,151.356124843621,10.471285480509,0.645654229034656,0.120698623369417,18.2684759071546,133.087648936466,0.120698623369417,74.0330977566326,77.3230270869884,12.0226443461741,20.8929613085404,0.977237220955811,1.32434153519466,0.0563637655825954
