sp,DE,GF,LL,LMA,Aarea,Rarea,Narea,Parea,LMAp,LMAs,LMAp_lo,LMAp_up,LMAs_lo,LMAs_up,id
Abies lasiocarpa,E,T,95.49925860214358,257.03957827688646,2.9512092266663856,0.8709635899560807,2.618183008218985,NA,16.021921466123523,241.01765681076293,1.714248548223895,63.5032600146268,193.53631826225967,255.32532972866255,gl_1
Acacia colletioides,E,S,37.15352290971726,363.0780547701014,8.511380382023766,1.9952623149688795,4.120975190973302,0.11066237839776664,116.74081180388173,246.33724296621966,21.817661665920856,250.61767716072254,112.46037760937887,341.26039310418054,gl_2
Acacia doratoxylon,E,S,19.952623149688797,218.7761623949552,14.454397707459272,1.4791083881682074,4.385306977749857,0.18155156627731356,115.73571337146713,103.04044902348808,36.71090805067242,176.64084160220543,42.13532079274978,182.06525434428278,gl_3
Acacia floribunda,E,T,13.489628825916531,125.89254117941675,10.964781961431852,1.2589254117941673,2.8973435877013234,0.0716143410212902,57.92786813797044,67.9646730414463,15.049823835293378,97.03354247095845,28.8589987084583,110.84271734412337,gl_4
Acacia havilandiorum,E,S,20.892961308540396,416.8693834703355,12.02264434617413,3.2359365692962827,3.8282474331682264,0.120781383510678,225.24444858308615,191.62493488724934,60.639477575394295,345.12103508167405,71.74834838866144,356.2299058949412,gl_5
Acacia oswaldii,E,S,20.892961308540396,263.02679918953817,13.182567385564074,1.4125375446227544,4.852885001621211,0.17701089583174212,142.38403536866977,120.6427638208684,39.61382838594831,217.8095793870555,45.217219802482674,223.41297080358987,gl_6
Acacia suaveolens,E,S,29.512092266663856,218.7761623949552,9.549925860214358,1.4454397707459274,4.216965034285822,0.0485288500162121,76.60388009751917,142.17228229743603,18.22528877199608,149.38974371123803,69.38641868371718,200.55087362295913,gl_7
Acacia willhelmiana,E,S,12.02264434617413,162.181009735893,8.128305161640993,1.8197008586099832,3.0338911841942706,0.11694993910198707,67.72350009862052,94.4575096372725,12.091071898884499,127.08553793565065,35.095471800242365,150.0899378370085,gl_8
Acer rubrum,D,T,5.371741670536986,61.67584652772756,7.109506728316736,0.7678192380125994,1.206444984484017,NA,27.3668211493373,34.30902537839026,3.558474928360846,51.565081386843396,10.110765140884162,58.11737159936671,gl_9
Acer saccharum,D,T,5.495408738576246,79.43282347242814,7.585775750291837,0.5623413251903491,1.4791083881682074,NA,46.06032067756506,33.37250279486308,3.4433473654503954,72.00992938160024,7.422894090827896,75.98947610697775,gl_10
Achillea millefolium,NA,H,1,85.11380382023764,13.803842646028846,1.2589254117941673,1.5523870099580823,NA,79.92843711580734,5.185366704430294,72.50398099975989,83.58190217278494,1.531901647452699,12.609822820477746,gl_11
Acomastylis rosii,NA,H,1.9952623149688795,83.17637711026708,10.715193052376064,1.7378008287493754,2.098939883623524,NA,68.57984207108957,14.59653503917751,48.32774997497915,78.53915060711917,4.6372265031479145,34.848627135287934,gl_12
Adenanthos cygnorum,E,S,39.810717055349734,234.42288153199223,13.803842646028846,1.023292992280754,1.8323144223712116,NA,96.58979392518403,137.8330876068082,25.702482226061967,170.22301071555546,64.19987081643677,208.72039930593027,gl_13
Aextoxicon punctatum,E,T,43.65158322401658,134.89628825916532,5.623413251903491,0.5011872336272722,1.3243415351946646,NA,19.55399598123973,115.3422922779256,2.782839943475965,60.51688618421419,74.37940207495113,132.11344831568934,gl_14
Agropyron repens,NA,G,1.866531571859127,58.306793785955335,16.62836252820555,0.8610508140792286,1.284018367003239,NA,50.3413321321958,7.965461653759533,38.83447618213696,55.83489767077758,2.4718961151777563,19.472317603818375,gl_15
Ambrosia artemisiifolia,NA,H,1.4791083881682074,77.62471166286916,27.542287033381665,1.5488166189124817,1.990673338987187,NA,69.81806526288997,7.806646399979186,59.069465539489215,75.16774399240498,2.4569676704641807,18.555246123379945,gl_16
Anacardium excelsum,E,T,8.511380382023766,83.17637711026708,10.471285480508996,2.1877616239495525,1.3963683610559376,NA,36.679451907897516,46.49692520236957,11.260540618344198,61.39091399097017,21.785463119296914,71.91583649192289,gl_17
Andersonia heterophylla,E,S,10.715193052376064,257.03957827688646,8.511380382023766,3.0902954325135905,2.4322040090738155,NA,135.0854797015848,121.95409857530166,25.939200449727654,217.54814599021478,39.49143228667168,231.1003778271588,gl_18
Andropogon gerardi,NA,G,1.6994164595097452,73.35080201621284,21.983244987061564,0.8815744387791431,1.0381484898974491,NA,66.64018154462184,6.710620471591,56.94131622147098,71.34637582360665,2.0044261926061893,16.40948579474186,gl_19
Anemone cylindrica,NA,H,2.0892961308540396,93.3254300796991,15.488166189124811,1.3803842646028848,1.5595525028269537,NA,81.64278030842492,11.682649771274185,65.07270532520953,89.56664339213039,3.7587866875687155,28.252724754489577,gl_20
Antirrhoea trichantha,D,T,5.7543993733715695,93.3254300796991,19.498445997580458,1.6982436524617444,1.9230917289101583,NA,62.44466811091448,30.880761968784626,30.9366148028936,82.22556007095241,11.099870008746691,62.3888152768055,gl_21
Arctostaphylos uva-ursi,E,S,18.19700858609983,128.82495516931337,4.36515832240166,0.6760829753919817,1.5703628043335525,NA,13.215794929718408,115.60916023959496,1.0060819657428324,61.92563098819658,66.89932418111678,127.81887320357053,gl_22
Asclepias syriaca,NA,H,1.4125375446227544,63.09573444801933,18.19700858609983,1.5135612484362082,1.7619760464116292,NA,54.918884961161574,8.176849486857755,44.10916163469814,60.380357462067906,2.7153769859514227,18.98657281332119,gl_23
Astroloma xerophyllum,E,S,8.709635899560805,223.872113856834,9.772372209558108,1.5848931924611136,2.1877616239495525,NA,154.93824909536872,68.93386476146529,42.44344393467806,204.52504659970646,19.34706725712755,181.42866992215596,gl_24
Astrotricha floccosa,E,S,6.165950018614822,83.17637711026708,11.748975549395295,0.7079457843841379,1.3061708881318417,0.05847900841444806,54.67939299761422,28.49698411265286,15.939789906617637,74.4809647708621,8.695412339404982,67.23658720364945,gl_25
Atriplex canescens,NA,H,7.079457843841379,251.18864315095797,16.982436524617444,3.0902954325135905,5.284452517751804,NA,191.04475063023168,60.1438925207263,113.28481583815022,229.84549580652148,21.34314734443649,137.90382731280775,gl_26
Atriplex stipitata,E,S,6.309573444801933,83.17637711026708,19.498445997580458,3.019951720402016,2.41546083444494,0.10990058394325213,47.45507290532609,35.72130420494099,20.436841340831034,68.38874014115257,14.787636969114516,62.739535769436046,gl_27
Austrocedrus chilensis,E,T,28.84031503126606,194.98445997580455,7.585775750291837,1.202264434617413,2.137962089502232,NA,53.93117452222861,141.05328545357594,9.218179409818076,126.30677025410571,68.67768972169884,185.76628056598648,gl_28
Baccharis angustifolia,NA,T,2.51188643150958,95.49925860214358,18.620871366628677,1.6595869074375609,1.8578044550916983,NA,80.60470602640589,14.894552575737691,61.18985115940651,90.37720361664691,5.122054985496675,34.309407442737076,gl_29
Banksia attenuata,E,T,29.512092266663856,281.8382931264455,26.302679918953817,1.8197008586099832,2.312064790175594,NA,162.62672975684805,119.21156336959743,69.59471724936624,233.05281736581986,48.785475760625616,212.24357587707925,gl_30
Banksia marginata,E,S,36.30780547701014,169.82436524617444,19.498445997580458,0.9772372209558108,1.4454397707459274,0.039174187710778297,78.22796970136835,91.59639554480609,27.508766295899353,126.40331915447464,43.42104609169979,142.31559895027507,gl_31
Banksia menziesii,E,T,38.01893963205613,323.5936569296281,18.620871366628677,1.8197008586099832,2.5882129151530915,NA,161.33889236504479,162.2547645645833,58.55803399767802,252.4820497066078,71.11160722302029,265.03562293195006,gl_32
Baptisia leucophaea,NA,H,3.4673685045253166,93.3254300796991,14.791083881682072,3.3884415613920256,3.380648362059816,NA,62.32167331104872,31.003756768650383,28.72962703473985,82.38148353325806,10.94394654644104,64.59580304495925,gl_33
Bellucia grossularioides,NA,T,8.31763771102671,128.82495516931337,14.12537544622754,1,2.1627185237270203,NA,86.74261959572371,42.08233557358966,30.430319152217894,115.1372779175828,13.687677251730577,98.39463601709548,gl_34
Bertya cunninghamii,E,S,16.218100973589298,169.82436524617444,7.079457843841379,1.8197008586099832,3.2359365692962827,0.14387985782558457,55.39988250582477,114.42448274034967,9.625930327086781,119.80359618105958,50.02076906511486,160.19843491908765,gl_35
Beyeria opaca,E,S,14.791083881682072,158.48931924611142,5.7543993733715695,1.4454397707459274,2.747894153102397,0.1193988104464273,40.45829130756138,118.03102793855004,4.362073401756559,111.51298200350647,46.976337242604956,154.12724584435486,gl_36
Bistorta bistortoides,NA,H,1.9952623149688795,83.17637711026708,11.220184543019636,2.344228815319922,3.2210687912834346,NA,65.78531312782167,17.391063982445417,41.90364536237138,77.87739519201104,5.298981918256047,41.272731747895705,gl_37
Boronia ledifolia,E,S,19.498445997580458,158.48931924611142,8.709635899560805,1.096478196143185,1.8967059212111463,0.03507518739525679,56.9954811491681,101.49383809694332,10.940452726938181,114.29072524610854,44.198594000002885,147.54886651917323,gl_38
Bossiaea eriocarpa,E,S,16.218100973589298,199.52623149688787,18.620871366628677,1.8620871366628675,3.81065823393773,NA,115.57057195380666,83.95565954308121,44.79886157016076,165.09443367333503,34.43179782355284,154.7273699267271,gl_39
Bossiaea walkeri,E,S,56.23413251903491,316.22776601683796,11.220184543019636,2.5703957827688635,3.854783576657718,0.12050359403717974,107.78159509619148,208.44617092064647,31.730752572390244,198.38863547693506,117.8391305399029,284.4970134444477,gl_40
Brachychiton populneus,E,T,13.182567385564074,128.85910751752874,8.59273731128364,0.7081334654969633,2.1331810759251453,0.114414167081038,55.18408824862033,73.67501926890841,6.141998487313873,105.53335080099674,23.325756716532,122.71710903021487,gl_41
Bromus inermis,NA,G,1.9952623149688795,56.23413251903491,8.709635899560805,0.7585775750291838,0.8892011178579484,NA,45.896874724731006,10.337257794303902,25.19146583326828,53.58888033119282,2.6452521878420896,31.04266668576663,gl_42
Callitris glaucophylla,E,T,30.902954325135905,234.42288153199223,6.309573444801933,0.9772372209558108,2.8313919957993794,0.20511621788255657,47.41865799623215,187.00422353576008,5.400156708112917,147.9117016148793,86.51117991711294,229.02272482387932,gl_43
Calytrix flavescens,E,S,27.542287033381665,239.88329190194895,14.454397707459272,1.8197008586099832,2.4490632418447453,NA,110.77518485364153,129.10810704830743,35.041293698268156,181.31293756999676,58.57035433195219,204.8419982036808,gl_44
Cassinia laevis,E,S,10,128.82495516931337,6.918309709189364,1.7782794100389228,2.4043628000069335,0.13489628825916536,47.70141107842842,81.12354409088495,7.538958438153242,98.26571766383366,30.559237505479715,121.28599673116013,gl_45
Castilla elastica,D,T,5.7543993733715695,77.62471166286916,7.762471166286917,2.0892961308540396,1.648162391525508,NA,33.8603656402751,43.76434602259406,8.075413250737983,59.80227968932473,17.822431973544433,69.54929841213118,gl_46
Cecropia ficifolia,NA,T,2.6915348039269156,69.18309709189366,17.78279410038923,1.2589254117941673,1.7100153150902877,NA,55.05924296325387,14.123854128639785,37.178351244803274,64.49029692319516,4.692800168698497,32.00474584709038,gl_47
Cecropia longipes,D,T,2.884031503126606,114.81536214968828,19.952623149688797,2.51188643150958,3.0060763026282307,NA,93.23903656706821,21.576325582620072,62.845833202694685,107.56560444131105,7.249757708377231,51.9695289469936,gl_48
Conostephium pendulum,E,S,26.915348039269155,213.79620895022325,10.964781961431852,1.8197008586099832,1.9724227361148536,NA,83.35731274424373,130.43889620597952,22.384735667254784,148.52569086175137,65.27051808847187,191.41147328296847,gl_49
Correa reflexa,E,S,11.748975549395295,70.79457843841381,4.466835921509632,0.31622776601683794,0.8933054837332952,0.03334264127632349,6.543194219675339,64.25138421873847,0.3183481222936949,41.092403328296584,29.702175110117224,70.47623031612011,gl_50
Corymbia gummifera,E,T,14.454397707459272,186.2087136662867,12.882495516931344,1.2302687708123816,1.5205475297324955,0.05610479760324706,106.26212903166007,79.94658463462665,30.137177368994415,156.72433284001005,29.484380826276663,156.0715362972923,gl_51
Cryptocarya alba,E,T,31.622776601683793,144.5439770745928,10.23292992280754,1.3489628825916535,1.233104833228909,NA,48.586264561634636,95.95771251295815,14.79081658690154,90.75743229101134,53.78654478358145,129.75316048769125,gl_52
Dasyphyllum diacanthoides,E,T,15.848931924611133,131.82567385564073,9.549925860214358,1.023292992280754,1.5922087270511702,NA,53.45683756594035,78.36883628970038,10.987670904560211,98.93715220504987,32.88852165059086,120.83800295108051,gl_53
Desmodium canadense,NA,H,2.4547089156850306,63.09573444801933,12.02264434617413,0.7413102413009175,1.4893610777109152,NA,52.47192799289562,10.623806455123706,36.655542642458165,59.808187990766285,3.2875464572530433,26.440191805561163,gl_54
Dodonaea triquetra,E,S,8.128305161640993,95.49925860214358,20.892961308540396,1.023292992280754,1.7988709151287878,0.07481695005111545,63.14536492613696,32.35389367600662,29.144747850496522,83.69465970833217,11.804598893811416,66.35451075164707,gl_55
Dodonaea viscosa angustissima,E,S,7.943282347242816,169.82436524617444,12.302687708123818,3.311311214825911,3.126079367123955,0.18967059212111465,99.0144737715507,70.80989147462374,35.75959392359298,143.24170216127203,26.582663084902407,134.06477132258146,gl_56
Dodonaea viscosa cuneata,E,S,9.772372209558108,112.2018454301963,10,1.9498445997580451,2.2438819237827663,0.11015393095414153,51.43190790882645,60.76993752136985,14.330254200622665,85.88660524754816,26.31524018264814,97.87159122957364,gl_57
Dodonaea viscosa spatulata,E,S,10.23292992280754,131.82567385564073,12.882495516931344,1.9498445997580451,2.618183008218985,0.1517050367459337,70.09244062376145,61.73323323187928,23.555949435115522,106.51213884999379,25.31353500564694,108.26972442052521,gl_58
Drimys winteri,E,T,32.24581739482734,160.0042561606434,8.326459123401811,1.5553905985422494,1.2941416017153042,NA,46.94447503295147,113.05978112769192,12.080313339915767,94.70941529852132,65.29484086212207,147.92394282072763,gl_59
Echinacea purpurea,NA,H,3.981071705534972,77.62471166286916,9.772372209558108,1.3489628825916535,1.1668096170609623,NA,49.94799200137997,27.676719661489187,15.096838166517525,69.09165610266936,8.533055560199799,62.52787349635163,gl_60
Eleagnus angustifolia,NA,T,3.019951720402016,81.2830516164099,14.12537544622754,1.9054607179632472,3.206269324505466,NA,60.16449730827797,21.118554308131934,34.69194578662425,73.84394341734816,7.439108199061749,46.591105829785654,gl_61
Embothrium coccineum,E,T,7.079457843841379,102.32929922807536,14.12537544622754,1.5848931924611136,1.5523870099580823,NA,61.378118363071664,40.95118086500369,22.631465038108757,86.49106704852161,15.838232179553742,79.6978341899666,gl_62
Eremaea pauciflora,E,S,14.12537544622754,199.52623149688787,14.12537544622754,1.7782794100389228,2.3014418174085085,NA,113.77450918354175,85.75172231334612,40.45210779466425,165.67596783950003,33.85026365738784,159.07412370222363,gl_63
Eremophila deserti,E,S,28.84031503126606,218.7761623949552,9.120108393559097,1.2589254117941673,3.4753616144320585,0.19408858775927784,74.62958646665474,144.14657592830048,14.393202776784014,153.2066165590576,65.5695458358976,204.38295961817118,gl_64
Eremophila glabra,E,S,16.613470106052443,158.53133581357054,13.579128415268103,1.804715753597803,2.8059096233565564,0.18957366058256173,76.36577050113362,82.16556531243691,25.866678215786536,120.74098475127039,37.79035106230015,132.66465759778401,gl_65
Eremophila mitchelli,E,S,14.12537544622754,177.82794100389228,9.120108393559097,1.8620871366628675,3.3342641276323497,0.16826740610704674,76.85991401729152,100.96802698660076,16.70613794357013,138.0213164553179,39.806624548574376,161.12180306032215,gl_66
Eriostemon australasius,E,S,12.02264434617413,147.91083881682073,10,1.2589254117941673,1.757923613958693,0.05284452517751805,73.18937813078504,74.72146068603568,16.346458796115204,121.15594606195943,26.754892754861302,131.56438002070553,gl_67
Erythronium americanum,NA,H,1.9054607179632472,44.6683592150963,12.02264434617413,2.344228815319922,1.8923436186449756,NA,29.46485954350869,15.203499671587611,13.27795788760431,39.239919607038786,5.428439608057516,31.390401327491993,gl_68
Eucalyptus dumosa,E,T,29.512092266663856,301.9951720402016,13.489628825916531,1.288249551693134,2.7415741719278826,0.14825180851459538,150.4647779954124,151.53039404478923,37.240209995327525,243.85115068154397,58.14402135865765,264.7549620448741,gl_69
Eucalyptus haemostoma,E,T,18.620871366628677,199.52623149688787,12.02264434617413,1.1748975549395295,2.084490883097289,0.06792036326171846,100.87921057781861,98.64702091906926,24.537865641537742,160.895638574805,38.63059292208288,174.98836585535014,gl_70
Eucalyptus intertexta,E,T,15.848931924611133,181.97008586099827,18.19700858609983,1.2589254117941673,2.654605561975539,0.18578044550916983,110.08685327230752,71.88323258869075,40.61897133020743,154.4957327814643,27.474353079533955,141.35111453079082,gl_71
Eucalyptus paniculata,E,T,13.182567385564074,120.22644346174133,9.120108393559097,0.7943282347242815,1.297179270983956,0.05741164622073274,51.48841492515986,68.73802853658147,8.137953028450033,95.26879836921711,24.957645092524217,112.0884904332913,gl_72
Eucalyptus socialis,E,T,28.84031503126606,281.8382931264455,16.218100973589298,1.5135612484362082,3.4753616144320585,0.17378008287493754,145.88214629331682,135.95614683312866,47.52579246353961,224.85196421795717,56.986328908488304,234.31250066290588,gl_73
Eucalyptus umbra,E,T,24.547089156850294,204.17379446695296,8.511380382023766,1.1220184543019631,1.8749945080674189,0.08035261221856173,68.2339258659519,135.93986860100105,11.427999800435222,146.38231006487436,57.791484402078595,192.74579466651772,gl_74
Eucryphia cordifolia,E,T,30.399881826594704,133.36098105740302,10.610092271509815,0.7420964505064148,1.198329391745088,NA,45.43043779024788,87.93054326715514,10.280555646132125,89.67215371069013,43.6888273467129,123.0804254112709,gl_75
Eupatorium rugesum,NA,H,4.786300923226384,21.379620895022324,6.918309709189364,0.954992586021436,0.835603018231248,NA,7.069868827419462,14.309752067602862,1.7968161376268237,13.860053324536114,7.51956757048621,19.5828047573955,gl_76
Eutaxia microphylla,E,S,11.748975549395295,89.12509381337455,9.549925860214358,1.62181009735893,1.6788040181225603,0.0693425806016569,35.12983717881174,53.99525663456281,9.949123347480814,63.29220988096874,25.832883932405807,79.17597046589373,gl_77
Galax aphylla,NA,H,18.19700858609983,79.43282347242814,4.897788193684462,0.7762471166286917,0.7112135136533291,NA,13.982152282885194,65.45067118954294,2.028348523333724,41.009897819459646,38.422925652968495,77.40447494909442,gl_78
Geijera parviflora,E,T,29.512092266663856,186.2087136662867,10.471285480508996,1.096478196143185,3.198895109691398,0.19769696401118608,68.04129311238681,118.1674205538999,15.35806688867568,131.02131563824386,55.18739802804285,170.85064677761102,gl_79
Gevuina avellana,E,T,52.48074602497726,154.88166189124811,8.912509381337454,1,1.2302687708123816,NA,41.633789168686995,113.24787272256111,10.468687721763844,86.1986609817632,68.68300090948492,144.41297416948427,gl_80
Gompholobium grandiflorum,E,S,28.183829312644537,128.82495516931337,6.918309709189364,1.5488166189124817,1.5922087270511702,0.02333458062281003,33.965373461878656,94.85958170743471,7.916478358964975,72.19327621258778,56.631678956725594,120.90847681034839,gl_81
Grevillea buxifolia,E,S,15.13561248436208,109.64781961431852,8.709635899560805,1.62181009735893,0.7780365510398041,0.02529297996446145,39.1836050520384,70.46421456228012,9.998158307460159,73.95808754601609,35.68973206830243,99.64966130685836,gl_82
Grevillea speciosa,E,S,18.620871366628677,154.88166189124811,8.912509381337454,1.288249551693134,1.318256738556407,0.03689775985701503,56.98695284124761,97.8947090500005,11.725318149497715,111.61469523361849,43.266966657629624,143.1563437417504,gl_83
Gutierrezia sarothrae,NA,S,6.025595860743578,295.1209226666387,14.791083881682072,4.265795188015927,4.954501908047901,NA,230.07204937001606,65.04887329662265,142.15163262314653,272.9766644167857,22.14425824985301,152.96929004349218,gl_84
Hakea dactyloides,E,S,41.68693834703355,257.03957827688646,12.589254117941676,1.1481536214968828,1.367728825595849,0.0460256573581356,100.68243467753814,156.35714359934832,26.59779368317815,182.58887410365784,74.45070417322862,230.44178459370832,gl_85
Hakea tephrosperma,E,S,40.73802778041128,501.18723362727246,12.302687708123818,1.318256738556407,2.3388372386593548,0.09616122783836648,248.05077139454698,253.13646223272548,44.01515622339101,414.50957039345474,86.67766323381773,457.1720774038815,gl_86
Hakea teretifolia,E,S,20.892961308540396,338.84415613920237,14.12537544622754,1.6595869074375609,1.1040786199020731,0.04487453899331321,204.51819491777763,134.32596122142473,60.35132087235574,290.3721946437489,48.471961495453456,278.4928352668466,gl_87
Helianthus microcephalus,NA,H,4.073802778041127,39.810717055349734,10.471285480508996,1.4125375446227544,1.0447202192208,NA,19.52736139299574,20.283355662353994,6.5748673159855855,31.25704411437702,8.553672940972714,33.23584973936415,gl_88
Hibbertia bracteata,E,S,10.964781961431852,109.64781961431852,6.760829753919817,0.8912509381337456,1.1455129414455356,0.02971666031738026,36.17904504641368,73.46877456790484,3.8733500716886073,84.54702145256947,25.100798161749054,105.77446954262992,gl_89
Hibbertia huegelii,E,S,14.791083881682072,181.97008586099827,12.882495516931344,1.0715193052376064,2.0183663636815607,NA,104.2478385417466,77.72224731925166,28.476125697711606,155.11469038076407,26.855395480234193,153.49396016328666,gl_90
Hibbertia subvaginata,E,S,16.982436524617444,245.4708915685031,17.78279410038923,1.8197008586099832,3.2433961734934926,NA,149.7971962896382,95.6736952788649,56.72990632873169,208.13707025054222,37.33382131796088,188.74098523977142,gl_91
Jacksonia floribunda,E,S,33.11311214825911,309.0295432513592,19.952623149688797,2.6302679918953817,5.000345349769784,NA,154.8820188544343,154.1475243969249,56.85267497069893,237.65257245670932,71.37697079464988,252.17686828066027,gl_92
Juniperus monosperma,E,T,77.62471166286916,776.247116628692,7.762471166286917,3.715352290971725,9.141132414702502,NA,209.78700981483172,566.4601068138602,35.088011434268545,489.96444374494416,286.2826728837478,741.1591051944234,gl_93
Kalmia latifolia,E,T,36.30780547701014,104.71285480508996,4.786300923226384,0.933254300796991,1.216186000646368,NA,17.390311067951288,87.32254373713867,3.1340167387779276,47.038710726694234,57.67414407839573,101.57883806631203,gl_94
Koeleria cristata,NA,G,2.0451477162567953,115.68192826999382,18.863301086931383,2.519302535719844,1.8186269707446552,NA,100.21195622391826,15.469972046075554,80.0215452089541,110.48569560343196,5.196232666561855,35.660383061039724,gl_95
Lambertia formosa,E,S,29.512092266663856,223.872113856834,9.33254300796991,0.8912509381337456,1.3396766874259352,0.05093308710571954,77.03939916125215,146.83271469558184,10.776831933358988,164.74161754105828,59.13049631577573,213.09528192347503,gl_96
Larrea tridentata,E,S,12.02264434617413,251.18864315095797,18.19700858609983,1.9498445997580451,4.897788193684462,NA,175.70103696637753,75.48760618458044,86.94195950270841,222.89250624807786,28.296136902880107,164.24668364824956,gl_97
Lasiopetalum ferrugineum,E,S,23.9883291901949,120.22644346174133,8.128305161640993,0.4786300923226383,1.4028137045619582,0.0363915036127207,33.11118992338926,87.11525353835206,3.4727750839287848,84.53355380793673,35.6928896538046,116.75366837781255,gl_98
Laurelia philippiana,E,T,26.915348039269155,162.181009735893,6.456542290346556,1,2.3388372386593548,NA,36.99969580539208,125.18131393050093,5.550078641034435,97.18887165657304,64.99213807931997,156.63093109485857,gl_99
Leptospermum polygalifolium,E,S,7.413102413009175,91.20108393559096,8.511380382023766,1.288249551693134,1.1967405313072434,0.04130475019901614,42.60774851755392,48.593335418037036,8.617013802220809,73.42987556269283,17.77120837289813,82.58407013337015,gl_100
Leptospermum trinervium,E,S,22.3872113856834,128.82495516931337,4.466835921509632,1.5848931924611136,1.099005839432521,0.03213660538640316,22.79011426004711,106.03484090926626,3.4822622101835035,66.36343169135567,62.4615234779577,125.34269295912986,gl_101
Lespedeza capitata,NA,H,1.5488166189124817,102.32929922807536,15.13561248436208,1.2302687708123816,2.1577444091526665,NA,94.57103851622429,7.758260711851065,83.87871260145799,99.87601823489427,2.4532809931810817,18.450586626617365,gl_102
Leucopogon conostephioides,E,S,14.12537544622754,158.48931924611142,6.456542290346556,1.7378008287493754,1.7378008287493754,NA,48.731958824936434,109.75736042117498,7.205894803785309,113.00290443364233,45.48641481246909,151.28342444232612,gl_103
Licania heteromorpha,E,T,39.810717055349734,147.91083881682073,7.943282347242816,0.7762471166286917,1.931968317016924,NA,36.70717667363456,111.20366214318616,7.264390879170549,84.62220183377583,63.288636983044896,140.64644793765018,gl_104
Liriodendron tulipifera,D,T,5.248074602497725,60.25595860743578,10.23292992280754,0.8511380382023764,1.3583134465871542,NA,33.524917761556445,26.731040845879335,8.809781177759792,50.898453778732325,9.357504828703455,51.446177429675984,gl_105
Lomatia hirsuta,E,T,23.9883291901949,123.02687708123813,8.912509381337454,1,1.0375284158180127,NA,39.21471216308873,83.81216491814939,8.71056586730142,79.52355222223251,43.503324859005616,114.3163112139367,gl_106
Lomatia silaifolia,E,S,27.542287033381665,141.2537544622754,5.88843655355589,0.8128305161640993,0.8649679187756932,0.04477133041763626,27.19086312343228,114.06289133884312,3.5379054515860444,80.29245848175938,60.96129598051601,137.71584901068934,gl_107
Luehea seemannii,D,T,6.309573444801933,138.03842646028852,18.620871366628677,2.9512092266663856,2.7733201046518405,NA,91.85264611327686,46.18578034701166,45.83843407851065,120.36534946577447,17.673076994514048,92.19999238177786,gl_108
Luma apiculata,E,T,20.655170377617846,150.10971809809075,9.180617542224269,1.4365713720771238,1.6991240993019368,NA,53.29539412188557,96.81432397620517,12.49520611297265,103.6108048925169,46.49891320557386,137.6145119851181,gl_109
Lupinus perennis,NA,H,0.933254300796991,64.56542290346556,20.892961308540396,1.9054607179632472,2.3878112829131775,NA,58.618285731107726,5.947137172357834,50.56589433744026,62.69632816064658,1.8690947428189801,13.999528566025297,gl_110
Lyginia barbata,E,G,45.708818961487495,676.0829753919819,20.417379446695296,2.6915348039269156,4.830588020397728,NA,390.87977618801204,285.20319920396986,145.46476223183436,564.8691513640343,111.21382402794757,530.6182131601475,gl_111
Lyonia lucida,E,S,19.498445997580458,239.88329190194895,6.165950018614822,1.3803842646028848,2.1877616239495525,NA,62.266661251994066,177.61663064995489,5.586474066800158,177.22862467125117,62.65466723069778,234.2968178351488,gl_112
Macrozamia riedlei,E,S,104.71285480508996,288.40315031266056,11.748975549395295,0.954992586021436,5.023425895223871,NA,84.22226205734049,204.18088825532007,22.3164028856498,170.019591004131,118.38355930852956,266.0867474270108,gl_113
Manihot esculenta,NA,S,1.5135612484362082,36.30780547701014,16.982436524617444,1.202264434617413,1.4454397707459274,NA,28.44056841941291,7.867237057597233,18.46730989999235,33.618764080039895,2.6890413969702465,17.84049557701779,gl_114
Melaleuca acerosa,E,S,24.547089156850294,331.1311214825911,16.218100973589298,2.6915348039269156,2.8248799749157074,NA,176.49931425610487,154.63180722648622,62.23320516361807,264.1969636831772,66.93415779941387,268.897916318973,gl_115
Melaleuca uncinata,E,S,16.613470106052443,331.0138447235034,12.837291125239451,2.8847960789654197,2.5364429566188784,0.17702530050852416,190.85521639733912,140.15862832616426,60.15007321443188,278.73945151103993,52.27439321246345,270.8637715090715,gl_116
Miconia dispar,NA,T,12.02264434617413,109.64781961431852,10.23292992280754,0.5754399373371569,1.7619760464116292,NA,55.0514763446596,54.596343269658924,7.342714813268418,92.74498048700403,16.902839127314493,102.3051048010501,gl_117
Myrceugenia planipes,E,T,36.30780547701014,131.82567385564073,6.165950018614822,0.7079457843841379,1.333521432163324,NA,25.39072411365971,106.43494974198101,3.977564192935601,69.68025979144778,62.14541406419295,127.84810966270513,gl_118
Nothofagus dombeyi,E,T,17.203510428574035,128.96158267020172,11.22315908820034,1.3226474075278332,1.9398844814469232,NA,54.16122659630055,74.80035607390117,14.452731017928642,94.81942600744905,34.14215666275267,114.50885165227308,gl_119
Nuytsia floribunda,E,T,28.183829312644537,457.0881896148752,12.882495516931344,2.238721138568339,3.4914031547858615,NA,247.13027429215353,209.95791532272168,67.20166557021123,377.99631182262175,79.09187779225346,389.886524044664,gl_120
Ocotea costulata,E,T,38.90451449942807,128.82495516931337,5.88843655355589,0.6456542290346555,1.9543394557753944,NA,22.6841137722677,106.14084139704568,3.6339033531628533,62.4319774744896,66.39297769482377,125.19105181615052,gl_121
Olearia decurrens,E,S,11.220184543019636,154.88166189124811,10.23292992280754,1.5848931924611136,2.6668586645214796,0.1318256738556407,78.78874515514019,76.09291673610792,18.555190938518518,126.94659356997812,27.935068321269995,136.3264709527296,gl_122
Olearia pimelioides,E,S,11.46197551979397,109.90952736101414,6.758435269829244,1.7636354076610887,2.654775018543048,0.13678228769627993,35.99374206429993,73.9157852967142,6.786902323589887,75.83598843416755,34.073538926846595,103.12262503742426,gl_123
Patersonia occidentalis,E,H,28.84031503126606,380.1893963205613,15.488166189124811,1.9054607179632472,3.273406948788382,NA,208.98543359697462,171.20396272358667,66.67559181816463,311.9896917456918,68.19970457486949,313.5138045023966,gl_124
Persea borbonia,E,S,18.19700858609983,112.2018454301963,6.760829753919817,0.7413102413009175,1.823895702319638,NA,28.426445210454386,83.77540021974191,3.7251506370945062,74.64174471367228,37.56010071652402,108.4766947931018,gl_125
Persea lingue,E,T,33.11311214825911,104.71285480508996,8.128305161640993,0.4466835921509631,1.0519618738232228,NA,25.93779214448687,78.77506266060308,4.229745402347377,63.34789493186921,41.36495987322075,100.48310940274258,gl_126
Persoonia levis,E,S,45.708818961487495,181.97008586099827,8.128305161640993,0.5623413251903491,1.076465213629835,0.04375221051582521,43.200566031782905,138.76951982921537,6.115726618127278,110.97691800774098,70.99316785325729,175.854359242871,gl_127
Persoonia linearis,E,T,40.73802778041128,144.5439770745928,7.413102413009175,0.7079457843841379,1.093956366272094,0.07144963260755134,33.390781329782044,111.15319574481074,5.939409223819601,82.32578099871392,62.218196075878865,138.60456785077318,gl_128
Persoonia saccata,E,S,29.512092266663856,457.0881896148752,19.054607179632473,2.4547089156850306,3.2885163087598306,NA,273.3765805608131,183.71160905406208,106.31166231909516,382.7628845999493,74.3253050149259,350.77652729578006,gl_129
Petrophile linearis,E,S,41.68693834703355,549.5408738576248,21.87761623949553,3.3884415613920256,3.3884415613920256,NA,302.8713909100953,246.6694829475295,119.13469127315754,444.6474518993565,104.89342195826828,430.4061825844672,gl_130
Philotheca difformis,E,S,22.984977609450816,226.62540566885448,10.132559456295212,3.057092604995608,3.2511220550104403,0.1508071902339149,88.35007106614586,138.27533460270863,25.35419883819014,159.8614761742828,66.76392949457167,201.27120683066434,gl_131
Phyllota phylicoides,E,S,22.3872113856834,120.22644346174133,8.31763771102671,1.7782794100389228,1.4791083881682074,0.02147830474130534,37.635568847871745,82.59087461386957,9.882363882118845,73.75401181356288,46.47243164817844,110.34407957962247,gl_132
Picea engelmanii,E,T,89.12509381337455,309.0295432513592,3.548133892335755,0.9772372209558108,3.1477483141013156,NA,23.134306358647212,285.895236892712,2.48883918999421,89.93183851662661,219.0977047347326,306.540704061365,gl_133
Picea glauca,E,T,60.25595860743578,288.40315031266056,6.606934480075959,1.1481536214968828,3.5399734108343472,NA,56.61177881549474,231.7913714971658,9.01381767158859,149.34060926151523,139.06254105114533,279.389332641072,gl_134
Pimelea linifolia,E,S,12.589254117941676,57.543993733715695,7.943282347242816,1.318256738556407,0.84527884516029,0.03019951720402016,18.441887466220095,39.1021062674956,4.981511751395585,35.161412912878916,22.38258082083678,52.56248198232011,gl_135
Pimelea microcephala,E,S,7.585775750291837,81.2830516164099,10.715193052376064,2.1877616239495525,2.4774220576332855,0.15595525028269536,37.570068878712384,43.71298273769752,12.332583627219305,61.288335353103754,19.994716263306152,68.9504679891906,gl_136
Pinus banksiana,E,T,26.915348039269155,245.4708915685031,7.585775750291837,1.4791083881682074,3.0269134281013055,NA,73.41112568415822,172.05976588434487,11.416142983328905,168.26834467662084,77.20254689188226,234.0547485851742,gl_137
Pinus flexilis,E,T,36.30780547701014,363.0780547701014,9.772372209558108,1.4791083881682074,4.1020410298660686,NA,135.5101947589336,227.5678600111678,22.788446153338093,272.293201029762,90.78485374033943,340.2896086167633,gl_138
Pinus palustris,E,T,32.359365692962825,257.03957827688646,3.890451449942806,0.9120108393559098,2.094112455850893,NA,16.700652493801254,240.33892578308522,1.2557539434329206,76.87895706921019,180.1606212076763,255.78382433345354,gl_139
Pinus rigida,E,T,33.11311214825911,204.17379446695296,11.220184543019636,1.0715193052376064,2.371373705661655,NA,76.64741382300274,127.52638064395022,18.90889547233175,142.2179047877535,61.95588967919946,185.2648989946212,gl_140
Pinus serotina,E,T,26.915348039269155,275.4228703338166,4.073802778041127,1.202264434617413,2.28559880337543,NA,24.342430646927394,251.0804396868892,1.6571642573687901,129.80562824112866,145.61724209268795,273.7657060764478,gl_141
Pinus strobus,E,T,20.892961308540396,122.27205393674193,6.025595860743578,0.5966493348352712,1.8825374628781144,NA,23.707227979423653,98.56482595731828,2.1762273612590777,77.7080169586198,44.56403697812213,120.09582657548285,gl_142
Pinus sylvestris,E,T,26.915348039269155,295.1209226666387,10.23292992280754,1.8197008586099832,4.092606597300109,NA,121.86328677020576,173.25763589643293,26.637082524427708,220.88430962714426,74.23661303949444,268.483840142211,gl_143
Poa pratensis,NA,G,3.019951720402016,100,30.19951720402016,3.4673685045253166,1.8197008586099832,NA,76.7869673375,23.213032662499998,47.4780725,92.712555,7.287445000000005,52.5219275,gl_144
Podocarpus nubigena,E,T,77.62471166286916,199.52623149688787,7.943282347242816,0.831763771102671,1.4996848355023735,NA,45.000555993108044,154.52567550377984,9.912234723230325,102.43007813359128,97.0961533632966,189.61399677365756,gl_145
Podocarpus saligna,E,T,26.08607925141972,167.8915279949653,6.165950018614822,0.8971641173621407,1.7497158193645022,NA,34.86924571502089,133.0222822799444,4.3389844522136825,102.5976145380485,65.29391345691678,163.5525435427516,gl_146
Podophyllum peltatum,NA,H,3.019951720402016,30.902954325135905,6.456542290346556,0.831763771102671,1.2852866599436157,NA,12.917437937555192,17.985516387580713,2.0592627844522746,24.760306107429123,6.142648217706782,28.84369154068363,gl_147
Pomaderris ferruginea,E,S,11.481536214968829,97.72372209558108,7.585775750291837,0.5623413251903491,1.2676518658578455,0.04045758916974426,35.704768997480585,62.018953098100496,3.226532161273844,79.15227174523412,18.571450350346964,94.49718993430724,gl_148
Populus deltoides,D,T,5.011872336272722,91.20108393559096,14.791083881682072,1.2589254117941673,2.147830474130534,NA,64.10655131674947,27.094532618841484,31.801083799614887,81.35489407246834,9.846189863122618,59.40000013597607,gl_149
Populus fremontii,NA,T,3.019951720402016,120.22644346174133,14.454397707459272,1.7378008287493754,1.981527025805098,NA,100.47937236488953,19.747071096851798,72.15903371269988,113.71521973674034,6.511223725000988,48.067409749041445,gl_150
Populus tremuloides,D,T,5.011872336272722,83.17637711026708,12.02264434617413,1.8620871366628675,1.8281002161427429,NA,49.46754766365157,33.70882944661551,18.453461119857593,70.51426671119805,12.662110399069036,64.72291599040949,gl_151
Prosopis glandulosa,NA,T,7.079457843841379,194.98445997580455,17.78279410038923,1.5135612484362082,4.864072056914616,NA,155.41278303786666,39.571676937937895,103.79536588564113,181.4461917093115,13.538268266493048,91.18909409016342,gl_152
Protium sp1,E,T,33.11311214825911,114.81536214968828,4.073802778041127,0.6918309709189365,0.9931160484209338,NA,12.966324763868114,101.84903738582017,1.6478963834439677,43.59776107508095,71.21760107460733,113.16746576624432,gl_153
Protium sp2,E,T,34.673685045253166,123.02687708123813,8.128305161640993,0.7079457843841379,2.1577444091526665,NA,31.982259770684756,91.04461731055338,6.471574203222973,70.75616792958712,52.270709151651005,116.55530287801515,gl_154
Prumnopitys andina,E,T,33.884415613920254,147.91083881682073,5.623413251903491,0.6025595860743578,1.367728825595849,NA,22.66485346009606,125.24598535672467,2.5436404444335246,74.9199422905638,72.99089652625693,145.3671983723872,gl_155
Psychrophila leptosepala,NA,H,2.51188643150958,79.43282347242814,8.709635899560805,1.202264434617413,2.3014418174085085,NA,62.665779519905875,16.767043952522265,33.71449142448444,74.69571399467058,4.737109477757556,45.7183320479437,gl_156
Pterocaulon pycnostachyum,NA,H,5.1286138399136485,81.2830516164099,7.762471166286917,1.2589254117941673,1.5922087270511702,NA,42.80235839897256,38.48069321743735,7.9478992574470295,69.33545297071399,11.94759864569592,73.33515235896287,gl_157
Pultenea daphnoides,E,S,9.33254300796991,93.3254300796991,9.549925860214358,0.8709635899560807,1.8365383433483464,0.03388441561392025,44.61821737560615,48.70721270409295,8.703801419547846,75.96516656501133,17.360263514687773,84.62162866015126,gl_158
Pultenea flexilis,E,S,16.595869074375607,91.20108393559096,10,1.1481536214968828,1.8450154191794736,0.04073802778041128,33.448642767366664,57.752441168224294,8.839624931980223,61.85597692554858,29.345107010042376,82.36145900361073,gl_159
Quercus coccinea,D,T,5.7543993733715695,85.11380382023764,9.772372209558108,0.9772372209558108,1.4655478409559115,NA,50.794061842116555,34.31974197812108,12.193318421483424,74.5965591906529,10.517244629584738,72.92048539875421,gl_160
Quercus ellipsoidalis,NA,T,6.025595860743578,104.71285480508996,13.182567385564074,1.3803842646028848,2.2080047330188997,NA,69.2150307369154,35.497824068174566,28.764783519883164,91.92001465237513,12.792840152714831,75.9480712852068,gl_161
Quercus laevis,D,T,7.585775750291837,102.32929922807536,6.760829753919817,0.6456542290346555,1.177605973520807,NA,44.66572448482161,57.66357474325375,2.394523765387576,90.17067515481435,12.15862407326101,99.93477546268778,gl_162
Quercus virginia var geminata,NA,T,10.964781961431852,158.48931924611142,12.882495516931344,0.9120108393559098,2.4490632418447453,NA,103.73238146379106,54.756937782320364,31.725266652519938,140.57724864598103,17.91207060013039,126.76405259359149,gl_163
Regelia ciliata,E,S,19.054607179632473,154.88166189124811,14.791083881682072,1.4791083881682074,1.741806873391614,NA,74.63393214476028,80.24772974648783,24.836424480601178,117.82938774171112,37.052274149537,130.04523741064693,gl_164
Rhododendron maximum,E,T,47.86300923226383,204.17379446695296,6.918309709189364,0.7762471166286917,1.757923613958693,NA,41.638459212664465,162.5353352542885,6.334361812543244,111.43535682163109,92.73843764532187,197.8394326544097,gl_165
Robinia pseudoacacia,D,T,4.570881896148751,38.01893963205613,9.33254300796991,1.202264434617413,1.6405897731995394,NA,16.94284900951741,21.07609062253872,5.1137964045661395,28.74229650094414,9.276643131111992,32.905143227489994,gl_166
Rudbeckia serotina,NA,H,1.5488166189124817,70.79457843841381,20.417379446695296,1.2302687708123816,1.53108746168203,NA,63.20297564114876,7.591602797265047,53.00101776763352,68.40936927153122,2.385209166882589,17.793560670780288,gl_167
Salix glauca,D,T,3.019951720402016,81.2830516164099,10.23292992280754,1.4454397707459274,2.1428906011200586,NA,60.02309840291104,21.259953213498868,28.359433180573475,74.84927252050282,6.433779095907084,52.92361843583643,gl_168
Salix planifolia,NA,T,3.019951720402016,81.2830516164099,12.302687708123818,1.9952623149688795,2.1727011788637447,NA,58.201190794649214,23.081860821760692,29.398634963412977,73.59883437519888,7.68421724121103,51.88441665299693,gl_169
Sanguinaria canadensis,NA,H,3.981071705534972,30.902954325135905,7.943282347242816,2.041737944669529,1.6710906143107076,NA,12.103438523910066,18.799515801225837,3.65809704439734,21.404277715821404,9.4986766093145,27.244857280738564,gl_170
Santalum acuminatum,E,T,17.378008287493753,309.0295432513592,7.413102413009175,1.3489628825916535,3.118889584093937,0.19952623149688797,131.547067349136,177.4824759022232,8.712054268149897,266.4225894228472,42.60695382851202,300.31748898320933,gl_171
Saxegothaea conspicua,E,T,36.30780547701014,128.82495516931337,5.7543993733715695,0.6165950018614822,1.0375284158180127,NA,21.618645720235477,107.20630944907789,3.0002568771073705,65.09625468170437,63.728700487609004,125.824698292206,gl_172
Schizachyrium scoparium,NA,G,1.6994164595097452,56.96617701651172,16.118595903924252,0.873864476177872,0.703191607026572,NA,49.667367930316665,7.298809086195057,39.92059944848987,54.57542334779161,2.3907536687201087,17.045577568021855,gl_173
Scholtzia involucrata,E,S,23.442288153199225,177.82794100389228,14.791083881682072,1.7782794100389228,2.312064790175594,NA,80.7573900751077,97.07055092878458,25.996182114219778,131.98405785823573,45.84388314565655,151.8317588896725,gl_174
Senna artemisioides 1lft,E,S,19.498445997580458,346.73685045253166,12.882495516931344,5.623413251903491,4.4157044735331255,0.1753880501841761,168.77676368905873,177.96008676347293,55.32168245285494,272.48806892297716,74.24878152955449,291.4151679996767,gl_175
Senna artemisioides 3lft,E,S,20.892961308540396,281.8382931264455,14.12537544622754,3.4673685045253166,3.1117163371060177,0.1527566058238073,138.72472714832452,143.11356597812096,45.843246037404036,219.64622070306388,62.1920724233816,235.99504708904144,gl_176
Silphium integrifolium,NA,H,3.981071705534972,85.11380382023764,10,1.6595869074375609,1.428893958511103,NA,54.90336171443477,30.210442105802862,19.100631289640415,75.07394974921004,10.039854071027591,66.01317253059722,gl_177
Silphium terebinthinaceum,NA,H,3.019951720402016,75.85775750291836,13.489628825916531,1.318256738556407,1.0839269140212036,NA,57.74535923071463,18.112398272203734,31.935668347959364,70.07641591968024,5.781341583238117,43.922089154959,gl_178
Solanum ferocissium,E,S,6.456542290346556,75.85775750291836,9.549925860214358,1.7378008287493754,2.4603676041476272,0.09772372209558108,35.63132099190869,40.22643651100967,10.004067959054622,59.08296936550593,16.77478813741243,65.85368954386374,gl_179
Solanum straminifolia,NA,T,1.9952623149688795,34.673685045253166,13.489628825916531,1.1748975549395295,1.3645831365889245,NA,23.932117219480336,10.74156782577283,11.695790237877734,30.919449008558708,3.754236036694458,22.97789480737543,gl_180
Solidago rigida,NA,H,2.507607017685448,105.407592786826,14.791083881682072,1.3177898513690858,1.4332852733024308,NA,91.65365444795883,13.753938338867172,72.3069365692855,100.98503540335716,4.422557383468842,33.100656217540504,gl_181
Sorghastrum nutans,NA,G,1.9725534573634624,75.22667299395302,22.151588074172963,0.9901914244239454,1.234657178968159,NA,66.87769625602049,8.348976737932531,55.20495856860103,72.58036413670634,2.64630885724668,20.021714425351988,gl_182
Spartothamnella puberula,E,S,9.549925860214358,93.3254300796991,13.182567385564074,3.715352290971725,2.735268726306712,0.11091748152624012,42.45325069286814,50.872179386830965,15.648635463718298,68.28477531142109,25.040654768278017,77.67679461598081,gl_183
Stirlingia latifolia,E,S,28.84031503126606,288.40315031266056,16.595869074375607,2.0892961308540396,2.6915348039269156,NA,144.42115821305075,143.9819920996098,48.135769181201944,223.93914116327824,64.46400914938232,240.26738113145862,gl_184
Syncarpia glomulifera,E,T,22.908676527677738,147.91083881682073,9.120108393559097,0.9120108393559098,1.4621771744567182,0.05942921586155727,50.6062612134084,97.30457760341233,9.801020719621253,104.05224293543765,43.85859588138308,138.10981809719948,gl_185
Synoum glandulosum,E,T,11.748975549395295,91.20108393559096,6.456542290346556,0.7762471166286917,1.4621771744567182,0.07744617978025188,25.63355111676079,65.56753281883017,3.1238614794604715,65.74170398787096,25.459379947719995,88.07722245613049,gl_186
Taxodium distichum,NA,T,6.456542290346556,128.82495516931337,8.31763771102671,1.202264434617413,1.5240527537972912,NA,79.29627817228769,49.528676997025684,13.708466378871027,115.30495647923117,13.519998690082204,115.11648879044235,gl_187
Tsuga canadensis,E,T,60.25595860743578,123.02687708123813,5.495408738576246,0.3801893963205612,1.2133888504649772,NA,16.367630415175114,106.65924666606301,2.25715412194195,50.975070049701486,72.05180703153664,120.76972295929617,gl_188
Urera caracasana,D,T,3.019951720402016,67.60829753919819,15.488166189124811,1.9498445997580451,2.564484036517717,NA,47.31174021696632,20.29655732223187,23.574256138985973,60.37113014455107,7.237167394647123,44.03404140021222,gl_189
Vaccinium arboreum,NA,S,10.964781961431852,125.89254117941675,6.456542290346556,0.7943282347242815,1.5100801541641484,NA,40.551157721097134,85.34138345831963,2.790018852558175,102.50728406785535,23.3852571115614,123.10252232685858,gl_190
Vaccinium corymbosum,NA,S,7.585775750291837,102.32929922807536,6.165950018614822,1.288249551693134,1.2560299636948749,NA,36.56885385789141,65.76044537018394,3.741087293445727,81.73830088243423,20.590998345641125,98.58821193462963,gl_191
Vaccinium myrtillus,D,S,3.4673685045253166,58.8843655355589,6.165950018614822,0.6165950018614822,1.367728825595849,NA,32.557003563639405,26.327361971919494,1.748988430308241,54.049554295076454,4.834811240482445,57.13537710525066,gl_192
Veratrum parviflorum,NA,H,3.630780547701014,33.884415613920254,4.36515832240166,0.6309573444801932,NA,NA,7.518640404119787,26.365775209800468,0.5462672674756592,25.12097476184148,8.763440852078773,33.3381483464446,gl_193
Verticordia nitens,E,S,18.19700858609983,331.1311214825911,21.379620895022324,1.9952623149688795,3.7239170625456848,NA,225.06899593233186,106.06212555025922,104.4354857957846,292.65577129237937,38.475350190211714,226.6956356868065,gl_194
Vismia japurensis,NA,T,6.918309709189364,95.49925860214358,12.882495516931344,0.8912509381337456,1.5559656316050745,NA,61.66354737456871,33.835711227574876,20.943075748264295,83.96281685152407,11.536441750619517,74.55618285387929,gl_195
Vismia lauriformis,NA,T,4.466835921509632,87.09635899560806,13.803842646028846,0.954992586021436,1.566751070108149,NA,65.18708343873233,21.909275556875727,34.65021731859599,79.95282667864599,7.143532316962066,52.446141677012065,gl_196
Xanthorrhoea preissii,E,S,23.9883291901949,741.3102413009177,18.19700858609983,2.344228815319922,5.929253245799998,NA,571.5425676548341,169.7676736460836,320.46135633433835,683.1765253832955,58.133715917622226,420.84888496657936,gl_197
Xylomelum pyriforme,E,T,40.73802778041128,151.35612484362088,10.471285480508996,0.6456542290346555,1.3243415351946646,0.05636376558259542,47.06048432902356,104.29564051459732,9.989117146389694,99.03502932762207,52.321095515998806,141.36700769723117,gl_198
