"sp","site","strata","SLA.leaf","SLA.disc","LL","Amass","Rmass","Amax","LMA.leaf","LMA","Aarea","Aarea.disc","Rarea","Rarea.disc","sp.site.strata","site2","sp_site_strata","site_strata","LMAp","LMAs","preLL","LMA_ra","LMAp_ra","LMAs_ra","preLL_ra","LMA_all","LMAp_all","LMAs_all","LL_all","Aarea_all","Rarea_all","preLL_all","LMAp_pot","LMAs_pot","preLL_pot","LMAp_pot_all","LMAs_pot_all","preLL_pot_all","ADF","NPE","Lig","LT","LD","Narea","Parea","LAMTUF","MDRBTUF","VEINTUF","cell_mass","cell_area","cell_vol"
"ABUP","PNSL","CAN",164.6655139,173.4103455,1.15068493150685,145.4819815,12.094682,8.835,60.7291700803419,57.6666863281234,8.83499999813865,8.38946379355435,0.734500000245649,0.6974602331324,"ABUP.PNSL.CAN","WET","ABUP_WET_CAN","WET_CAN",55.8920201764986,1.77466615162481,2.05439914961321,95.1148885748151,52.1142115042463,43.0006770705687,8.77601910757337,35.5919422896445,22.6186429796996,12.9732993099449,10.6520547945205,8.83499999813865,0.734500000245649,11.522612438988,18.1316505217672,39.5350358063562,8.65917811541325,21.2869693395318,14.3049729501126,8.97320034239464,NA,NA,NA,0.28,0.205952451171869,0.148847195866918,0.0056125898988252,0.3217,1.8993,2.7836,NA,NA,NA
"ADE1","PNSL","CAN",125.9939975,136.6989522,4.14246575342466,72.91902607,17.57616265,5.7875,79.3688604094016,73.1534502573897,5.78750000133935,5.33427834642905,1.39499999990079,1.28575694013257,"ADE1.PNSL.CAN","WET","ADE1_WET_CAN","WET_CAN",59.9327591378248,13.2206911195649,8.68487782922432,77.0949742825505,57.5131886630082,19.5817856195423,12.1038377507694,54.4984687401743,27.5778478264027,26.9206209137716,9.02465753424658,5.78750000133935,1.39499999990079,14.215755928013,21.5644535498437,51.588996707546,9.44701643704549,45.3495303333271,9.14893840684717,8.95671952500943,NA,NA,NA,0.32,0.228604532054343,0.122862995913754,0.0068439768331027,0.2364,1.6612,1.1728,NA,NA,NA
"ANES","PNSL","CAN",109.5409421,120.3109335,9.22191780821918,139.2265374,5.630404424,12.71,91.2900675153131,83.1179653343809,12.7099999991693,11.5722265092391,0.514000000005477,0.467987759732577,"ANES.PNSL.CAN","WET","ANES_WET_CAN","WET_CAN",46.6244126802395,36.4935526541414,9.6124579837236,38.9737266806065,16.5138696211661,22.4598570594404,8.61118919399531,91.3426039036825,55.9772999750671,35.3653039286154,44.1205479452055,12.7099999991693,0.514000000005477,5.47078658104734,49.6323148908078,33.485650443573,9.15180658226235,29.2907334451445,62.0518704585381,9.11028196515677,NA,NA,NA,0.21,0.395799834925623,0.189061729824213,0.0130636086614413,0.5617,3.6872,4.4951,NA,NA,NA
"ANOR","PNSL","CAN",115.3770233,115.8018854,8.81095890410959,119.8767272,12.09728089,10.39,86.6723695410159,86.3543798571003,10.389999999246,10.3518804366548,1.04849999973955,1.0446531892131,"ANOR.PNSL.CAN","WET","ANOR_WET_CAN","WET_CAN",54.6012322796496,31.7531475774508,10.4093322486191,128.259229576069,73.1134445209744,55.1457850550946,10.0484076973469,90.7156113337385,21.0270740513217,69.6885372824169,4.93150684931507,10.389999999246,1.04849999973955,3.46541030443145,45.8940269356385,40.4603529214619,9.33616404693806,59.1092976042681,31.6063137294704,8.89698898182883,NA,NA,NA,0.26,0.332132230219617,0.12116797261834,0.00750496047855657,0.6628,4.42,7.2265,NA,NA,NA
"APEM","PNSL","CAN",100.3403481,103.5598562,7.23287671232877,200.6806963,6.86829683,20,99.6608063391799,96.5625133805468,20.0000000099661,19.3782324216862,0.684500000254633,0.663220004548442,"APEM.PNSL.CAN","WET","APEM_WET_CAN","WET_CAN",74.9077975138303,21.6547158667164,6.21910817804108,34.629534013895,16.079280286926,18.550253726969,6.67715703425736,122.914198278386,84.5514379524844,38.3627603259013,8.33424657534247,20.0000000099661,0.684500000254633,3.66726366244998,72.5002093192128,24.062304061334,8.72601381321198,47.2794355118029,75.6347627665829,8.98228431077756,31.69,48.54,16.05,0.2325,0.4153226381959,0.197129074938898,0.011006539452099,1.052825,2.708475,3.2975,15.64,15.1023770927175,0.0649564606138388
"ARRV","PNSL","CAN",117.5579211,135.911336,7.3972602739726,117.0289105,2.33940263,9.955,85.0644508377581,73.5773798883119,9.95500000382365,8.61068060577375,0.199000000009357,0.172127116019226,"ARRV.PNSL.CAN","WET","ARRV_WET_CAN","WET_CAN",33.5897480067267,39.9876318815852,10.5599234740064,128.40285391614,28.8627885867165,99.5400653294239,10.6717411019733,91.9718596938304,32.2899223385378,59.6819373552927,5.91780821917808,9.95500000382365,0.199000000009357,8.36375769060205,31.1368290330125,42.4405508552994,9.35166853514826,10.3329375729233,81.6389221209072,8.99555640758844,NA,NA,NA,0.15,0.490515865922079,0.175998348783322,0.00717773836169003,0.4699,3.22685,4.886275,NA,NA,NA
"ASPC","PNSL","CAN",63.88633754,72.58641712,11.0794520547945,82.09394374,6.318358783,12.85,156.527989943685,137.766821903718,12.8500000001722,11.3098217266024,0.989000000046019,0.870460209181351,"ASPC.PNSL.CAN","WET","ASPC_WET_CAN","WET_CAN",88.3419681304207,49.4248537732969,14.5439656082258,35.7705014974482,22.2758849527991,13.4946165446491,8.3792485500087,68.4852634341542,30.1324963343632,38.352767099791,8.05479452054795,12.8500000001722,0.989000000046019,15.2089831725212,72.2718932894937,65.4949286142239,9.96269434224381,43.6785352594783,24.8067281746759,8.9486633133286,27.21,62.45,14.72,0.36625,0.376155145129604,0.245357624236727,0.0112418402377555,0.6996,3.664275,NA,12.49,17.2070760557743,0.0469817776266876
"BROU","PNSL","CAN",69.07996146,78.46942293,10.6520547945205,97.05734586,9.256714836,14.05,144.759779661869,127.438174343663,14.0500000012594,12.3688109630399,1.34000000005211,1.17965883911974,"BROU.PNSL.CAN","WET","BROU_WET_CAN","WET_CAN",89.6225437665719,37.8156305770915,11.788262397184,30.4383226981149,21.3647011539708,9.07362154414405,7.81111891580926,31.4829368980091,21.7918471960586,9.6910897019505,7.85753424657534,14.0500000012594,1.34000000005211,6.4770846531125,78.3195205909554,49.118653752708,9.60377417066988,25.4073731177394,6.07556378026974,8.88861387313018,40.2,52.17,20.81,0.3025,0.421283220970788,0.191517188492653,0.0130356181585513,1.71015,7.914375,9.55935,19.39,24.7102620052363,0.0816868165462358
"CAL2","PNSL","CAN",42.94119843,52.4750473,16.5041095890411,57.21914691,2.973677991,13.325,232.876593239505,190.566764863116,13.3250000004716,10.9040677148661,0.692499999935377,0.566684194489521,"CAL2.PNSL.CAN","WET","CAL2_WET_CAN","WET_CAN",93.7551241704605,96.8116406926557,23.3409224981183,42.2957315221765,20.0686723877903,22.2270591343862,8.58278962022271,137.766821903718,91.358210133183,46.4086117705346,5.68767123287671,13.3250000004716,0.692499999935377,7.2177315346703,84.5594190440741,106.007345819042,10.7392278896677,56.1266528120102,81.6401690917074,8.96089191071107,43.75,52.79,23.2,0.44375,0.429446230677445,0.235205359171901,0.0115669803862062,1.864875,5.90885,NA,20.55,39.1614701793704,0.0882512004042149
"CARG","PNSL","CAN",72.46290136,77.87988892,22.6849315068493,29.36559077,5.644860016,4.0525,138.00165066976,128.40285391614,4.05249999915267,3.77062566180147,0.779000000007728,0.72481613601151,"CARG.PNSL.CAN","WET","CARG_WET_CAN","WET_CAN",23.10111042931,105.30174348683,39.5578901281901,137.766821903718,77.8464927140429,59.9203291896748,17.8480789265906,59.5726517580494,47.5640811320812,12.0085706259682,28.1424657534247,4.05249999915267,0.779000000007728,6.58093663300547,19.8164033195445,108.586450596596,10.8164591235145,37.5151796765812,22.0574720814682,9.14230255378734,27.91,68.82,15.08,0.2875,0.44661862231701,0.20106840502584,0.0145605541621664,0.6463,5.7371,4.77025,12.83,16.4740861574408,0.0573011692432724
"CAS3","PNSL","CAN",80.97704677,85.84307894,8.94246575342466,124.2997668,3.769481527,15.35,123.491784386792,116.491627787367,15.3500000009941,14.4798821681221,0.465499999982279,0.439113038994638,"CAS3.PNSL.CAN","WET","CAS3_WET_CAN","WET_CAN",75.2538048043082,41.2378229830583,10.8376208534122,46.7441696717029,16.9896942551161,29.7544754165868,7.97391193707151,19.2398757081403,15.1969346750616,4.04294103307874,10.9479452054795,15.3500000009941,0.465499999982279,5.24412712340755,69.0291060292952,47.4625217580713,9.51070489968692,8.09449506635536,11.145380641785,8.95539358651146,NA,NA,NA,0.3375,0.345160378629234,0.252293715502216,0.0129851611282712,0.45555,3.971275,3.289225,NA,NA,NA
"CAYG","PNSL","CAN",85.99670123,104.0807135,17.2602739726027,70.60329171,15.04942271,8.21,116.283530146753,96.0792798562051,8.21000000001977,6.78351342297437,1.74999999938951,1.44593769622842,"CAYG.PNSL.CAN","WET","CAYG_WET_CAN","WET_CAN",43.0030009390295,53.0762789171756,17.157712292869,149.129125056068,105.127926435024,44.0011986210442,12.1192371754077,21.9095747378514,8.72513086909462,13.1844438687568,5.55616438356164,8.21000000001977,1.74999999938951,4.92824544774841,52.2779777026525,43.8013021535526,9.47815909681442,19.8667279370121,2.04284680083934,8.79594059149722,NA,NA,NA,0.24,0.400330332734188,0.265591582855183,0.0168576233653748,0.7212,3.4757,5.8828,NA,NA,NA
"CECI","PNSL","CAN",81.72130224,123.4032786,7.59452054794521,119.108798,4.02068807,14.575,122.367115132746,81.0351241348623,14.574999998189,9.65199623148424,0.491999999974548,0.32581695686001,"CECI.PNSL.CAN","WET","CECI_WET_CAN","WET_CAN",52.6797016859762,28.3554224488861,7.72629417140113,101.220722674611,35.3974231216769,65.8232995529343,8.51082095366075,24.8225747084702,22.2252354147321,2.59733929373806,17.1945205479452,14.574999998189,0.491999999974548,12.1692302490134,52.8994281890954,28.1356959457669,8.92140205295145,10.2550973432667,14.5674773652035,9.00020330911125,33.39,59.64,15.48,0.28375,0.285586340563391,0.266393209643988,0.0144026094511242,0.576275,4.350825,2.66885,17.91,14.5133907325538,0.0511485135949034
"CES1","PNSL","CAN",112.2480727,136.8363064,10.158904109589,171.458931,13.35752065,15.275,89.0883893100465,73.0800199383341,15.2749999956124,12.5302220960855,1.18999999988419,0.97616787542871,"CES1.PNSL.CAN","WET","CES1_WET_CAN","WET_CAN",47.4022396186019,25.6777803197322,7.01517069601275,87.2557038689327,51.3514164495648,35.9042874193678,8.07990892051688,40.9682016740353,23.5406522788366,17.4275493951987,5.01369863013699,15.2749999956124,1.18999999988419,9.87464333796845,55.295865837887,17.7841541004471,8.51260004692108,30.5391630887867,10.4290385852486,8.83042962495421,44.31,50.73,20.42,0.21,0.348000094944448,0.141650539002974,0.00871818977788115,1.978375,12.7547,5.811775,23.89,17.458816763268,0.0831372226822287
"CLU?","PNSL","CAN",58.06658191,66.49771501,13.841095890411,66.66043603,7.461555775,11.48,172.21609523184,150.381107057531,11.4799999995385,10.0244701671291,1.28499999992509,1.12207701781601,"CLU?.PNSL.CAN","WET","CLU?_WET_CAN","WET_CAN",87.1811157331051,63.199991324426,18.5754649703364,107.958879828137,66.624420860779,41.3344589673584,9.67637330460203,41.129746226344,32.4246099389627,8.7051362873813,17.9013698630137,11.4799999995385,1.28499999992509,6.52814844481027,75.5836673138385,74.7974397436925,10.166795960243,32.2742262819107,8.85551994443334,9.05506230528438,18.69,70.03,7.68,0.41625,0.361275932870946,0.175832633231709,0.0113834838948246,0.518875,5.061125,NA,11.01,16.5569598870342,0.0397764802090911
"COCP","PNSL","CAN",108.4053756,126.3764562,14.6301369863014,139.8429345,11.66441841,12.9,92.2463479753858,79.1286628909286,12.8999999977861,11.0655844217287,1.07599999957936,0.922989832183631,"COCP.PNSL.CAN","WET","COCP_WET_CAN","WET_CAN",38.0142386803021,41.1144242106265,10.1491668758079,140.674859667466,73.8568382830755,66.8180213843901,9.32221211275325,15.608121299586,7.99402517718505,7.61409612240097,17.2602739726027,12.8999999977861,1.07599999957936,10.9402915154189,55.3528061986467,23.7758566922818,8.86807288319643,12.3566366120328,3.25148468755323,9.02099491654471,36.34,55.41,19.27,0.155,0.51050750252212,0.193440591704384,0.00877539508289845,0.6929,3.674975,4.890425,17.07,13.5072627554815,0.0871436306805259
"CORB","PNSL","CAN",85.08030934,95.02157189,9.5013698630137,188.0274836,4.385464545,22.1,117.536008949353,105.239260949885,22.099999995134,19.7878734123307,0.515450000008192,0.461523047637725,"CORB.PNSL.CAN","WET","CORB_WET_CAN","WET_CAN",73.1343086306865,32.1049523191988,7.49502782669131,59.9931202409419,19.5053246798674,40.4877955610744,6.75932834957032,81.0351241348623,17.9696966924301,63.0654274424322,5.03013698630137,22.099999995134,0.515450000008192,9.19341713966969,80.2548176872661,24.9844432626192,8.83096932917132,25.2332361400814,55.8018879947809,8.94611652356555,NA,NA,NA,0.27,0.389775040555131,0.216501328484709,0.0109373133127821,1.196725,4.5094,4.8573,NA,NA,NA
"CYMR","PNSL","CAN",140.6555915,184.5953645,3.32054794520548,83.97138811,12.89811774,5.97,71.0956449960967,54.1725412611864,5.96999999889802,4.54894348714808,0.916999999960897,0.698723815461791,"CYMR.PNSL.CAN","WET","CYMR_WET_CAN","WET_CAN",43.0296367350995,11.1429045260869,6.49783816875663,50.5508348301785,34.7205096282543,15.8303252019243,11.3437158151104,73.0800199383341,31.6535263148091,41.426493623525,9.36986301369863,5.96999999889802,0.916999999960897,26.8631288553863,15.922118927437,38.2504223337495,9.11657109446381,47.878278186768,25.2017417515662,8.99633117891073,NA,NA,NA,0.27,0.200639041708098,0.147239080786916,0.0088940651890117,0.45,2.504,2.5284,NA,NA,NA
"DIOW","PNSL","CAN",197.6215408,160.9787148,5.55616438356164,254.4377337,38.53620045,12.875,50.601771241731,62.1200138939114,12.8749999959519,15.8056755525793,1.94999999969639,2.39386930737255,"DIOW.PNSL.CAN","WET","DIOW_WET_CAN","WET_CAN",52.0324509614016,10.0875629325097,4.52031468362634,115.303002367384,83.2303572484556,32.0726451189283,8.26495419337047,41.0651190684113,27.7648349476756,13.3002841207357,7.03561643835616,12.8749999959519,1.94999999969639,9.78371512076617,44.4451532659012,17.6748606280102,8.30092307673034,36.339757967051,4.72536110136027,8.83001415531215,36.21,54.56,23.54,0.19,0.326947441546902,0.132526038882093,0.00782809401109578,0.3452,2.2197,2.9152,12.67,7.87060576035857,0.0414242408439925
"DOLD","PNSL","CAN",89.96076187,95.89693966,9.02465753424658,84.58560635,1.454215716,9.4025,111.15957437589,104.278614473566,9.40250000019258,8.8204698345845,0.16165000004129,0.151643600010165,"DOLD.PNSL.CAN","WET","DOLD_WET_CAN","WET_CAN",41.6445597454006,62.6340547281658,16.1661678149478,19.2398757081403,4.8093635724909,14.4305121356494,9.88843333898556,96.5625133805468,43.6110793607207,52.9514340198261,44.9753424657534,9.40250000019258,0.16165000004129,14.029162153095,31.9849147462271,72.2936997273393,10.1006805314529,8.58170147305259,87.9808119074942,9.05468785324919,39.03,56,25.13,0.345,0.302256853546569,0.147619914771182,0.00763110478090485,0.4732,4.606875,4.403425,13.9,14.4947274118257,0.0420137026429731
"DUSM","PNSL","CAN",97.29651999,101.6176596,11.1780821917808,169.1337839,16.0539258,17.38333333,102.778598875148,98.4080920517481,17.383333331694,16.6441329750917,1.65000000016958,1.57983620791833,"DUSM.PNSL.CAN","WET","DUSM_WET_CAN","WET_CAN",70.2326341638035,28.1754578879445,8.04749499702685,98.4080920517481,64.0252193868236,34.3828726649244,7.5871324289455,88.2964697293994,41.1045084196885,47.1919613097109,7.98904109589041,17.383333331694,1.65000000016958,13.7689651766913,74.6288043060711,23.7792877456769,8.77677277320376,69.2955735264686,19.0008962029308,8.9247522072531,38.19,51.97,20.32,0.291667,0.337398787150237,0.220460094587192,0.0108328643214406,0.435133333,3.843066667,4.4826,17.87,17.5855260496474,0.0602931632637473
"FINY","PNSL","CAN",106.323181,103.8182423,7.67671232876712,198.5585405,2.153044415,18.675,94.0528669848582,96.3221855664185,18.6749999983541,19.1255925838382,0.202499999976487,0.207385943674371,"FINY.PNSL.CAN","WET","FINY_WET_CAN","WET_CAN",60.7903756619602,35.5318099044584,8.04495607511712,48.7659521731962,10.8586838724608,37.9072683007354,7.39183779137055,83.5847332949368,36.0081284282425,47.5766048666943,8.28493150684931,18.6749999983541,0.202499999976487,9.00304381071648,64.5945064540093,31.7276791124092,8.6512510874495,9.08762943094743,74.4971038639894,8.99998814338676,NA,NA,NA,0.2475,0.389180547743105,0.14578194382653,0.00916827347368398,0.523875,5.59455,4.92475,NA,NA,NA
"FIPA","PNSL","CAN",91.51877364,110.2973746,8.05479452054795,225.1361831,6.21412473,24.6,109.267198436642,90.6639893856549,24.5999999940559,20.4117445149053,0.678999999982954,0.563397338561855,"FIPA.PNSL.CAN","WET","FIPA_WET_CAN","WET_CAN",69.9921015999416,20.6718877857132,5.27011698479118,67.9804169112118,26.0296080689013,41.9508088423105,6.34384588470224,83.0545874648243,22.9451102361171,60.1094772287072,10.586301369863,24.5999999940559,0.678999999982954,13.1338691360174,73.6018476730072,17.0621417126477,8.45552739614892,32.9821207941753,50.072466670649,9.00043052149272,28.04,60.69,12.14,0.2,0.453319946928274,0.216021251309241,0.0144669770730114,0.4389,4.0147,6.3929,15.9,14.4155743123191,0.0720778715615956
"FORM","PNSL","CAN",109.1106708,108.7289094,7.16712328767123,150.8455024,15.33004925,13.825,91.6500643491599,91.9718596938304,13.8250000017414,13.8735413821782,1.40500000023829,1.40993313872051,"FORM.PNSL.CAN","WET","FORM_WET_CAN","WET_CAN",72.498332418732,19.4735272750984,7.22644384457714,105.239260949885,68.1501377428897,37.0891232069957,8.26943895153317,34.4867847982189,27.5987292397367,6.88805555848219,9.13972602739726,13.8250000017414,1.40500000023829,2.20986706204127,60.9291177101052,31.0427419837252,8.96669501001099,28.0037147690151,6.4830700292038,8.92369680643714,25.88,63.34,13.6,NA,NA,0.187516031658381,0.0104389423293693,NA,NA,NA,12.28,11.2941443704024,NA
"FORV","PNSL","CAN",74.46374252,69.37264655,10.027397260274,86.68820691,8.86118536,11.64166667,134.293545577757,144.14903419884,11.6416666657221,12.4960213025057,1.19000000001612,1.2773313115009,"FORV.PNSL.CAN","WET","FORV_WET_CAN","WET_CAN",98.816605434318,45.3324287645221,15.0727338658842,63.7297327874823,41.2053192509732,22.5244135365091,9.04636398884305,79.1286628909286,19.2783768543442,59.8502860365843,5.91780821917808,11.6416666657221,1.19000000001612,20.0106029902144,66.9084148882042,77.240619310636,10.1626131282208,56.3137688073102,22.8148940836184,8.87909395339267,32.89,59,19.89,0.32,0.450465731871375,0.208289289191101,0.010716624937105,0.4267,3.0579,3.0422,13,18.7393744458492,0.0585605451432788
"GUA?","PNSL","CAN",99.76420005,109.4779388,9.99452054794521,150.1451211,10.4253589,15.05,100.236357280349,91.3426039036825,15.0500000024809,13.7146463247078,1.04499999947627,0.952279428556432,"GUA?.PNSL.CAN","WET","GUA?_WET_CAN","WET_CAN",60.2879490817773,31.0546548219053,8.64922992045436,94.3908744820573,51.6237304288859,42.7671440531715,8.22645702750001,75.2393227991756,29.1069229987201,46.1323998004555,40.9808219178082,15.0500000024809,1.04499999947627,7.59535204861923,64.3988942364539,26.9437096672287,8.94979178920065,46.8621071152345,28.3772156839411,9.14938451593515,34.04,58.21,19.76,0.29,0.314974496219595,0.227837240098233,0.0195039903996103,0.3891,4.1956,5.7359,14.28,13.0437238374459,0.0449783580601582
"GUAD","PNSL","CAN",127.4428699,136.2104601,6.95342465753425,223.0250223,6.550563513,17.5,78.4665317710332,73.415800759049,17.4999999980383,16.3735606014593,0.514000000010985,0.480914865729904,"GUAD.PNSL.CAN","WET","GUAD_WET_CAN","WET_CAN",52.1279505666291,21.2878501924199,5.76962750816117,29.8992194633849,12.5208092314446,17.3784102319403,7.13988637047537,115.303002367384,29.7244955249399,85.5785068424441,9.20547945205479,17.4999999980383,0.514000000010985,17.143541129582,54.7980970433749,18.6177037156741,8.41228286473114,33.7958926856478,81.5071096817362,8.99372881571024,30.68,57.84,15.53,0.2,0.367079003795245,0.164387384060315,0.00860071654742295,1.012425,2.005975,NA,15.15,11.1224938149959,0.0556124690749797
"HAVF","PNSL","CAN",57.61182318,60.0114826,18.1643835616438,86.27370521,5.64307808,14.975,173.575482392849,166.634776658559,14.9749999996442,14.3761995991747,0.97949999991651,0.94033305552761,"HAVF.PNSL.CAN","WET","HAVF_WET_CAN","WET_CAN",85.3740389450531,81.260737713506,19.0198359701518,34.4867847982189,20.1189731475375,14.3678116506815,7.97321701012463,128.259229576069,26.3478533632836,101.911376212785,10.158904109589,14.9749999996442,0.97949999991651,7.84614317261153,99.4845067803652,67.1502698781938,10.1410963688621,70.4896938631857,57.7695357128833,8.99113511677915,30.67,61.95,17.58,0.455,0.366230278370459,0.134347423372065,0.00931232463037633,0.5632,3.216225,NA,13.09,21.8124922646054,0.0479395434386931
"HEIS","PNSL","CAN",129.5667019,146.0168144,11.013698630137,98.69743517,10.6698179,7.6175,77.1803237510671,68.4852634341542,7.61749999982056,6.75931984789281,0.823499999886931,0.730725289675954,"HEIS.PNSL.CAN","WET","HEIS_WET_CAN","WET_CAN",28.8369714371989,39.6482919969554,12.2483785731021,110.776118307449,60.2789784675308,50.4971398399182,11.9050297860133,49.8660180628271,46.7544038812612,3.11161418156587,9.99452054794521,7.61749999982056,0.823499999886931,5.54692842717481,31.2478676033465,37.2373958308077,9.32779380866476,31.4196286508977,18.4463894119294,8.97873052178416,14.69,69.88,6.21,0.17,0.402854490789142,0.143786943148238,0.0076740395905686,0.37515,5.754675,4.574525,8.48,5.80755033921628,0.0341620608189193
"LACP","PNSL","CAN",113.9312682,125.4043606,18.8054794520548,118.2891392,9.581619652,10.3825,87.772217039185,79.7420436749948,10.3824999992408,9.43261770436394,0.840999999682265,0.764057932766973,"LACP.PNSL.CAN","WET","LACP_WET_CAN","WET_CAN",25.8638547748243,53.8781889001706,13.0400903264012,90.6639893856549,45.3744818777354,45.2895075079195,10.2875973215818,116.491627787367,57.0449599877347,59.4466677996318,11.7205479452055,10.3824999992408,0.840999999682265,14.5717762376149,49.9097457969471,29.8322978780477,9.171834529002,61.0288403831654,55.4627874042011,9.02430450011511,31.58,50.28,22.45,0.31875,0.250171117411749,0.101113594029141,0.00560337833578157,0.717425,1.60095,NA,9.13,7.28044858752703,0.0228406230196926
"LONL","PNSL","CAN",69.70933298,79.37248752,9.36986301369863,121.6427861,3.617914382,17.45,143.452814314965,125.988239910967,17.4500000071583,15.3255605186052,0.519000000048487,0.455814665136754,"LONL.PNSL.CAN","WET","LONL_WET_CAN","WET_CAN",85.6660128151733,40.3222270957937,10.4129133050518,41.0476553336682,15.7389760502675,25.3086792834007,7.40432439970502,62.1200138939114,48.5232879030256,13.5967259908858,2.95890410958904,17.4500000071583,0.519000000048487,2.48010246663125,80.6559662949701,45.332273615997,9.48954722665448,22.1987388101022,39.9212750838092,8.90632822711898,27.49,59.05,13.12,0.24,0.524950999629029,0.301824721318686,0.0114733560889109,0.515625,3.92375,5.07725,14.37,18.104510075206,0.0754354586466915
"MANB","PNSL","CAN",56.3680725,67.0559825,14.0383561643836,79.90174277,3.988041129,14.175,177.405392032875,149.129125056068,14.1750000002218,11.9156769897451,0.707499999933473,0.594733084255383,"MANB.PNSL.CAN","WET","MANB_WET_CAN","WET_CAN",79.540226044323,69.5888990117449,16.91937037166,68.3512890825511,30.4091827156274,37.9421063669237,8.52658920202045,50.5508348301785,9.66727573777311,40.8835590924054,6.95342465753425,14.1750000002218,0.707499999933473,24.2782849775965,82.6121427236403,66.5169823324276,10.0601737553279,25.6514327877613,24.8994020424172,8.94760410902247,29.94,61.96,15.88,0.3875,0.384849354983401,0.231868847386967,0.0125478833784852,1.06005,3.3737,NA,14.06,20.9675549828831,0.0541098193106662
"MARP","PNSL","CAN",106.9717521,124.945419,11.7205479452055,176.4231621,12.99171929,16.4925,93.4826232504048,80.0349470995811,16.4924999952394,14.1200184458143,1.21449999976209,1.03979156610776,"MARP.PNSL.CAN","WET","MARP_WET_CAN","WET_CAN",49.7829741043646,30.2519729952165,7.66782125337261,48.0845654481913,30.0861102438873,17.9984552043039,7.50881994282253,95.1148885748151,61.9817854602604,33.1331031145547,12.9369863013699,16.4924999952394,1.21449999976209,5.85076432087368,61.4906844043398,18.5442626952413,8.59682184681391,63.8207179072829,31.2941706675322,8.99853756052605,40.35,45.82,15.86,0.35,0.228671277427375,0.132932290262076,0.00925291004932507,0.6535,3.9472,5.5051,24.49,19.6005585446874,0.0560015958419641
"MICB","PNSL","CAN",110.2901854,119.6390729,6.21369863013699,135.7672182,14.22743391,12.31,90.6698992637653,83.5847332949368,12.3099999975156,11.3480667234425,1.28999999940158,1.18919626883869,"MICB.PNSL.CAN","WET","MICB_WET_CAN","WET_CAN",66.2980496960819,17.2866835988549,6.87696796804864,68.6447744852557,45.9565369555316,22.6882375297241,8.4587712403677,63.7297327874823,6.83997182635464,56.8897609611277,1.15068493150685,12.3099999975156,1.28999999940158,14.2854638882507,51.7405313966217,31.8442018983151,8.94347387664039,47.7002118819284,16.0295209055539,8.589514408781,26.78,69.16,19,0.18,0.464359629416315,0.201740525861878,0.00916037992261821,0.2657,1.7787,1.8293,7.78,6.50289225034608,0.0361271791685894
"NECP","PNSL","CAN",71.95198836,79.90104056,15.1890410958904,70.09922466,7.411054801,9.7425,138.981565734732,125.154815630852,9.74250000003753,8.77325553818795,1.02999999998888,0.927529197249293,"NECP.PNSL.CAN","WET","NECP_WET_CAN","WET_CAN",56.8737296209039,68.2810860099477,19.1554852104449,54.4984687401743,34.0979706935807,20.4004980465936,10.1643526736517,144.14903419884,116.183768606819,27.9652655920209,13.841095890411,9.74250000003753,1.02999999998888,3.35336376268588,56.7082909577559,68.4465246730958,10.0875650983934,86.6701943777545,57.4788398210856,9.04616146729721,24.47,51.99,13.02,0.26,0.481364675503276,0.18651326121601,0.00943962794470299,0.8545,3.8077,5.743625,11.45,14.3302263897325,0.055116255345125
"OCOI","PNSL","CAN",73.80306997,77.96709861,14.1041095890411,104.6158517,5.203116433,14.175,135.495718593615,128.259229576069,14.1750000023746,13.4179485404863,0.705000000015582,0.667347705091164,"OCOI.PNSL.CAN","WET","OCOI_WET_CAN","WET_CAN",66.0211040550892,62.2381255209798,14.8839227062904,85.5958166530554,36.602923191802,48.9928934612534,8.65281342415005,78.8241992208613,43.6210530273024,35.2031461935589,24.5917808219178,14.1750000023746,0.705000000015582,52.0065852525859,76.1001183798447,52.1591111962243,9.78077945476586,36.0991937667709,42.7250054540904,9.07514341839391,33.62,56.73,19.03,0.3,0.427530765253563,0.220722525588999,0.0104548496466833,0.454425,4.53315,5.268325,14.59,18.7130215951485,0.0623767386504949
"ODOP","PNSL","CAN",121.1701584,123.6251678,8.51506849315068,165.0943408,13.86792463,13.625,82.5285708300271,80.8896778702694,13.6249999983494,13.3544280455165,1.14450000009243,1.12177195604987,"ODOP.PNSL.CAN","WET","ODOP_WET_CAN","WET_CAN",56.2101684005834,24.679509469686,7.67984733477791,73.0800199383341,44.6062757514676,28.4737441868666,8.36040976508203,29.8992194633849,2.86355001108717,27.0356694522977,6.60821917808219,13.6249999983494,1.14450000009243,13.5854671892117,55.6997060579279,25.1899718123415,8.80982880276899,22.9408670831735,6.95835238021135,8.86978050781891,33.94,57.94,17.99,0.32,0.252780243344592,0.144424998952547,0.00715605237667165,0.4714,4.698,6.1042,15.95,12.901903620308,0.0403184488134624
"OMPD","PNSL","CAN",108.0054018,141.2307836,11.013698630137,167.6783862,10.96794855,15.525,92.5879616513773,70.8060930138463,15.5249999912504,11.8726514096888,1.01549999974168,0.776597585202381,"OMPD.PNSL.CAN","WET","OMPD_WET_CAN","WET_CAN",42.3246502435365,28.4814427703098,7.18807526910649,80.8896778702694,43.7163987380548,37.1732791322146,8.05913542139847,99.332544601805,53.6818829385375,45.6506616632675,10.4547945205479,15.5249999912504,1.01549999974168,3.2755816040863,54.1062769352501,16.6998160785962,8.49117310525284,58.8566333220788,40.4759112797262,9.00250950841217,28.13,54.81,12.71,0.39,0.181554084650888,0.188509089922204,0.0125382617668295,0.2815,2.2442,3.4617,15.42,10.9182995427351,0.0279956398531669
"PAUF","PNSL","CAN",177.2106667,205.0611042,19.6931506849315,98.30761733,6.016302133,5.5475,56.430011726828,48.7659521731962,5.54749999876841,4.79406456497565,0.33949999991733,0.293390702077376,"PAUF.PNSL.CAN","WET","PAUF_WET_CAN","WET_CAN",5.76755077642519,42.998401396771,12.3718973481305,127.438174343663,40.7292576565483,86.7089166871151,14.5181229287717,115.207012626158,28.8129245864528,86.3940880397053,14.0383561643836,5.54749999876841,0.33949999991733,13.1356315450206,18.4181513949785,30.3478007782177,9.20648940817713,25.7855851953684,89.4214274307898,9.04901985701844,28.41,63.14,14.26,0.22,0.221663418969074,0.106483432128524,0.00794873145184099,0.3197,2.8324,3.7543,14.15,6.90038223250726,0.0313653737841239
"PERA","PNSL","CAN",104.2205162,114.6056883,7.85753424657534,139.6554917,14.06976969,13.4,95.9503979121531,87.2557038689327,13.3999999992324,12.1857382274454,1.35000000028785,1.22766765757472,"PERA.PNSL.CAN","WET","PERA_WET_CAN","WET_CAN",65.0352014216803,22.2205024472524,7.66369647847919,40.3446411600196,28.2271458719847,12.1174952880349,7.95932408334515,41.7879433747542,16.8322640518685,24.9556793228858,7.0027397260274,13.3999999992324,1.35000000028785,10.2383897562252,58.5915002232747,28.664203645658,8.93765733605615,33.2570129307499,8.53093044400431,8.85980829175515,27.02,64.17,15.04,0.295,0.295782047013331,0.205621702725744,0.00984451082578691,0.376275,3.2306,2.920175,11.98,10.4532333234981,0.0354346892321971
"PERX","PNSL","CAN",93.8464221,111.4333353,13.841095890411,98.79682086,5.213168747,10.5275,106.557072461903,89.7397531275365,10.5274999993846,8.86600231376185,0.555499999930205,0.467828476367969,"PERX.PNSL.CAN","WET","PERX_WET_CAN","WET_CAN",34.5214242349403,55.2183288925962,13.6787132729844,134.321969535315,48.5215455189299,85.8004240163853,10.3837043529116,85.5958166530554,33.4226548005296,52.1731618525259,8.31780821917808,10.5274999993846,0.555499999930205,26.5740870769357,47.4389700927196,42.3007830348169,9.51980643753519,32.326649990618,53.2691666624374,8.9775793276772,NA,NA,NA,0.30875,0.290655070858418,0.16857328863473,0.010326445892283,1.095075,4.10695,4.463366667,NA,NA,NA
"PIP?","PNSL","CAN",196.8761553,239.3034735,8.33424657534247,222.9622458,20.50465157,11.325,50.7933527285821,41.7879433747542,11.3249999960762,9.31713370219843,1.04149999977168,0.856847218726225,"PIP?.PNSL.CAN","WET","PIP?_WET_CAN","WET_CAN",23.9901710989925,17.7977722757617,5.18294820396348,57.6666863281234,36.4193391785731,21.2473471495502,9.07179573157812,79.7420436749948,31.2772567065454,48.4647869684494,16.5041095890411,11.3249999960762,1.04149999977168,13.1198170880331,31.036513821097,10.7514295536573,7.92183290957016,52.1608771427468,27.581166532248,9.03214920660243,NA,NA,NA,NA,NA,0.21851300343836,0.00955422964824628,NA,NA,NA,NA,NA,NA
"PLEV","PNSL","CAN",84.85876574,96.16366084,5.88493150684932,102.6791065,7.089949877,12.1,117.842864114229,103.989385518905,12.0999999946499,10.6775371905652,0.835499999932005,0.737279531069067,"PLEV.PNSL.CAN","WET","PLEV_WET_CAN","WET_CAN",81.4629141167027,22.5264714022025,8.64171457062602,83.0545874648243,45.0874995087781,37.9670879560462,8.81554122939195,46.7441696717029,11.0755599851416,35.6686096865613,9.92876712328767,12.0999999946499,0.835499999932005,16.5319612671434,50.0706622194941,53.918723299411,9.57790395045278,28.4027670135952,18.3414026581077,8.98497273586912,NA,NA,NA,0.27,0.385145872292241,0.173994988864659,0.00790136403885905,0.4177,4.876,4.5239,NA,NA,NA
"POUA","PNSL","CAN",74.88562597,83.12157648,9.36986301369863,96.0408153,13.32964142,12.825,133.536975493883,120.305706694652,12.8249999991287,11.5542581561971,1.77999999964479,1.60363193101941,"POUA.PNSL.CAN","WET","POUA_WET_CAN","WET_CAN",90.9646256643943,29.3410810302581,10.739666898776,49.8660180628271,37.0745608858941,12.791457176933,8.30640759305937,25.4202550215349,20.4358344411261,4.98442058040876,10.158904109589,12.8249999991287,1.77999999964479,3.17984656157028,73.0203403410152,47.2853663536372,9.46971460933674,22.4462182677166,2.97403675381826,8.94712784167275,28.3,55.32,8.08,0.386667,0.311135180128256,0.253586716462884,0.0167054756342848,0.8599,5.045633333,3.150933333,20.22,24.3258138936587,0.0629115334219334
"POUB","PNSL","CAN",81.88775724,86.7280105,8.35068493150685,183.9199028,7.455880297,22.46,122.118376873988,115.303002367384,22.4600000047577,21.2065169879574,0.910500000036391,0.859685383535922,"POUB.PNSL.CAN","WET","POUB_WET_CAN","WET_CAN",91.91247748876,23.390524878624,6.68885415755596,29.6045350450675,16.1130965273622,13.4914385177052,6.19215236008759,29.6045350450675,7.21662858427256,22.3879064607949,31.0027397260274,22.4600000047577,0.910500000036391,25.5374533382145,89.5303485693474,25.7726537980366,8.85051868638435,18.6357570157509,10.9687780293165,9.08532229888535,42.63,50.2,19.8,0.43,0.268146517133451,0.232635507944948,0.0110333953505649,0.687166667,4.958933333,3.903733333,22.83,26.3236754404738,0.0612178498615669
"PPA1","PNSL","CAN",154.1037838,195.364318,19.9890410958904,221.1389297,5.516915459,14.35,64.8913333171512,51.1864198251392,14.3499999965608,11.3193100953061,0.357999999932513,0.282391150824175,"PPA1.PNSL.CAN","WET","PPA1_WET_CAN","WET_CAN",12.7966159711397,38.3898038539995,7.28785137404735,41.129746226344,12.4312354606373,28.6985107657068,8.37119972082036,87.9507967007528,46.2269449895523,41.7238517112004,22.6849315068493,14.3499999965608,0.357999999932513,17.0632306161563,39.4234456547216,11.7629741704176,8.18427947640915,18.6868853157126,69.2639113850402,9.04470109909812,NA,NA,NA,0.31,0.165117483306901,0.204667265282295,0.00822562541128208,0.3871,1.8319,2.4974,NA,NA,NA
"PROP","PNSL","CAN",71.90590896,91.03201139,27.7479452054795,69.04764908,6.352887056,9.6025,139.070629168499,109.851467053254,9.60250000016132,7.58498554801624,0.883499999914332,0.697873963125226,"PROP.PNSL.CAN","WET","PROP_WET_CAN","WET_CAN",25.9635972298751,83.8878698233786,20.0130842393436,54.1725412611864,30.4957342750275,23.676806986159,10.5590773685565,42.2957315221765,20.6087823092903,21.6869492128863,5.32602739726027,9.60250000016132,0.883499999914332,4.94096965065508,58.9619026047947,50.889564448459,9.85028585747396,27.9619490814174,14.3337824407591,8.91127332720818,30.58,55.37,11.7,0.3025,0.363145345630591,0.195255163352572,0.012599799002666,1.3188,5.237925,7.496625,18.88,20.7399569796543,0.0685618412550555
"SABP","PNSL","CAN",178.778626,200.5373677,6.24657534246575,89.79156489,14.24865649,5.0225,55.9350981923309,49.8660180628271,5.0224999989652,4.47754779669425,0.796999999876943,0.710523761901359,"SABP.PNSL.CAN","WET","SABP_WET_CAN","WET_CAN",25.4125892543937,24.4534288084334,10.3315997625707,24.8225747084702,17.5894102230101,7.23316448546011,12.7965277743595,86.0530089943104,35.9464664085821,50.1065425857283,1.97260273972603,5.0224999989652,0.796999999876943,5.66560361196046,14.5996645562161,35.266353506611,9.19770726113146,51.4918489949558,34.5611599993546,8.77890248588815,NA,NA,NA,0.2,0.249330090314135,0.0667305721434507,0.00448823227895263,0.269,1.8268,2.1943,NA,NA,NA
"SIMA","PNSL","CAN",117.9171817,51.71352591,8.31780821917808,169.5059487,12.20442831,14.375,84.8052832999485,193.37300684938,14.37500000053,32.7778749789757,1.03500000034346,2.36000699918239,"SIMA.PNSL.CAN","WET","SIMA_WET_CAN","WET_CAN",154.763951163761,38.6090556856184,14.0857510769128,38.7813368379696,24.1193326823788,14.6620041555909,7.81898341478665,31.5754381539941,13.399074320258,18.1763638337361,4.14246575342466,14.37500000053,1.03500000034346,11.764376914488,84.4289611843824,108.944045664997,10.6323910699704,22.8631351553353,8.71230299865887,8.8184348939967,23.4,64.53,8.38,0.3875,0.499027114450012,0.0949819172959423,0.00482033230276907,0.658775,3.7041,NA,15.02,29.0446256287768,0.0749538725903918
"SYMG","PNSL","CAN",114.512664,120.4027412,7.56164383561644,80.33063381,4.804378819,7.015,87.3265859922707,83.0545874648243,7.01500000122257,6.67182765187741,0.419550000076847,0.399025700836785,"SYMG.PNSL.CAN","WET","SYMG_WET_CAN","WET_CAN",39.030579488593,44.0240079762313,14.3491132309631,81.0351241348623,32.0436811441011,48.9914429907612,12.1271015562814,38.9737266806065,30.6593051153512,8.3144215652553,27.1561643835616,7.01500000122257,0.419550000076847,6.82837574036834,20.0063516965654,63.0482357682588,10.0726956653427,14.1653791274584,24.8083475531481,9.05864367470064,26.04,58.98,15.71,0.385,0.215726201207336,0.136054820975958,0.00737560345290718,0.615975,4.30395,NA,10.33,8.57953888511635,0.0222845165847178
"TACV","PNSL","CAN",99.7285911,105.1360113,9.36986301369863,154.8286377,7.140567123,15.525,100.272147532625,95.1148885748151,15.5250000017297,14.7265086230259,0.716000000024065,0.679174246265133,"TACV.PNSL.CAN","WET","TACV_WET_CAN","WET_CAN",61.7776358858689,33.3372526889462,8.89307806828835,51.3868469033464,24.1222893347286,27.2645575686177,7.85289611445531,47.1895532706985,32.3388439253147,14.8507093453839,11.0794520547945,15.5250000017297,0.716000000024065,6.06061877158287,65.3363989197509,29.7784896550641,9.00921489294366,24.3719931855861,22.8175600851124,8.98235845602681,36.89,53.74,19.89,0.205,0.46397506621861,0.272038336256011,0.00926915731791582,1.50995,5.517225,4.028075,17,16.1695310577186,0.0788757612571637
"TAPG","PNSL","CAN",72.1324154,92.62785994,10.586301369863,99.54273325,2.546274263,13.8,138.633926848927,107.958879828137,13.7999999997227,10.7465219767011,0.352999999914047,0.274892917168696,"TAPG.PNSL.CAN","WET","TAPG_WET_CAN","WET_CAN",55.8036248444179,52.1552549837194,12.4297615734204,125.988239910967,33.5697975212616,92.4184423897055,9.0462127894251,84.5692958323713,69.9734035356621,14.5958922967092,7.23287671232877,13.7999999997227,0.352999999914047,6.32020083730668,58.5820722641024,49.376807564035,9.61002104659532,18.153543429296,66.4157524030754,8.98313028472822,30.78,65.82,24.98,0.20625,0.523436993106121,0.192839792246857,0.0105999500468689,0.315575,2.26175,2.9356,5.8,6.26161503003197,0.030359345600155
"TOCP","PNSL","CAN",96.6554878,116.4257315,7.03561643835616,70.94512805,6.258442835,7.34,103.460240361024,85.8916656237629,7.34000000049661,6.09359521610564,0.647499999994827,0.537548079309255,"TOCP.PNSL.CAN","WET","TOCP_WET_CAN","WET_CAN",49.3239779439511,36.5676876798118,13.1271623889068,86.5625158882793,44.5325734886858,42.0299423995935,11.6922726995313,60.6718361570752,40.1648427041501,20.5069934529251,8.05479452054795,7.34000000049661,0.647499999994827,2.08595526492189,24.4505473757821,61.4411182479808,9.93779582727105,30.6446873643768,30.0271487926984,8.97344967662719,23.16,70.31,18.31,0.2125,0.40419607352359,0.206092798799159,0.0107671072143717,0.452425,2.976675,2.967525,4.85,4.1657457827525,0.0196035095658941
"TONR","PNSL","CAN",85.75755441,100.6719403,17.9013698630137,144.930267,10.98125484,16.9,116.607802878692,99.332544601805,16.9000000054922,14.396292210929,1.2804999997434,1.09079598617809,"TONR.PNSL.CAN","WET","TONR_WET_CAN","WET_CAN",50.7740006972466,48.5585439045584,10.7407407054618,67.5017190932808,40.0221122443115,27.4796068489693,7.79287779676289,41.8432712490352,26.0774425519478,15.7658286970873,25.7095890410959,16.9000000054922,1.2804999997434,16.758513118119,75.7273190084022,23.6052255934028,8.90848939877919,31.670718110373,10.1725531386622,9.09190636081841,30.32,63.13,18.72,0.30375,0.327020722968905,0.194735030807416,0.0112818049285135,0.381375,4.424825,4.962625,11.6,11.5225751738094,0.037934403864393
"TOVL","PNSL","CAN",66.71821086,88.02177073,4.17534246575342,55.92654026,8.179652652,8.3825,149.884115162857,113.608257560215,8.38250000098999,6.35371679030979,1.22600000008453,0.929276085241509,"TOVL.PNSL.CAN","WET","TOVL_WET_CAN","WET_CAN",98.6668179812168,14.9414395789978,8.99646276656258,104.278614473566,70.3098358774841,33.9687785960823,10.1618678603683,73.1534502573897,21.2306915819484,51.9227586754413,4.17534246575342,8.38250000098999,1.22600000008453,9.04682030706335,32.5319673952807,81.0762901649339,10.0377656881171,55.0681537361578,18.085296521232,8.81392349713641,25.01,67.29,15.3,0.37,0.307049344757337,0.220779301634888,0.0118528358270787,0.617775,4.256625,3.716,9.71,11.0313618090968,0.0298144913759374
"TRAA","PNSL","CAN",80.68440409,105.9424447,1.11780821917808,63.63982373,11.21513217,7.8875,123.939689618894,94.3908744820573,7.88750000049731,6.00701861375868,1.39000000018467,1.05860613295815,"TRAA.PNSL.CAN","WET","TRAA_WET_CAN","WET_CAN",93.0754608258225,1.31541365623484,2.49776701999963,85.8916656237629,58.3973069331029,27.49435869066,8.74067104878917,98.825926254394,22.8534305004321,75.9724957539619,21.0082191780822,7.88750000049731,1.39000000018467,9.54846047012297,21.918110480775,72.4727640012823,9.20297482007972,75.5794201495544,23.2465061048397,9.11646893163915,NA,NA,NA,0.291667,0.323625485509356,0.203385030664605,0.00847499597613995,0.975533333,5.703866667,4.3401,NA,NA,NA
"VIR2","PNSL","CAN",90.62197497,110.3313068,11.6712328767123,71.26059001,12.75957408,7.8635,110.34851097993,90.6361058346497,7.86349999915479,6.45878237798594,1.40800000046611,1.15647810671993,"VIR2.PNSL.CAN","WET","VIR2_WET_CAN","WET_CAN",48.3983966588232,42.2377091758265,14.8022300974314,190.566764863116,123.779552943946,66.7872119191704,12.253797606539,39.0559453139279,21.6817645229101,17.3741807910177,42.8712328767123,7.86349999915479,1.40800000046611,7.82699445850331,41.758452985011,48.8776528496387,9.58810066857589,32.4025077784384,6.6534375354895,9.25672686666162,30.45,62.68,20.15,0.3625,0.25003063678524,0.180088769919246,0.0132638910197876,0.898525,1.8908,3.0368,10.3,9.33551890096892,0.0257531555888798
"VIR3","PNSL","CAN",76.05936217,74.4479852,17.1945205479452,101.5392485,2.479535207,13.35,131.476253740454,134.321969535315,13.350000000401,13.6389518436558,0.326000000033921,0.333056052536395,"VIR3.PNSL.CAN","WET","VIR3_WET_CAN","WET_CAN",47.3519757828605,86.9699937524548,18.3593966001984,84.3966720420707,22.1991124528998,62.1975595891709,9.04280902217392,44.2913385783178,20.4819917581286,23.8093468201892,4.24109589041096,13.350000000401,0.326000000033921,4.50674649434886,69.2193973032822,65.102572232033,10.0597754437889,10.4144971513823,33.8768414269355,8.9452633788814,35.47,55.66,22.77,0.3125,0.429830302513009,0.206154765865032,0.0132791016277858,0.39475,2.22825,3.034525,12.7,17.058890130985,0.0545884484191521
"VOCF","PNSL","CAN",83.02520523,86.80027172,7.06849315068493,148.6151174,6.642016418,17.9,120.445351171341,115.207012626158,17.9000000046131,17.1215037067398,0.799999999951822,0.765206869331676,"VOCF.PNSL.CAN","WET","VOCF_WET_CAN","WET_CAN",91.9220041361302,23.285008490028,7.49842186114845,87.9507967007528,39.7633662637751,48.1874304369777,7.45397082914476,90.6361058346497,16.9349622927544,73.7011435418952,4.04383561643836,17.9000000046131,0.799999999951822,8.40472773178514,77.8215356923176,37.3854769338406,9.19254035908461,44.6436031157495,45.9925027189002,8.91594719305246,25.36,60.67,11.57,0.335,0.343901530227338,0.185606286155036,0.0107738366622764,0.66765,4.8369,2.60205,13.79,15.8870470411472,0.0474240210183499
"ASPC","PNSL","UNDER",136.8954496,176.6541353,44.1205479452055,52.65911627,1.635216145,3.846666667,73.0484470391045,56.6077889035412,3.84666666597514,2.98091613765919,0.119449999965521,0.0925659703478224,"ASPC.PNSL.UNDER","WET","ASPC_WET_UNDER","WET_UNDER",2.79515023115821,53.812638672383,34.7410648687237,31.5754381539941,7.76481948023544,23.8106186737587,28.2191386091613,37.0200407798257,12.4182124601175,24.6018283197083,8.35068493150685,3.84666666597514,0.119449999965521,38.1180688875607,11.9105950950169,44.6971938085242,9.71157331101083,3.51075121409791,33.5092895657278,8.99279652141942,39.97,54.55,19.48,0.188333,0.300572862448648,0.0941594482334057,0.00537928763995966,0.5346,4.403833333,6.47135,20.49,11.5989359463356,0.0615873795157279
"BROU","PNSL","UNDER",195.0328283,236.4304775,42.8712328767123,89.94263931,9.380103876,4.611666667,51.2734193887502,42.2957315221765,4.61166666627272,3.80418972465172,0.480949999944189,0.396738355189424,"BROU.PNSL.UNDER","WET","BROU_WET_UNDER","WET_UNDER",5.15759310623241,37.1381384159441,27.1077985817934,57.1870811217869,28.1754300116836,29.0116511101033,29.6423642538156,125.988239910967,46.5466708038623,79.4415691071048,34.5205479452055,4.61166666627272,0.480949999944189,41.4685722070106,19.9103637317888,22.3853677903877,8.87256346809767,43.4471820525814,82.5410578583857,9.12844221614828,40.06,51.96,17.42,0.24375,0.17352094983457,0.0709624124340302,0.00586209003871581,0.3408,3.8958,NA,22.64,9.57575361662077,0.0392851430425467
"CAL2","PNSL","UNDER",157.8754266,211.9113089,34.5205479452055,49.54657139,5.738771758,3.138333333,63.341079833383,47.1895532706985,3.1383333338844,2.33808056998887,0.363500000069042,0.270810075582521,"CAL2.PNSL.UNDER","WET","CAL2_WET_UNDER","WET_UNDER",5.31172917144083,41.8778240992577,38.1369927206048,21.9095747378514,11.5851437794341,10.3244309584173,34.5644709620878,57.1870811217869,23.1917845414157,33.9952965803712,8.53150684931507,3.1383333338844,0.363500000069042,12.3174917801889,10.8623557000875,36.327197570611,9.44362905419834,18.9577991704809,38.229281951306,8.99093730273944,45.08,51.49,19.93,0.285,0.165577379897188,0.0697385288965547,0.00342991947297769,0.66905,3.663575,NA,25.15,11.8681726475807,0.0416427110441427
"CES1","PNSL","UNDER",180.3529412,225.7777778,31.9232876712329,38.48571451,0.913487647,2.133911111,55.4468362615203,44.2913385783178,2.13391111084359,1.70458381179089,0.0506499999901305,0.0404595906603878,"CES1.PNSL.UNDER","WET","CES1_WET_UNDER","WET_UNDER",1.20980897566101,43.0815296026568,36.3891265016263,113.608257560215,20.8370810716115,92.7711764886031,40.6157184315742,63.0901681850953,41.8233778100098,21.2667903750854,7.03561643835616,2.13391111084359,0.0506499999901305,6.23366346951676,3.16668965854501,41.1246489197728,9.61255547849687,2.41582362034978,60.6743445647455,9.00157533259921,57.24,37.46,25.83,NA,NA,0.0659262883149476,0.00416017612470187,NA,NA,NA,31.41,13.9119094474496,NA
"CORB","PNSL","UNDER",301.833216,257.8559899,10.4547945205479,90.44935374,19.4833341,2.996666667,33.1308798035005,38.7813368379696,2.99666666706424,3.50774685416761,0.645500000238542,0.7555897424588,"CORB.PNSL.UNDER","WET","CORB_WET_UNDER","WET_UNDER",24.9945721939539,13.7867646440158,31.2192399178169,99.332544601805,62.244849713682,37.087694888123,44.7287243312652,41.0476553336682,16.9686745407908,24.0789807928773,9.36986301369863,2.99666666706424,0.645500000238542,7.16934430396374,8.25291111920462,30.528425718765,9.13710494408157,25.0008279703248,16.0468273633433,8.98550982911207,41.99,47.16,18.08,NA,NA,0.0765323323460861,0.00474434198786127,NA,NA,NA,23.91,9.27261763795854,NA
"DENA","PNSL","UNDER",335.5635492,288.7708508,40.9808219178082,105.4228817,10.15079736,3.141666667,29.8006145895181,34.629534013895,3.14166666645806,3.65074526767298,0.302499999901658,0.351517382446276,"DENA.PNSL.UNDER","WET","DENA_WET_UNDER","WET_UNDER",2.43282268209626,32.1967113317987,27.0718203665475,56.6077889035412,23.2860265074522,33.321762396089,35.5752154972685,113.608257560215,84.0381028537051,29.5701547065095,7.3972602739726,3.14166666645806,0.302499999901658,6.886609890658,10.5827293875183,24.0468046263767,8.95389571091408,25.588692041989,88.0195655182256,9.02485185026007,32.27,56.1,11.53,0.2225,0.155638355118629,0.0504822411146437,0.00215100836107142,0.432075,2.497975,4.3524,20.74,7.18216535448182,0.0322793948516037
"DOL2","PNSL","UNDER",235.3774904,244.091749,24.5917808219178,45.34939648,4.209255661,1.926666667,42.4849461306008,40.9682016740353,1.92666666650806,1.85788322078843,0.178830000007511,0.172445634817423,"DOL2.PNSL.UNDER","WET","DOL2_WET_UNDER","WET_UNDER",2.90759434575774,38.0606073282775,40.4990420457099,68.4852634341542,23.2269714273691,45.2582920067852,45.3834996794502,48.8610428372502,7.69685018465599,41.1641926525942,11.6712328767123,1.92666666650806,0.178830000007511,14.3707565227925,3.34031976385153,37.6278819101838,9.4960764483273,8.24021831988347,40.6208245173667,9.02581177922181,34.68,51.07,17.9,0.18,0.227601120411307,0.0515767246025493,0.00360484767918147,0.942875,1.883575,5.04755,16.78,6.87446424090312,0.0381914680050173
"GUAD","PNSL","UNDER",290.2665374,259.3132863,21.0082191780822,115.6712152,13.59898728,3.985,34.4510948095252,38.5633923455468,3.9850000015882,4.46067445484377,0.468500000096808,0.52442308198074,"GUAD.PNSL.UNDER","WET","GUAD_WET_UNDER","WET_UNDER",9.37790224971739,29.1854900958294,25.6271646706426,69.7809282744196,35.5295546431144,34.2513736313052,32.0817683668716,83.1179653343809,34.1855951398421,48.9323701945388,14.6301369863014,3.9850000015882,0.468500000096808,5.36526655917341,13.1588492110578,25.404543134489,8.96993963622172,31.7578975354669,51.360067798914,9.03110599171348,32.55,56.02,13.47,0.15375,0.250818812003556,0.0712793151609077,0.00451998363900971,1.084675,4.072975,5.795466667,19.08,7.35789525953032,0.0478562293302785
"HEIS","PNSL","UNDER",287.348525,316.7018602,31.8246575342466,73.17809103,18.13169193,2.546666667,34.8009442540204,31.5754381539941,2.54666666655066,2.31063028754512,0.631000000087002,0.57251611716299,"HEIS.PNSL.UNDER","WET","HEIS_WET_UNDER","WET_UNDER",10.6236658785595,20.9517722754347,58.3596426373279,78.8241992208613,50.5931869672037,28.2310122536575,62.6501871257772,53.0961781915174,42.2799557595823,10.8162224319351,9.5013698630137,2.54666666655066,0.631000000087002,9.40975469018325,10.2818541971201,21.293583956874,8.76720298608612,30.7508433809767,22.3453348105407,9.00295884477117,17.6,69.7,6.36,NA,NA,0.0618412779393943,0.00324031591949184,NA,NA,NA,11.24,3.54907924850894,NA
"LICH","PNSL","UNDER",210.0271116,256.042964,44.9753424657534,92.13189294,2.567581439,4.386666667,47.6129006575359,39.0559453139279,4.38666666594295,3.5982981723333,0.12224999998524,0.10027932027064,"LICH.PNSL.UNDER","WET","LICH_WET_UNDER","WET_UNDER",1.91274962018405,37.1431956937438,22.3064800866125,103.989385518905,22.6266998051049,81.3626857138002,28.2496731733499,35.7705014974482,9.4911636852744,26.2793378121738,19.6931506849315,4.38666666594295,0.12224999998524,32.9550692315039,14.1055548887514,24.9503904251765,9.03891100338913,3.23609514463079,32.5344063528174,8.99572508493967,41.6,50.52,20.02,NA,NA,0.0857508340842221,0.00273821791681489,NA,NA,NA,21.58,8.42827299874563,NA
"OCOI","PNSL","UNDER",146.4500942,207.9669413,37.0849315068493,106.8109353,11.55491243,7.293333333,68.2826464170345,48.0845654481913,7.29333332856265,5.13595740901537,0.788999999837487,0.555612942988454,"OCOI.PNSL.UNDER","WET","OCOI_WET_UNDER","WET_UNDER",12.4121642007062,35.6724012474851,22.7293533560027,51.1864198251392,29.8742766830077,21.3121431421315,23.232483680297,128.40285391614,104.600566780756,23.8022871353847,7.06849315068493,7.29333332856265,0.788999999837487,5.48902245118395,31.278579637595,16.8059858105962,8.60493328540804,66.1786789602965,62.2241749558439,8.97737869092607,NA,NA,NA,NA,NA,0.0891088535742301,0.00695663601696748,NA,NA,NA,NA,NA,NA
"POUA","PNSL","UNDER",209.0854908,256.58311,27.1561643835616,136.8116061,15.2736951,6.543333333,47.8273263330618,38.9737266806065,6.54333333109501,5.3320581428762,0.730499999859388,0.595272818230319,"POUA.PNSL.UNDER","WET","POUA_WET_UNDER","WET_UNDER",11.5879547682209,27.3857719123856,19.104090680615,122.914198278386,63.333489746515,59.5807085318707,25.6613963095302,39.6864773212743,16.270640660107,23.4158366611673,27.7479452054795,6.54333333109501,0.730499999859388,17.3200109963915,24.442930208417,14.5307964721896,8.40486241226962,24.0816521934426,15.6048251278316,9.11259014907855,31.85,50.65,6.23,0.191667,0.203340829045201,0.0660017103396253,0.00702344287201013,0.7173,3.64755,3.188075,25.62,9.98506877557139,0.0520959204013805
"POUB","PNSL","UNDER",314.4278997,337.7860853,12.9369863013699,160.9870846,5.343702155,5.12,31.8037935232247,29.6045350450675,5.1199999985243,4.76594778784394,0.169949999987231,0.1581978177181,"POUB.PNSL.UNDER","WET","POUB_WET_UNDER","WET_UNDER",7.28668673637926,22.3178483086882,14.0429928513243,59.3917942919117,15.8975876301466,43.4942066617651,24.9245083760851,96.3221855664185,22.9234408864416,73.398744679977,9.5013698630137,5.1199999985243,0.169949999987231,22.9353912777838,11.6138800317577,17.9906550133098,8.57680372942325,9.81313711255406,86.5090484538645,9.0212615746918,45.02,47.36,19.98,0.27,0.109646426092842,0.0614449290868701,0.00258437626169724,0.4096,2.3597,4.842,25.04,7.41297557528489,0.0274554650936478
"PROP","PNSL","UNDER",218.2159017,278.3739762,35.8027397260274,77.75759966,10.51800646,3.563333333,45.8261745459222,35.9228981692434,3.5633333342911,2.79327833447098,0.481999999911097,0.377837275006025,"PROP.PNSL.UNDER","WET","PROP_WET_UNDER","WET_UNDER",4.82022102193095,31.1026771473125,28.6581193083738,31.4829368980091,18.098607243343,13.3843296546661,34.4493126045263,35.9228981692434,21.2374950377637,14.6854031314797,8.90958904109589,3.5633333342911,0.481999999911097,19.6911043807249,13.735049912161,22.1878482570824,8.84059187091038,17.2736693867927,18.6492287824507,8.98485363429415,37.74,51.17,13.84,0.135,0.266095541994396,0.081845547739017,0.00544781563001923,0.509,4.52685,6.4691,23.9,8.58557266244918,0.0635968345366606
"PYSU","PNSL","UNDER",249.7121443,243.1330343,31.0684931506849,143.5844829,7.508011804,9.9,40.04611000411,41.129746226344,5.74999999709666,5.90559334371783,0.300666666615141,0.308802620162915,"PYSU.PNSL.UNDER","WET","PYSU_WET_UNDER","WET_UNDER",6.09749475078431,35.0322514755597,20.4143039668746,193.37300684938,53.8574943949971,139.515512454383,26.1534601209022,166.634776658559,35.8038021677384,130.830974490821,15.1890410958904,5.74999999709666,0.300666666615141,21.8180210659839,20.4347919649193,20.6949542614247,8.7985548548453,28.5786632554934,138.056113403066,9.06032223027949,26.19,49.12,10.19,NA,NA,0.0987537072701354,0.00317886021212625,NA,NA,NA,16,6.58075939621505,NA
"SYMG","PNSL","UNDER",321.483587,197.8206697,32.9095890410959,69.92268018,6.767229507,2.175,31.105787058423,50.5508348301785,2.17500000023329,3.53464985666258,0.210500000020219,0.342089101066267,"SYMG.PNSL.UNDER","WET","SYMG_WET_UNDER","WET_UNDER",3.21713113456773,47.3337036956108,47.731352838794,73.5773798883119,25.5799619531048,47.9974179352071,43.4066057889062,56.6077889035412,37.0053375739514,19.6024513295898,5.88493150684932,2.17500000023329,0.210500000020219,3.59366803396699,4.91649330414752,45.634341526031,9.72690553277143,11.062311606479,45.5454772970622,9.00175785039751,28.78,56.23,10.67,0.205,0.246589438195993,0.0416817546582868,0.00208502090652609,0.396925,2.788125,NA,18.11,9.15475618774533,0.0446573472572943
"TACV","PNSL","UNDER",241.1341185,299.0541493,25.7095890410959,129.5292107,2.431837585,5.371666667,41.4706971464928,33.4387602492964,5.37166666856395,4.3312962218779,0.100849999996993,0.081317633970043,"TACV.PNSL.UNDER","WET","TACV_WET_UNDER","WET_UNDER",3.38977976039263,30.0489804889038,16.4739844982151,73.415800759049,14.2158599219889,59.1999408370602,24.7242873745523,56.9048618256346,19.0898078446427,37.8150539809919,6.21369863013699,5.37166666856395,0.100849999996993,27.2201137068816,14.9042089740141,18.5345512752823,8.62563376111644,3.7497507056819,53.1551111199527,8.98996265857328,39.99,52.05,20.22,0.1425,0.234657966661729,0.113339415301365,0.00387377782045389,0.461275,5.689825,4.27785,19.77,6.61084290128591,0.0463918800090239
"TONR","PNSL","UNDER",152.4650802,194.6023273,28.1424657534247,57.87066227,1.231917848,3.795666667,65.5887891632775,51.3868469033464,3.79566666636627,2.97379086226375,0.0807999999989506,0.0633043738526759,"TONR.PNSL.UNDER","WET","TONR_WET_UNDER","WET_UNDER",3.59293040271717,47.7939165006292,30.7996646083461,41.0651190684113,8.32185128387703,32.7432677845343,28.5635067816302,17.7511155296699,5.95260276951894,11.7985127601509,6.24657534246575,3.79566666636627,0.0807999999989506,9.39549552936551,9.01057201195313,42.3762748913932,9.65566496575048,1.30812019186829,16.4429953378016,8.9612275243406,34.21,57.67,19.43,NA,NA,0.0810021546166478,0.00504968087768074,NA,NA,NA,14.78,7.59497597231459,NA
"VIR1","PNSL","UNDER",244.0569695,280.9624695,31.0027397260274,63.45481207,0.849318254,2.6,40.9740398747351,35.5919422896445,2.6,2.25848000919568,0.0348000000057364,0.0302288862819096,"VIR1.PNSL.UNDER","WET","VIR1_WET_UNDER","WET_UNDER",1.00227063992414,34.5896716497203,25.9606703044948,90.6361058346497,15.7660677259776,74.870038108672,36.0692787665559,77.0949742825505,53.1693467175412,23.9256275650093,1.11780821917808,2.6,0.0348000000057364,4.14886645636838,4.47925382492068,31.1126884647238,9.28124725419478,2.21331628692593,74.8816579956246,8.98318292216505,33.66,59.3,17.69,0.145,0.245461670963065,0.0765804805258798,0.00345247259984518,0.372775,2.2183,3.250625,15.97,5.68403318365622,0.0392002288528015
"ALBG","PNM","CAN",108.8820038,115.5234445,6.01643835616438,136.9191198,12.79363545,12.575,91.8425419352909,86.5625158882793,12.5750000019746,11.8520634830967,1.17500000032145,1.10744927190948,"ALBG.PNM.CAN","DRY","ALBG_DRY_CAN","DRY_CAN",56.2344498519754,30.3280660363039,5.76546568749428,48.8610428372502,31.2997722116731,17.5612706255771,4.09158608034644,67.1840891393765,35.7884596084054,31.3956295309711,37.0849315068493,12.5750000019746,1.17500000032145,29.7542628300985,51.6884925540003,34.8740233342789,9.12971491236271,47.2831893449799,19.9008997943966,9.16147831637776,22.72,61.76,12.37,0.19,0.45559218888568,0.278007374438125,0.00930364949804497,0.3901,4.1777,4.5685,10.35,8.95922039443691,0.0471537915496679
"AMPP","PNM","CAN",134.4509334,148.1443752,4.01095890410959,72.56989128,9.290559495,5.3975,74.3765755069128,67.5017190932808,5.39749999831537,4.89859241581249,0.690999999781333,0.627128737250903,"AMPP.PNM.CAN","DRY","AMPP_DRY_CAN","DRY_CAN",35.5122756476003,31.9894434456805,8.13492700169324,47.1895532706985,29.3164402151877,17.8731130555108,6.23783112890044,80.0349470995811,34.9826408910405,45.0523062085407,4.01095890410959,5.39749999831537,0.690999999781333,26.6451726914516,12.8402379520496,54.6614811412313,9.81218631197808,42.5178051964347,37.5171419031464,8.88754854349637,25.58,61.65,12.55,0.22,0.306825995878549,0.187205840550899,0.0127407073843342,0.1827,0.7643,1.2721,13.03,8.79547399785449,0.039979427262975
"ANAE","PNM","CAN",80.22122541,90.27216473,9.20547945205479,50.8923454,13.878272,6.344,124.655288533569,110.776118307449,6.34399999998704,5.63765647497396,1.73000000050735,1.53738110097496,"ANAE.PNM.CAN","DRY","ANAE_DRY_CAN","DRY_CAN",54.9635904296004,55.8125278778486,13.8673441426816,40.9468905714,31.0483991587159,9.89849141268413,6.14763279886729,30.4383226981149,18.8659754190473,11.5723472790676,5.68767123287671,6.34399999998704,1.73000000050735,6.44752678151346,36.8236799645659,73.9524383428831,10.0359108476001,27.4713417593631,2.96698093875184,8.79873288066018,34.26,59.85,16.02,0.23,0.481635296988908,0.158436871726166,0.0176000801880546,1.3451,5.8012,8.9376,18.24,20.2055639792787,0.0878502781707769
"ANNS","PNM","CAN",141.4510298,167.8622607,7.1013698630137,199.4459521,5.021511559,14.1,70.6958444497659,59.5726517580494,14.1000000057971,11.8815242490059,0.355000000077765,0.299144759403327,"ANNS.PNM.CAN","DRY","ANNS_DRY_CAN","DRY_CAN",24.8201096814627,34.7525420765867,4.69252833977968,38.5633923455468,11.7165589412361,26.8468334043107,3.92557711991118,109.851467053254,65.8402493511138,44.0112177021399,7.1013698630137,14.1000000057971,0.355000000077765,20.4862526397549,41.186137237105,18.3865145209444,8.35349990526211,22.3120333708878,87.539433682366,8.99908698305265,25.79,58.42,9.89,NA,NA,0.161398612878816,0.0121321138660243,NA,NA,NA,15.9,9.47205162952985,NA
"ANTT","PNM","CAN",147.1279109,145.6775126,5.91780821917808,138.9623118,22.06918664,9.445,67.9680690008357,68.6447744852557,9.44499999693804,9.53903655546079,1.50000000033984,1.51493433997582,"ANTT.PNM.CAN","DRY","ANTT_DRY_CAN","DRY_CAN",42.5474529293169,26.0973215559388,5.68459123817729,63.0901681850953,44.9636659369923,18.126502248103,4.81481382733028,105.239260949885,68.5692397469288,36.6700212029565,5.75342465753425,9.44499999693804,1.50000000033984,12.0902089180494,38.4939087669029,30.1508657183529,8.86057299220792,82.2703303383765,22.9689306115088,8.85840088407281,34.44,56.68,20.33,NA,NA,0.136887690967683,0.0096868091939991,NA,NA,NA,14.11,9.68577767986958,NA
"ARIC","PNM","CAN",127.1428571,113.2548111,5.68767123287671,154.4785714,15.21437662,12.15,78.6516854197702,88.2964697293994,12.1500000018483,13.639912503461,1.19663636377415,1.34337574467951,"ARIC.PNM.CAN","DRY","ARIC_DRY_CAN","DRY_CAN",58.9833066067273,29.3131631226721,5.82496581059048,79.7420436749948,49.4214826643261,30.3205610106687,4.28496117860606,120.305706694652,51.4288238590787,68.8768828355737,5.91780821917808,12.1500000018483,1.19663636377415,5.76843306927636,50.5783772542685,37.7180924751309,9.1558680485542,80.2504334633437,40.0552732313087,8.91537736172102,NA,NA,NA,0.29,0.304470585273791,0.206382022541477,0.0115500000038933,0.4461,1.8813,3.3323,NA,NA,NA
"ARRP","PNM","CAN",124.4482899,132.9092239,5.03013698630137,136.0219809,11.92836859,10.93,80.3546598192347,75.2393227991756,10.9300000031579,10.2342017287184,0.958500000247894,0.897482374810557,"ARRP.PNM.CAN","DRY","ARRP_DRY_CAN","DRY_CAN",48.2799687060185,26.9593540931571,5.41041210586688,35.5919422896445,22.40461608052,13.1873262091245,4.27712956169271,104.278614473566,53.5800772963813,50.6985371771851,7.0027397260274,10.9300000031579,0.958500000247894,20.2868045699592,40.3401910547367,34.8991317444388,9.04602092929044,61.6716302066107,42.6069842669557,8.95358497126481,19.84,68.5,10.25,0.21,0.358282489519884,0.203377644002483,0.00896436584943382,0.2868,2.8084,2.8234,9.59,7.21545105644094,0.0343592907449568
"ASTG","PNM","CAN",136.8332879,116.2074414,8.90958904109589,206.9603479,10.20776327,15.125,73.0816320609658,86.0530089943104,15.1249999964373,17.8095606793043,0.745999999463581,0.878408744485101,"ASTG.PNM.CAN","DRY","ASTG_DRY_CAN","DRY_CAN",41.7579769278828,44.2950320664276,6.22950655293578,17.7511155296699,9.8445522527504,7.90656327691947,3.58690605166588,34.629534013895,10.9956834739163,23.6338505399787,5.03013698630137,15.1249999964373,0.745999999463581,3.26266820164722,59.331627231584,26.7213817627264,8.89738853096834,19.8629105847249,14.7666234291701,8.88443063796124,17.92,69.69,8.34,0.13,0.661946223033157,0.228233936926396,0.0143744262100714,0.5417,3.1908,4.827,9.58,8.24387826165494,0.0634144481665764
"BONM","PNM","CAN",178.5772418,174.8646688,5.88493150684932,138.1741408,25.09010247,7.7375,55.9981770308651,57.1870811217869,7.73749999760608,7.90177579886281,1.40499999983761,1.43482972530584,"BONM.PNM.CAN","DRY","BONM_DRY_CAN","DRY_CAN",31.5170110034609,25.670070118326,5.78066579935651,144.14903419884,97.0553016780278,47.0937325208123,5.68992331531495,86.5625158882793,55.2182429226217,31.3442729656576,3.51780821917808,7.73749999760608,1.40499999983761,6.83667605846195,30.0232573386557,27.1638237831312,8.72146933816434,68.176344867268,18.3861710210113,8.77461566940751,NA,NA,NA,0.16,0.357419257011168,0.155170948552527,0.0102185473445923,0.3353,2.2009,2.1801,NA,NA,NA
"CAS4","PNM","CAN",115.6205288,116.8281394,5.91780821917808,197.1330016,10.49256299,17.05,86.4898310342272,85.5958166530554,17.049999999654,16.8737602612201,0.907500000121086,0.898119497912675,"CAS4.PNM.CAN","DRY","CAS4_DRY_CAN","DRY_CAN",58.4341329838012,27.1616836692542,4.54442064606692,59.5726517580494,30.2480803871223,29.3245713709271,3.56430566746984,89.7397531275365,23.2006205850433,66.5391325424932,31.0684931506849,17.049999999654,0.907500000121086,11.1323946617567,62.0314659567775,23.5643506962779,8.70280093153622,48.837674555077,40.9020785724595,9.11900928790416,34.01,53.48,15.79,0.35,0.244559476151587,0.208440492792488,0.0148035994798183,0.5128,3.3586,3.2511,18.22,15.5955577941867,0.0445587365548191
"CECL","PNM","CAN",113.6589317,110.2346096,2.92602739726027,233.7111783,21.25422023,20.5625,87.982526761687,90.7156113337385,20.5624999992851,21.2012524150129,1.87000000018476,1.92808958158636,"CECL.PNM.CAN","DRY","CECL_DRY_CAN","DRY_CAN",83.8032069092894,6.91240442444909,2.14143487027587,60.6718361570752,43.048431673406,17.6234044836693,2.96912954255429,67.9804169112118,47.9309461273936,20.0494707838182,2.92602739726027,20.5624999992851,1.87000000018476,7.00786924189833,69.5553416230602,21.1602697106783,8.23970506510768,56.3035626306707,11.6768542805411,8.69514605447262,25.54,56.61,10.92,NA,NA,0.240016333005882,0.0173545534037428,NA,NA,NA,14.62,13.2626223769926,NA
"CECP","PNM","CAN",137.9364469,146.3030198,3.74794520547945,248.9752867,11.78896833,18.05,72.4971552098171,68.3512890825511,18.0500000032986,17.0177817956427,0.854666666783629,0.80579118230887,"CECP.PNM.CAN","DRY","CECP_DRY_CAN","DRY_CAN",54.2662654172326,14.0850236653185,2.80343041189622,89.7397531275365,41.3995943298314,48.3401587977051,3.49623638364091,43.9754769802749,26.0966902869514,17.8787866933235,2.97534246575342,18.0500000032986,0.854666666783629,3.91050368514359,51.5376341541497,16.8136549284015,8.18788252769468,26.1814396212525,17.7940373590225,8.80242212333869,27.54,62.51,14.23,NA,NA,0.216331511146094,0.0119903045001517,NA,NA,NA,13.31,9.09755657688755,NA
"CHRC","PNM","CAN",73.0393627,81.35756601,5.01369863013699,82.89967666,3.794394892,11.35,136.912476099685,122.914198278386,11.3499999993839,10.1895472942013,0.519499999963718,0.466385006101782,"CHRC.PNM.CAN","DRY","CHRC_DRY_CAN","DRY_CAN",78.1102546144508,44.803943663935,8.51397815472563,79.1286628909286,30.4423505770213,48.6863123139072,4.508699660349,140.674859667466,62.8097789934961,77.8650806739695,35.8027397260274,11.3499999993839,0.519499999963718,6.30502482911808,40.7440519775912,82.1701463007946,10.2701393740831,41.7348255061306,98.9400341613349,9.09704873285041,37.96,55.41,24.04,0.31,0.396497413801244,0.233025034321664,0.0138486969574832,1.0472,4.1958,5.38985,13.92,17.1096564003513,0.0551924400011332
"COMF","PNM","CAN",124.4205919,143.3056316,5.06301369863014,197.5176897,23.63991246,15.875,80.3725480428292,69.7809282744196,15.8750000047219,13.7829677378848,1.89999999991963,1.64961503578482,"COMF.PNM.CAN","DRY","COMF_DRY_CAN","DRY_CAN",54.0420509542564,15.7388773201632,3.32841103491338,120.305706694652,82.5378946740293,37.7678120206231,3.74807440051606,110.776118307449,51.9662544990909,58.8098638083581,4.93150684931507,15.8750000047219,1.89999999991963,5.05484614787931,52.6946602648423,17.0862680095773,8.24816365099949,90.7445318763632,20.0315864310858,8.81828180422987,23.15,63.28,11.22,NA,NA,0.189357723188906,0.0126417980816566,NA,NA,NA,11.93,8.32486474313826,NA
"CORA","PNM","CAN",105.7057487,118.2462252,5.75342465753425,222.510601,7.616099192,21.05,94.6022342491577,84.5692958323713,21.0499999987229,18.8175648418077,0.720499999826405,0.644088145656932,"CORA.PNM.CAN","DRY","CORA_DRY_CAN","DRY_CAN",59.3026476401483,25.2666481922231,3.85506528118175,90.7156113337385,34.3628371318046,56.3527742019339,3.32593136704437,98.4080920517481,32.8577089018387,65.5503831499094,7.56164383561644,21.0499999987229,0.720499999826405,14.80230344826,65.8454894044228,18.7238064279485,8.40686790800393,41.1295412580783,57.2785507936698,8.97707029257598,30.31,54.85,12.08,0.243333,0.347545527455673,0.242749333083339,0.014764570699266,0.7111,2.076033333,3.137766667,18.23,15.4169826302413,0.0633575496551692
"DOL2","PNM","CAN",120.2180275,129.7101412,4.94794520547945,100.3519985,13.93326939,8.3475,83.1821999408533,77.0949742825505,8.34750000369121,7.73663474356005,1.15900000022875,1.0741850452939,"DOL2.PNM.CAN","DRY","DOL2_DRY_CAN","DRY_CAN",48.6498258207051,28.4451484618455,6.60902508768525,53.0961781915174,36.5179681602245,16.5782100312928,5.0295458138229,48.7659521731962,22.8967361988717,25.8692159743245,9.22191780821918,8.34750000369121,1.15900000022875,15.3283625965785,31.0441456881456,46.050828594405,9.39928448995567,37.3054033759344,11.4605487972618,8.93765415734791,NA,NA,NA,0.3325,0.231864584308423,0.118285088315893,0.00771930815451119,0.868275,4.750725,3.535075,NA,NA,NA
"DOLO","PNM","CAN",141.3323433,164.8211202,7.03561643835616,127.6761056,0.722208274,9.03375,70.755212618059,60.6718361570752,9.03374999797375,7.74634376013663,0.0510999999813914,0.0438177020714121,"DOLO.PNM.CAN","DRY","DOLO_DRY_CAN","DRY_CAN",11.7790753456495,48.8927608114258,6.97123642520431,96.3221855664185,15.6876363046866,80.6345492617319,5.31851535165197,101.220722674611,2.25359587826361,98.9671267963476,12,9.03374999797375,0.0510999999813914,5.26290101109778,26.3153757283615,34.3564604287137,8.45229955325203,3.44402300438811,97.7766996702231,9.0180889252273,NA,NA,NA,NA,NA,0.115967793480999,0.00697646396414061,NA,NA,NA,NA,NA,NA
"DRSE","PNM","CAN",199.3770409,244.2187883,1.97260273972603,257.6948254,16.00000754,12.925,50.1562263882511,40.9468905714,12.9250000018432,10.5518018164698,0.802500000389965,0.655150557881955,"DRSE.PNM.CAN","DRY","DRSE_DRY_CAN","DRY_CAN",34.964145332626,5.98274523877401,1.67642320553523,43.9754769802749,25.2332373871352,18.7422395931398,3.73182940305534,107.958879828137,92.4951980762361,15.4636817519013,8.51506849315068,12.9250000018432,0.802500000389965,2.59910573548176,28.0970008348527,12.8498897365473,7.65083034786345,53.5571454290071,54.4017343991302,8.97811159897171,NA,NA,NA,0.45,0.0909930901586666,0.0985569848529134,0.00838461636532394,0.1737,0.9094,1.7475,NA,NA,NA
"FIIN","PNM","CAN",77.29680051,71.08590706,3.02465753424658,211.0202654,18.89906772,27.3,129.371460836937,140.674859667466,27.3000000009962,29.6852462221363,2.4449999993926,2.65862369935693,"FIIN.PNM.CAN","DRY","FIIN_DRY_CAN","DRY_CAN",134.672621162781,6.0022385046841,2.11762747921979,39.0559453139279,29.1862688971043,9.86967641682352,2.44625391096867,149.129125056068,35.8578699151571,113.271255140911,9.36986301369863,27.3000000009962,2.4449999993926,21.1779939393383,112.045231593135,28.6296280743302,8.63534373536088,124.441515829372,24.6876092266961,8.91070156255342,27.25,59.9,8.55,0.4,0.351687149168664,0.273491268209285,0.0225740262014371,0.67855,6.59805,5.805525,18.7,26.3061987578161,0.0657654968945402
"FORS","PNM","CAN",125.6437546,98.79399925,3.51780821917808,219.8765706,18.77676111,17.5,79.5901080148078,101.220722674611,17.5000000039795,22.2560653753472,1.49444444491314,1.90059732904274,"FORS.PNM.CAN","DRY","FORS_DRY_CAN","DRY_CAN",89.3917217597996,11.8290009148117,3.22231706578415,15.608121299586,11.5587656210477,4.04935567853832,3.00168878334786,69.7809282744196,10.1302854016555,59.6506428727642,6.01643835616438,17.5000000039795,1.49444444491314,20.4176549112753,69.4074260343613,31.81329664025,8.78559321113559,54.0302957901319,15.7506324842877,8.85392872050937,22.54,63.02,12.94,NA,NA,0.22778688913838,0.0130838178565542,NA,NA,NA,9.6,9.71718937676268,NA
"GOUL","PNM","CAN",253.8095238,270.1239596,3.02465753424658,240.9921429,12.30075167,9.495,39.3996247669568,37.0200407798257,9.49500000204484,8.92153895777559,0.484645000149518,0.45537432844591,"GOUL.PNM.CAN","DRY","GOUL_DRY_CAN","DRY_CAN",22.9199416280963,14.1000991517295,2.88938037464837,35.9228981692434,16.8161933867954,19.1067047824481,4.57844143691506,73.5773798883119,26.0294113472558,47.5479685410561,13.841095890411,9.49500000204484,0.484645000149518,3.63838669727348,20.8092336943669,16.2108070854588,8.12851707939913,25.1899151609462,48.3874647273657,9.02024245414219,23.13,60.45,9.28,0.19,0.19484231989382,0.133801125708585,0.00704544090082722,0.3596,1.4943,2.2376,13.85,5.12727564800586,0.026985661305294
"GUAU","PNM","CAN",127.7546628,175.731909,6.60821917808219,247.5246593,13.47811693,19.375,78.2750295044417,56.9048618256346,19.3750000097844,14.0853565359038,1.05500000036007,0.766970381571397,"GUAU.PNM.CAN","DRY","GUAU_DRY_CAN","DRY_CAN",35.8723957603356,21.032466065299,3.05914986555971,49.6651877489566,27.0003773759061,22.6648103730505,3.30724009513356,190.566764863116,88.1289491869774,102.437815676139,19.9890410958904,19.3750000097844,1.05500000036007,13.9031643145374,46.2321846452042,10.6726771804305,7.99342431530255,98.5069311675788,92.0598336955374,9.08417737062508,21.82,44.46,9.65,NA,NA,0.17940636762418,0.0118688427237585,NA,NA,NA,12.17,6.92532168417974,NA
"LUE1","PNM","CAN",95.65074329,101.188022,6.11506849315068,147.8601073,34.29079147,15.45833333,104.547018204358,98.825926254394,15.4583333295914,14.6124120599966,3.58500000005593,3.38881922901902,"LUE1.PNM.CAN","DRY","LUE1_DRY_CAN","DRY_CAN",82.3578279985768,16.4680982558172,4.32362133112887,96.0792798562051,75.7481857100042,20.3310941462009,3.79178199599232,59.3917942919117,33.7496557895307,25.642138502381,7.98904109589041,15.4583333295914,3.58500000005593,4.55609485945408,73.349959839088,25.4759664153061,8.54258065878447,55.9580852341643,3.43370905774734,8.81623073209066,31.89,59.02,15.97,0.2275,0.43439967584349,0.184316393094283,0.0161420596107529,0.680725,2.90895,3.354125,15.92,15.7330874596995,0.0691564283942836
"MACR","PNM","CAN",224.1964497,247.8643932,5.91780821917808,279.1245799,23.12586379,12.45,44.6037393249586,40.3446411600196,12.4500000010482,11.2611810150067,1.03150000015366,0.933004676123041,"MACR.PNM.CAN","DRY","MACR_DRY_CAN","DRY_CAN",21.674447216027,18.6701939439926,3.09465844168216,96.5625133805468,52.410115291264,44.1523980892827,4.31198710760675,90.6639893856549,19.5520186550917,71.1119707305632,3.02465753424658,12.4500000010482,1.03150000015366,3.56765608919467,30.5327374961622,9.81190366385743,7.83664081938792,57.3285752681355,33.3354141175194,8.82077881653987,NA,NA,NA,NA,NA,0.198129810081466,0.0119850247566164,NA,NA,NA,NA,NA,NA
"MIKL","PNM","CAN",131.6252343,126.8645936,7.0027397260274,192.1728421,2.790454968,14.6,75.9732740699858,78.8241992208613,14.6000000016714,15.1478703905295,0.212000000063818,0.219955378314474,"MIKL.PNM.CAN","DRY","MIKL_DRY_CAN","DRY_CAN",32.7302771784873,46.093922042374,6.05135090039707,62.1200138939114,13.3378016103391,48.7822122835723,3.9973504096047,73.415800759049,52.0812156892506,21.3345850697985,5.53972602739726,14.6000000016714,0.212000000063818,13.3916024271016,48.6729517065002,30.1512475143611,8.70391941499769,8.73572085411264,64.6800799049364,8.97509237613789,33.64,53.57,12.02,0.37,0.213038376272598,0.143019688436748,0.0100835528009389,0.935,2.5139,3.3653,21.62,17.0417918715502,0.0460588969501357
"PACK","PNM","CAN",135.0043643,148.8447656,12.2301369863014,201.8315246,3.812523247,14.95,74.0716794738465,67.1840891393765,14.949999997889,13.5598671398627,0.282399999938372,0.256140901672393,"PACK.PNM.CAN","DRY","PACK_DRY_CAN","DRY_CAN",17.7410335993069,49.4430555400696,5.78113645066141,25.4202550215349,7.03479030176857,18.3854647197663,3.75208243113287,125.154815630852,95.7635937214495,29.3912219094021,4.94794520547945,14.949999997889,0.282399999938372,4.05880465957225,47.6515461496078,19.5325429897687,8.53334951851803,18.3125299629445,106.842285667907,8.99550672417822,NA,NA,NA,0.25,0.268736356557506,0.260065666632675,0.0109107583864976,0.2661,2.4866,2.7562,NA,NA,NA
"PASV","PNM","CAN",206.5374823,227.3994664,2.00547945205479,130.2218826,24.34044229,6.305,48.4173617720138,43.9754769802749,6.30500000047691,5.72656940060436,1.17850000004575,1.0703825596136,"PASV.PNM.CAN","DRY","PASV_DRY_CAN","DRY_CAN",36.1031625157892,7.8723144644857,3.04800683290451,44.2913385783178,32.706013929341,11.5853246489768,5.24165775214446,103.989385518905,63.0588063815537,40.9305791373514,18.1643835616438,6.30500000047691,1.17850000004575,3.57196566511349,15.8778594135858,28.0976175666891,8.48809232914566,74.5977693242049,29.3916161947002,9.110534558736,20.68,62.98,9.78,0.17,0.258679276354558,0.165393707813199,0.00944816397619077,0.195,1.1095,1.6738,10.9,4.79332699084997,0.0281960411226469
"PHI?","PNM","CAN",245.6556886,251.9749969,2.97534246575342,270.6511549,4.028753293,11.0175,40.7073821778373,39.6864773212743,11.0174999993874,10.7411909209155,0.163999999998372,0.159887026195653,"PHI?.PNM.CAN","DRY","PHI?_DRY_CAN","DRY_CAN",21.8341937102626,17.8522836110116,3.03708539543387,150.381107057531,31.3852644448968,118.995842612634,4.80479659094541,87.2557038689327,45.8115984825081,41.4441053864245,7.16712328767123,11.0174999993874,0.163999999998372,3.43207028303971,22.6263655813195,17.0601117399548,7.89824305547539,7.5500896222524,79.7056142466803,9.01270802755618,24.77,58.62,15.22,0.27,0.146986953041756,0.114224914391012,0.0105236724406145,0.1507,1.3104,2.1129,9.55,3.79005858418169,0.0140372540154877
"PHOC","PNM","CAN",111.3237756,113.6999365,8.28493150684931,205.9489849,9.440256174,18.5,89.8280708330557,87.9507967007528,18.5000000035931,18.1133773016663,0.848000000280264,0.8302780515625,"PHOC.PNM.CAN","DRY","PHOC_DRY_CAN","DRY_CAN",50.2122855428605,37.7385111578923,5.22445375663702,80.0349470995811,35.7260143125713,44.3089327870099,3.54345376544174,40.3446411600196,33.7319693769626,6.61267178305702,31.9232876712329,18.5000000035931,0.848000000280264,7.83686788102907,66.5770014987464,21.3737952020063,8.6628227604397,23.6857381002063,16.6589030598133,9.08844883489722,35.41,55.63,17.84,0.18125,0.485245774900705,0.217383931415995,0.0113470819076316,1.032925,3.057575,4.48135,17.57,15.4529549803223,0.0852576826500538
"PITC","PNM","CAN",147.1220764,183.491394,8.31780821917808,147.4163206,15.66850114,10.02,67.9707644474218,54.4984687401743,10.0200000032082,8.03396374001061,1.0650000002311,0.853909319583675,"PITC.PNM.CAN","DRY","PITC_DRY_CAN","DRY_CAN",22.9584878109963,31.5399809291779,5.30557158399011,83.5847332949368,49.4638652125809,34.1208680823558,4.86384672506619,49.6651877489566,26.2823683656016,23.3828193833551,14.1041095890411,10.0200000032082,1.0650000002311,6.68594545656066,35.1706919930648,19.3277767471095,8.52286056678566,35.3411387191326,14.324049029824,9.02469107053806,25.83,59.52,9.04,NA,NA,0.215535294062775,0.00973273376122634,NA,NA,NA,16.79,9.15029290147526,NA
"PPRE","PNM","CAN",149.4026217,166.6857793,7.92328767123288,134.0515023,9.031388483,8.9725,66.9332297265838,59.9931202409419,8.97249999863958,8.0421678959628,0.604500000082663,0.541821175203277,"PPRE.PNM.CAN","DRY","PPRE_DRY_CAN","DRY_CAN",21.077343113123,38.9157771278189,6.41013536562942,125.154815630852,50.9382623688718,74.2165532619799,5.26470418431648,68.3512890825511,40.6894045141022,27.661884568449,31.8246575342466,8.97249999863958,0.604500000082663,4.86928159106907,30.5614455190994,29.4316747218424,9.00956029970208,29.935099209328,38.4161898732232,9.10398554441425,25.33,62.39,9.47,0.16,0.374957001505887,0.177172259086267,0.0171101415150066,0.7772,3.6458,5.6309,15.86,9.51490887021338,0.0594681804388336
"SECD","PNM","CAN",162.670977,156.9126303,10.9479452054795,259.4602083,15.04706537,15.95,61.4737809068424,63.7297327874823,15.9499999990779,16.5353297439435,0.924999999846316,0.958945455265879,"SECD.PNM.CAN","DRY","SECD_DRY_CAN","DRY_CAN",26.4343122375547,37.2954205499276,4.81696754345707,91.9718596938304,43.2050586712346,48.7668010225958,3.8955742130205,51.3868469033464,9.73209242758284,41.6547544757635,11.013698630137,15.9499999990779,0.924999999846316,11.9121468987125,49.6847965766988,14.0449362107835,8.30900971860931,31.7253127364662,19.6615341668802,8.97933931146571,NA,NA,NA,0.15,0.424864885249882,0.171942165196438,0.007717418455045,0.4724,6.7349,6.0464,NA,NA,NA
"SERA","PNM","CAN",190.5442009,204.6620256,8.05479452054795,263.4273578,42.77717311,13.825,52.4812613176726,48.8610428372502,13.8250000029258,12.8713354139694,2.24500000041723,2.09013728778418,"SERA.PNM.CAN","DRY","SERA_DRY_CAN","DRY_CAN",28.6773734442245,20.1836693930258,3.49292674216393,39.6864773212743,30.0536371165238,9.63284020475041,3.88066107143893,57.6666863281234,41.1763302867304,16.4903560413929,8.81095890410959,13.8250000029258,2.24500000041723,2.75243213477752,38.4815198950659,10.3795229421843,7.85671157890726,51.6169648960126,6.04972143211079,8.89412381568907,NA,NA,NA,0.28,0.174503724418751,0.122963595267307,0.00867987580932987,0.4362,1.8507,2.4058,NA,NA,NA
"SPOM","PNM","CAN",110.921297,118.4880844,5.68767123287671,143.0884731,10.62071418,12.9,90.1540125337698,84.3966720420707,12.8999999972954,12.0761909372214,0.957499999301306,0.89635293150203,"SPOM.PNM.CAN","DRY","SPOM_DRY_CAN","DRY_CAN",54.3476838022561,30.0489882398146,5.54552912950355,75.2393227991756,41.1224747523685,34.1168480468071,4.15804798311498,70.8060930138463,51.0911484050903,19.7149446087561,32.9095890410959,12.8999999972954,0.957499999301306,6.93617816609745,50.4132482898175,33.9834237522533,9.04720589422986,43.2176084623492,27.5884845514971,9.13178997785091,NA,NA,NA,0.231667,0.364301657301518,0.14731165648018,0.0120382652936343,0.887,2.980675,5.476166667,NA,NA,NA
"STIH","PNM","CAN",134.3040671,168.373428,4.93150684931507,151.3942596,14.76673218,11.2725,74.4579089518876,59.3917942919117,11.2724999971352,8.99157672313947,1.09950000017535,0.877022719998312,"STIH.PNM.CAN","DRY","STIH_DRY_CAN","DRY_CAN",38.1036205860071,21.2881737059046,4.23121488264831,41.7879433747542,27.5465714053783,14.2413719693759,4.22483106341278,94.3908744820573,59.7190357302113,34.6718387518461,12.2301369863014,11.2724999971352,1.09950000017535,18.5954825294992,38.0689783109859,21.3228159809258,8.44979174740028,62.900019818743,31.4908546633143,9.02074260692829,NA,NA,NA,0.21,0.282818068056722,0.118164701506646,0.0102982733871356,0.3404,2.0007,3.2288,NA,NA,NA
"STIR","PNM","CAN",191.434644,238.987051,6.54246575342466,82.41261424,31.96958555,4.305,52.2371488830413,41.8432712490352,4.30499999989553,3.44841337198642,1.67000000010447,1.33771203988789,"STIR.PNM.CAN","DRY","STIR_DRY_CAN","DRY_CAN",19.4868699447808,22.3564013042544,7.14061933846631,67.1840891393765,52.3841917791851,14.7998973601914,7.97560681241142,193.37300684938,150.724113083511,42.6488937658691,11.013698630137,4.30499999989553,1.67000000010447,6.13556847688599,18.1285375995773,23.7147336494578,8.51465689169453,154.756072280796,38.6169345685837,9.00237698837976,30.18,55.79,11.63,0.15,0.278955141660234,0.151331020314171,0.0114806805815148,0.2907,1.5778,1.7185,18.55,7.76192681669602,0.0517461787779735
"TRIO","PNM","CAN",229.0811456,243.6192742,4.04383561643836,214.4772226,41.57822792,9.3625,43.6526540576197,41.0476553336682,9.36250000139688,8.80378711020723,1.81499999972062,1.70668876904486,"TRIO.PNM.CAN","DRY","TRIO_DRY_CAN","DRY_CAN",29.2908234199185,11.7568319137497,3.00122293394927,88.2964697293994,66.0359555948205,22.2605141345789,4.76445991480398,80.8896778702694,43.068765088032,37.8209127822374,6.54246575342466,9.36250000139688,1.81499999972062,1.819669267213,27.634494408072,13.4131609255961,7.86361778362928,69.3107645050367,11.5789133652327,8.85672482061756,12.96,69.61,5.63,0.22,0.186580251516674,0.179587018793047,0.0137986039476136,0.2752,1.9696,2.8028,7.33,3.00879313595788,0.0136763324361722
"TYNC","PNM","CAN",118.2912184,147.1011867,5.32602739726027,128.493836,17.62539154,10.8625,84.5371290892038,67.9804169112118,10.862500001099,8.73506454180087,1.48999999986474,1.19818146511254,"TYNC.PNM.CAN","DRY","TYNC_DRY_CAN","DRY_CAN",45.7182340627338,22.262182848478,4.80907448218695,91.3426039036825,62.0616432603822,29.2809606433004,4.54565623512625,96.0792798562051,25.293921046549,70.7853588096561,3.15616438356164,10.862500001099,1.48999999986474,13.8119630629431,42.2334520262158,25.746964884996,8.65693627957916,74.7655119904439,21.3137678657612,8.74175808299592,20.66,68.57,12.55,0.23,0.295567030048747,0.221233666826446,0.0105375531409693,0.3107,1.9216,2.432,8.11,5.51321181149927,0.0239704861369534
"UREC","PNM","CAN",189.9878334,201.3482774,2.95890410958904,236.5348526,38.6625241,12.45,52.6349494125027,49.6651877489566,12.4500000008948,11.7475478635508,2.03500000016317,1.92018151827506,"UREC.PNM.CAN","DRY","UREC_DRY_CAN","DRY_CAN",42.5988823453576,7.06630540359905,2.15238012481027,37.0200407798257,28.8548967675552,8.16514401227055,3.68079579528793,38.5633923455468,7.81099695001538,30.7523953955314,8.31780821917808,12.4500000008948,2.03500000016317,30.3665161787127,35.7971594331685,13.8680283157881,7.80232834604755,34.5294961220565,4.03389622349029,8.86389408108753,NA,NA,NA,0.41,0.121134604265748,0.151746559156245,0.0147114683607945,0.1339,0.4606,0.9887,NA,NA,NA
"VITT","PNM","CAN",145.9272079,158.5033023,3.15616438356164,149.8672425,13.27937592,10.27,68.527316762291,63.0901681850953,10.2699999990886,9.45514953476146,0.91000000007538,0.837798060185904,"VITT.PNM.CAN","DRY","VITT_DRY_CAN","DRY_CAN",47.8160694700197,15.2740987150756,3.82400347976062,109.851467053254,60.7899062144311,49.0615608388226,4.63009313318305,85.8916656237629,37.6629689854536,48.2286966383093,8.94246575342466,10.2699999990886,0.91000000007538,6.88786469058504,31.3267907247429,31.7633774603524,8.83655942202305,50.8699534518028,35.0217121719601,8.9818050905946,NA,NA,NA,0.24,0.26287570077123,0.143359146666713,0.00910522457820561,0.3713,2.0637,2.3167,NA,NA,NA
"AMPP","PNM","UNDER",535.2625392,563.3448773,5.03013698630137,171.6408542,8.055701215,3.206666667,18.6824208078263,17.7511155296699,3.20666666597915,3.04681663251542,0.150500000000747,0.142997682939967,"AMPP.PNM.UNDER","DRY","AMPP_DRY_UNDER","DRY_UNDER",4.21361184707883,13.537503682591,6.88148446183999,86.3543798571003,24.3974101181982,61.9569697389021,15.2917126742038,59.9931202409419,42.5313194971149,17.461800743827,3.74794520547945,3.20666666597915,0.150500000000747,12.8551180640404,3.6115981076375,14.1395174220324,8.34048267913663,6.99663961684809,52.9964806240938,8.98583048950586,27.97,58.61,12.7,NA,NA,0.0569627010430623,0.00403764478498741,NA,NA,NA,15.27,2.71059534138059,NA
"ANAE","PNM","UNDER",189.8346477,328.5332145,7.98904109589041,68.56194692,2.951928771,3.611666667,52.6774228053628,30.4383226981149,3.61166666626368,2.08691066516199,0.155499999961282,0.0898517605135477,"ANAE.PNM.UNDER","DRY","ANAE_DRY_UNDER","DRY_UNDER",5.7504696540059,24.687853044109,11.3867629004522,115.207012626158,29.3990427554364,85.8079698707217,14.7648842519934,51.1864198251392,29.3949337910768,21.7914860340624,6.11506849315068,3.61166666626368,0.155499999961282,8.69245347158029,5.35032844821654,25.0879942498984,8.99095791600628,6.24179340123435,44.9446264239049,8.99678432104831,30.57,60.41,13.95,0.16,0.190239516863218,0.0808071665834266,0.00847263668401456,0.6281,3.377,4.6209,16.62,5.0588492324267,0.0316178077026669
"ANNS","PNM","UNDER",397.7819408,456.4214559,5.53972602739726,207.8410641,10.97878157,5.225,25.139401703075,21.9095747378514,5.22500000080446,4.55370932749352,0.276000000098546,0.240540435338461,"ANNS.PNM.UNDER","DRY","ANNS_DRY_UNDER","DRY_UNDER",8.608926749455,13.3006479883964,5.98848150437215,40.9682016740353,15.6604972005092,25.3077044735261,11.362051662109,48.0845654481913,14.4608314782552,33.623733969936,3.02465753424658,5.22500000080446,0.276000000098546,7.50289719886054,9.25980675732729,12.6497679805241,8.13499378359111,11.3102392723203,36.774326175871,8.94397214517892,19.28,70.44,8.1,0.21125,0.103713963256101,0.0651864686160735,0.00400445529728282,0.5454,4.182925,3.03285,11.18,2.44949045569179,0.0115952210920321
"ASTG","PNM","UNDER",277.2232845,317.6323744,9.13972602739726,124.380847,10.43191219,4.486666667,36.0720060655655,31.4829368980091,4.48666666742418,3.91587435742192,0.376299999793127,0.328427233203342,"ASTG.PNM.UNDER","DRY","ASTG_DRY_UNDER","DRY_UNDER",9.30769367050287,22.1752432275062,10.8013239949653,73.1534502573897,31.0887216177469,42.0647286396429,13.467987591887,134.321969535315,46.1779836557603,88.1439858795549,5.91780821917808,4.48666666742418,0.376299999793127,20.2665716534559,10.4653234084475,21.0176134895616,8.69308464719489,35.0540575160646,99.2679120192506,9.00491800959042,18.51,68.92,7.35,0.08,0.393536711225114,0.0971058403285024,0.00658314110696571,0.4049,1.4134,4.3196,11.16,3.51349575781782,0.0439186969727227
"CAS4","PNM","UNDER",527.4770174,640.6920992,4.24109589041096,201.7599591,13.92539326,3.825,18.9581719584509,15.608121299586,3.82499999894782,3.14909391503231,0.264000000012133,0.217349227146518,"CAS4.PNM.UNDER","DRY","CAS4_DRY_UNDER","DRY_UNDER",5.98809953672202,9.620021762864,5.21053343583759,70.8060930138463,27.5464987342526,43.2595942795937,13.8360244885639,68.6447744852557,24.9542314623591,43.6905430228967,3.32054794520548,3.82499999894782,0.264000000012133,4.14081334528704,5.22184442784302,10.386276871743,7.91928877583458,15.0820529330898,53.562721552166,8.96611317141832,37.77,51.27,9.78,0.28,0.0557432903556644,0.0514145623513189,0.0039982784660373,0.1869,1.7105,1.3536,27.99,4.36871315175413,0.0156025469705505
"CHRC","PNM","UNDER",177.7428065,213.9304232,12,139.4984793,6.48583501,7.848333333,56.2610673079476,46.7441696717029,7.84833333325363,6.52074058534373,0.364900000045853,0.303174972170111,"CHRC.PNM.UNDER","DRY","CHRC_DRY_UNDER","DRY_UNDER",15.4193455816088,31.3248240900941,10.8354095221806,41.8432712490352,15.5772827964183,26.2659884526169,9.39758248371239,33.4387602492964,10.8337931391821,22.6049671101143,18.8054794520548,7.84833333325363,0.364900000045853,10.2080702148448,24.1992002278598,22.5449694438431,8.79443392006673,10.5457183582956,22.8930418910008,9.01036843818128,34.05,53.69,16.95,0.2,0.233720848358514,0.106558461481253,0.00752548036311107,0.7403,3.7549,5.252,17.1,7.99325301386119,0.0399662650693059
"CORA","PNM","UNDER",303.0459105,402.8590957,7.98904109589041,181.2719621,7.318558738,5.981666667,32.9983004340855,24.8225747084702,5.98166666565197,4.49963682177823,0.241499999981026,0.181665471032332,"CORA.PNM.UNDER","DRY","CORA_DRY_UNDER","DRY_UNDER",7.37620710973284,17.4463675987374,6.66400235714337,86.0530089943104,24.8143615297367,61.2386474645737,11.1806454856045,40.9468905714,25.7503880382748,15.1965025331251,5.88493150684932,5.98166666565197,0.241499999981026,8.35296641441601,12.3056183116086,12.5169563968616,8.09749104227057,8.16050836781472,32.7863822035853,8.97711851851058,42.19,47.56,17.26,0.125,0.198580597667762,0.0908113227946034,0.00472865645220446,0.200833333,0.9584,1.071666667,24.93,6.18826787482162,0.049506142998573
"DIOG","PNM","UNDER",180.345826,188.3374725,7.0027397260274,129.1877267,8.648584276,7.163333333,55.4490238105095,53.0961781915174,7.16333333381389,6.85937455702025,0.479555555447122,0.459206771822851,"DIOG.PNM.UNDER","DRY","DIOG_DRY_UNDER","DRY_UNDER",29.8925101805712,23.2036680109462,10.7794226519437,166.634776658559,63.7340185918122,102.900758066747,10.7322460800534,54.1725412611864,48.4244480169251,5.74809324426133,7.67671232876712,7.16333333381389,0.479555555447122,5.1415565100921,20.4575329451545,32.6386452463628,9.1634403778678,20.985211486746,33.1873297744405,8.97909908677909,35.81,45.31,17.69,NA,NA,0.0973130367874441,0.00697936862702883,NA,NA,NA,18.12,9.62102748830295,NA
"DOL1","PNM","UNDER",210.1494049,243.5156704,9.92876712328767,86.40643032,3.509495062,4.111666667,47.5851930428188,41.0651190684113,4.11166666691808,3.54829034936718,0.16700000000809,0.144117832591031,"DOL1.PNM.UNDER","DRY","DOL1_DRY_UNDER","DRY_UNDER",7.4980185842277,33.5671004841836,14.3847256630374,116.491627787367,28.9830174581164,87.5086103292501,13.820722827576,127.438174343663,25.4952365668924,101.942937776771,5.06301369863014,4.11166666691808,0.16700000000809,21.8597417949347,7.22740372058368,33.8377153478276,9.36072805372332,12.4585202506896,114.979654092974,9.01888916926693,35.56,49.2,15.36,NA,NA,0.0793721019954218,0.00443398828772986,NA,NA,NA,20.2,8.29515405181908,NA
"DOLD","PNM","UNDER",220.3259944,289.9661438,8.53150684931507,86.88188379,3.489963751,3.943333333,45.3872908969837,34.4867847982189,3.94333333325466,2.99627682912959,0.158399999986565,0.120357628834322,"DOLD.PNM.UNDER","DRY","DOLD_DRY_UNDER","DRY_UNDER",6.70597136252714,27.7808134356918,12.2310882904017,98.825926254394,24.7305636554208,74.0953625989732,13.9408270257199,86.3543798571003,69.2650439426041,17.0893359144963,2.00547945205479,3.94333333325466,0.158399999986565,7.43113249611565,6.51125123588249,27.9755335623364,9.11569848291191,9.51059482063516,76.8437850364652,8.96718444645601,NA,NA,NA,0.17,0.202863439989523,0.069533329654179,0.00491816684159715,0.1986,3.0624,3.5781,NA,NA,NA
"LUE1","PNM","UNDER",235.9264255,393.3870841,5.91780821917808,88.8262992,2.637657437,3.765,42.3860954906046,25.4202550215349,3.76499999996821,2.25798717828316,0.111799999996185,0.0670499247079882,"LUE1.PNM.UNDER","DRY","LUE1_DRY_UNDER","DRY_UNDER",5.66288045686167,19.7573745646732,8.85885201472065,83.1179653343809,18.9649882234023,64.1529771109786,13.9263475485304,150.381107057531,99.3402579554261,51.0408491021049,7.92328767123288,3.76499999996821,0.111799999996185,7.1022099553402,4.60994203034763,20.8103129911873,8.78568991132837,8.70404761154048,141.677059445991,9.02658942128894,33.74,56.13,16.74,0.13,0.195540423242576,0.0956654175222945,0.00952754654437809,0.3014,3.2823,2.9852,17,4.32144335366094,0.033241871951238
"PHI?","PNM","UNDER",533.1162356,519.7538774,4.93150684931507,136.3889036,2.985450919,2.558333333,18.7576354502605,19.2398757081403,2.55833333318953,2.62410555323353,0.0559999999932473,0.0574397046143133,"PHI?.PNM.UNDER","DRY","PHI?_DRY_UNDER","DRY_UNDER",2.7141076114429,16.5257680966974,8.43554594145318,56.9048618256346,11.6384298824122,45.2664319432224,16.5408216291911,38.7813368379696,25.0941673400959,13.6871694978737,7.59452054794521,2.55833333318953,0.0559999999932473,7.96650506408887,1.96303637192882,17.2768393362115,8.61020879652995,1.72699140552945,37.0543454324402,8.990507806051,NA,NA,NA,NA,NA,0.049970340839494,0.00405802685330936,NA,NA,NA,NA,NA,NA
"PPRE","PNM","UNDER",271.0490956,334.4568915,9.5013698630137,163.3070801,5.055065633,6.025,36.8936851748713,29.8992194633849,6.02500000003689,4.88275422783447,0.186500000002214,0.151142516762882,"PPRE.PNM.UNDER","DRY","PPRE_DRY_UNDER","DRY_UNDER",7.17318209643462,22.7260373669502,8.16855117404393,33.4387602492964,9.29893266975898,24.1398275795374,10.4441953437291,67.5017190932808,28.4290569305845,39.0726621626963,11.1780821917808,6.02500000003689,0.186500000002214,8.22673367816283,13.4559169840959,16.443302479289,8.43497863554608,8.18457925696913,59.3171398363117,9.02043930444146,25.87,59.47,7.44,0.14,0.213565853309892,0.123409376909945,0.0091035168168995,0.5454,1.858,1.725,18.43,5.51042614710183,0.0393601867650131
"SERM","PNM","UNDER",243.1625741,279.5599609,10.158904109589,77.16359018,7.805518628,3.173333333,41.1247497153387,35.7705014974482,3.17333333328947,2.76018031808217,0.320999999974914,0.279207315771233,"SERM.PNM.UNDER","DRY","SERM_DRY_UNDER","DRY_UNDER",7.7193975328077,28.0511039646405,16.143004877608,84.5692958323713,34.219769254613,50.3495265777583,16.7962113162149,84.3966720420707,39.9955283888877,44.4011436531831,10.027397260274,3.17333333328947,0.320999999974914,15.4994842375818,6.20216966851267,29.5683318289355,9.16347642662345,22.3754436254023,62.0212284166684,9.02295566782027,31.42,57.95,18.23,0.15,0.238470009982988,0.0765331592202453,0.0068719456774331,0.3622,1.5161,2.6116,13.19,4.71812914751341,0.0314541943167561
