sp,site,strata,SLA_LEAF,SLA_DISC,LIFETIME,Amass,Rmass,Amax,N_PCT,P_PCT,LT,LAMTUF,MDRBTUF,VEINTUF,LMA_LEAF,LMA,LL,Aarea,Aarea_DISC,Rarea,Rarea_DISC,sp_site_strata,Narea,Parea,LD,SampleID,Run,BagNo,%NPE,%WS,%AS,Lig,%Ash,%NDF,ADF,site2,cell_mass,cell_area,cell_vol
ADE1,PNSL,CAN,125.9939975,136.6989522,126,72.91902607,17.57616265,5.7875,1.548,0.08623,0.32,0.2364,1.6612,1.1728,79.36886040940165,73.15345025738975,4.142465753424657,5.7875000013393505,5.334278346429051,1.394999999900789,1.2857569401325666,ADE1_PNSL_CAN,0.12286299591375376,0.0068439768331027,0.22860453205434297,NA,NA,NA,NA,NA,NA,NA,NA,NA,NA,WET,NA,NA,NA
ALBG,PNM,CAN,108.8820038,115.5234445,183,136.9191198,12.79363545,12.575,3.027,0.1013,0.19,0.3901,4.1777,4.5685,91.84254193529088,86.5625158882793,6.016438356164383,12.575000001974615,11.852063483096716,1.175000000321449,1.1074492719094784,ALBG_PNM_CAN,0.27800737443812545,0.00930364949804496,0.4555921888856805,NA,1,1,61.76,15.52,10.35,12.37,0,38.24,22.72,DRY,10.35,8.959220394436906,0.04715379154966792
AMPP,PNM,CAN,134.4509334,148.1443752,122,72.56989128,9.290559495,5.3975,2.517,0.1713,0.22,0.1827,0.7643,1.2721,74.37657550691277,67.50171909328084,4.010958904109589,5.397499998315371,4.89859241581249,0.6909999997813329,0.6271287372509031,AMPP_PNM_CAN,0.18720584055089945,0.01274070738433415,0.3068259958785493,NA,1,2,61.65,12.77,13,12.55,0.03,38.35,25.58,DRY,13.029999999999998,8.795473997854492,0.03997942726297496
ANAE,PNM,CAN,80.22122541,90.27216473,280,50.8923454,13.878272,6.344,1.271,0.14119,0.23,1.3451,5.8012,8.9376,124.65528853356868,110.77611830744894,9.205479452054794,6.3439999999870365,5.637656474973955,1.730000000507347,1.537381100974956,ANAE_PNM_CAN,0.15843687172616577,0.01760008018805456,0.4816352969889084,NA,1,4,59.85,5.89,16.32,16.02,1.92,40.15,34.26,DRY,18.24,20.205563979278683,0.08785027817077687
ANAE,PNM,UNDER,189.8346477,328.5332145,243,68.56194692,2.951928771,3.611666667,1.534,0.16084,0.16,0.6281,3.377,4.6209,52.67742280536284,30.4383226981149,7.989041095890411,3.611666666263684,2.086910665161985,0.1554999999612821,0.08985176051354772,ANAE_PNM_UNDER,0.0808071665834266,0.00847263668401456,0.1902395168632181,NA,1,5,60.41,9.02,14.28,13.95,2.34,39.59,30.57,DRY,16.62,5.058849232426697,0.03161780770266685
ANES,PNSL,CAN,109.5409421,120.3109335,280.5,139.2265374,5.630404424,12.71,2.071,0.1431,0.21,0.5617000000000001,3.6872,4.495100000000001,91.29006751531308,83.11796533438086,9.221917808219178,12.709999999169264,11.57222650923908,0.5140000000054774,0.4679877597325766,ANES_PNSL_CAN,0.1890617298242134,0.0130636086614413,0.3957998349256231,NA,NA,NA,NA,NA,NA,NA,NA,NA,NA,WET,NA,NA,NA
ANNS,PNM,UNDER,397.7819408,456.4214559,168.5,207.8410641,10.97878157,5.225,2.593,0.15929,0.21125,0.5454,4.182925,3.03285,25.13940170307501,21.909574737851408,5.53972602739726,5.225000000804462,4.553709327493515,0.27600000009854647,0.24054043533846065,ANNS_PNM_UNDER,0.06518646861607348,0.00400445529728281,0.10371396325610134,NA,1,7,70.44,10.28,11.04,8.1,0.15,29.56,19.28,DRY,11.18,2.449490455691788,0.01159522109203213
ANOR,PNSL,CAN,115.3770233,115.8018854,268,119.8767272,12.09728089,10.39,1.398,0.08659,0.26,0.6628,4.42,7.2265,86.67236954101588,86.35437985710033,8.810958904109588,10.389999999245951,10.351880436654792,1.0484999997395497,1.0446531892131006,ANOR_PNSL_CAN,0.1211679726183402,0.00750496047855656,0.33213223021961663,NA,NA,NA,NA,NA,NA,NA,NA,NA,NA,WET,NA,NA,NA
APEM,PNSL,CAN,100.3403481,103.5598562,220,200.6806963,6.86829683,20,1.978,0.11044,0.2325,1.052825,2.708475,3.2975,99.66080633917991,96.56251338054678,7.232876712328767,20.00000000996608,19.378232421686192,0.6845000002546333,0.663220004548442,APEM_PNSL_CAN,0.19712907493889784,0.01100653945209903,0.4153226381959001,NA,1,9,48.54,19.78,15.59,16.05,0.04,51.46,31.69,WET,15.64,15.102377092717516,0.06495646061383877
ARIC,PNM,CAN,127.1428571,113.2548111,173,154.4785714,15.21437662,12.15,2.624,0.14685,0.29,0.4461,1.8813,3.3323,78.65168541977023,88.29646972939942,5.6876712328767125,12.150000001848314,13.639912503460966,1.196636363774147,1.3433757446795125,ARIC_PNM_CAN,0.20638202254147708,0.01155000000389326,0.3044705852737911,NA,NA,NA,NA,NA,NA,NA,NA,NA,NA,DRY,NA,NA,NA
ARRP,PNM,CAN,124.4482899,132.9092239,153,136.0219809,11.92836859,10.93,2.531,0.11156,0.21,0.2868,2.8084,2.8234,80.35465981923468,75.23932279917557,5.03013698630137,10.930000003157936,10.234201728718393,0.958500000247894,0.8974823748105567,ARRP_PNM_CAN,0.20337764400248295,0.00896436584943382,0.3582824895198837,NA,1,11,68.5,11.66,9.35,10.25,0.24,31.5,19.84,DRY,9.59,7.215451056440937,0.03435929074495684
ARRV,PNSL,CAN,117.5579211,135.911336,225,117.0289105,2.33940263,9.955,2.069,0.08438,0.15,0.4699,3.22685,4.8862749999999995,85.06445083775814,73.5773798883119,7.397260273972603,9.955000003823647,8.610680605773751,0.1990000000093571,0.17212711601922595,ARRV_PNSL_CAN,0.1759983487833216,0.00717773836169003,0.49051586592207935,NA,NA,NA,NA,NA,NA,NA,NA,NA,NA,WET,NA,NA,NA
ASPC,PNSL,CAN,63.88633754,72.58641712,337,82.09394374,6.318358783,12.85,1.5675,0.07182,0.36625,0.6996,3.664275,NA,156.52798994368524,137.76682190371764,11.07945205479452,12.850000000172182,11.309821726602395,0.9890000000460192,0.8704602091813511,ASPC_PNSL_CAN,0.2453576242367266,0.01124184023775547,0.37615514512960446,NA,1,13,62.45,10.34,12.5,14.72,0,37.55,27.21,WET,12.49,17.207076055774333,0.04698177762668759
ASPC,PNSL,UNDER,136.8954496,176.6541353,1342,52.65911627,1.635216145,3.846666667,1.289,0.07364,0.188333,0.5346000000000001,4.403833333,6.47135,73.0484470391045,56.60778890354117,44.12054794520548,3.846666665975141,2.98091613765919,0.11944999996552114,0.09256597034782237,ASPC_PNSL_UNDER,0.0941594482334057,0.00537928763995965,0.30057286244864767,NA,1,24,54.55,5.48,20.49,19.48,0,45.45,39.97,WET,20.49,11.598935946335583,0.06158737951572791
ASTG,PNM,CAN,136.8332879,116.2074414,271,206.9603479,10.20776327,15.125,3.123,0.19669,0.13,0.5417000000000001,3.1908000000000003,4.827,73.08163206096577,86.05300899431042,8.90958904109589,15.12499999643727,17.80956067930431,0.7459999994635809,0.8784087444851014,ASTG_PNM_CAN,0.22823393692639612,0.01437442621007135,0.661946223033157,NA,1,14,69.69,12.39,9.58,8.34,0,30.31,17.92,DRY,9.580000000000002,8.24387826165494,0.06341444816657645
ASTG,PNM,UNDER,277.2232845,317.6323744,278,124.380847,10.43191219,4.486666667,2.692,0.1825,0.08,0.4049,1.4134,4.3196,36.07200606556554,31.482936898009093,9.13972602739726,4.4866666674241795,3.915874357421924,0.37629999979312706,0.3284272332033419,ASTG_PNM_UNDER,0.09710584032850245,0.00658314110696571,0.3935367112251137,NA,1,15,68.92,12.57,10.95,7.35,0.2,31.08,18.51,DRY,11.160000000000002,3.513495757817815,0.04391869697272269
BONM,PNM,CAN,178.5772418,174.8646688,179,138.1741408,25.09010247,7.7375,2.771,0.18248,0.16,0.3353,2.2009000000000003,2.1801,55.99817703086508,57.1870811217869,5.884931506849315,7.737499997606078,7.901775798862806,1.4049999998376053,1.434829725305836,BONM_PNM_CAN,0.15517094855252714,0.01021854734459225,0.35741925701116817,NA,NA,NA,NA,NA,NA,NA,NA,NA,NA,DRY,NA,NA,NA
BROU,PNSL,CAN,69.07996146,78.46942293,324,97.05734586,9.256714836,14.05,1.323,0.09005,0.3025,1.71015,7.914375,9.55935,144.75977966186895,127.43817434366342,10.652054794520549,14.050000001259408,12.36881096303992,1.3400000000521133,1.1796588391197438,BROU_PNSL_CAN,0.19151718849265265,0.0130356181585513,0.4212832209707882,NA,1,18,52.17,7.63,19.23,20.81,0.17,47.83,40.2,WET,19.390000000000004,24.71026200523634,0.08168681654623583
BROU,PNSL,UNDER,195.0328283,236.4304775,1304,89.94263931,9.380103876,4.611666667,1.384,0.11433,0.24375,0.3408,3.8958,NA,51.27341938875016,42.29573152217654,42.87123287671233,4.611666666272717,3.804189724651722,0.4809499999441889,0.3967383551894235,BROU_PNSL_UNDER,0.07096241243403022,0.0058620900387158,0.17352094983457042,NA,1,17,51.96,7.98,22.48,17.42,0.16,48.04,40.06,WET,22.64,9.57575361662077,0.03928514304254674
CAL2,PNSL,CAN,42.94119843,52.4750473,502,57.21914691,2.973677991,13.325,1.01,0.04967,0.44375,1.864875,5.90885,NA,232.87659323950547,190.56676486311616,16.504109589041096,13.325000000471576,10.904067714866068,0.6924999999353769,0.5666841944895207,CAL2_PNSL_CAN,0.23520535917190052,0.01156698038620623,0.42944623067744486,NA,1,20,52.79,3.47,20.55,23.2,0,47.21,43.75,WET,20.55,39.161470179370376,0.08825120040421494
CAL2,PNSL,UNDER,157.8754266,211.9113089,1050,49.54657139,5.738771758,3.138333333,1.101,0.05415,0.285,0.6690499999999999,3.663575,NA,63.34107983338302,47.189553270698525,34.52054794520548,3.138333333884401,2.3380805699888723,0.3635000000690419,0.27081007558252124,CAL2_PNSL_UNDER,0.0697385288965547,0.00342991947297769,0.16557737989718782,NA,1,19,51.49,3.43,25.11,19.93,0.05,48.51,45.08,WET,25.15,11.868172647580678,0.04164271104414274
CARG,PNSL,CAN,72.46290136,77.87988892,690,29.36559077,5.644860016,4.0525,1.457,0.10551,0.2875,0.6463,5.737100000000001,4.77025,138.00165066976004,128.40285391614037,22.684931506849313,4.05249999915267,3.77062566180147,0.7790000000077281,0.7248161360115098,CARG_PNSL_CAN,0.2010684050258404,0.01456055416216638,0.44661862231701,NA,1,21,68.82,3.27,12.47,15.08,0.36,31.18,27.91,WET,12.83,16.47408615744081,0.05730116924327238
CAS3,PNSL,CAN,80.97704677,85.84307894,272,124.2997668,3.769481527,15.35,2.043,0.10515,0.3375,0.45555,3.971275,3.289225,123.49178438679184,116.49162778736653,8.942465753424658,15.35000000099411,14.479882168122058,0.46549999998227887,0.43911303899463794,CAS3_PNSL_CAN,0.2522937155022158,0.01298516112827116,0.34516037862923404,NA,NA,NA,NA,NA,NA,NA,NA,NA,NA,WET,NA,NA,NA
CAS4,PNM,CAN,115.6205288,116.8281394,180,197.1330016,10.49256299,17.05,2.41,0.17116,0.35,0.5127999999999999,3.3586,3.2511,86.48983103422721,85.59581665305542,5.917808219178082,17.04999999965404,16.87376026122008,0.9075000001210858,0.898119497912675,CAS4_PNM_CAN,0.2084404927924876,0.01480359947981833,0.24455947615158696,NA,1,22,53.48,12.5,16.81,15.79,1.41,46.52,34.01,DRY,18.22,15.595557794186698,0.04455873655481914
CAS4,PNM,UNDER,527.4770174,640.6920992,129,201.7599591,13.92539326,3.825,2.712,0.2109,0.28,0.1869,1.7105,1.3536,18.958171958450905,15.60812129958602,4.241095890410959,3.8249999989478214,3.149093915032314,0.26400000001213325,0.2173492271465176,CAS4_PNM_UNDER,0.05141456235131886,0.00399827846603729,0.05574329035566436,NA,1,23,51.27,10.96,25.98,9.78,2.01,48.73,37.77,DRY,27.99,4.368713151754128,0.01560254697055045
CAYG,PNSL,CAN,85.99670123,104.0807135,525,70.60329171,15.04942271,8.21,2.284,0.14497,0.24,0.7212000000000001,3.4757,5.8828000000000005,116.2835301467528,96.07927985620506,17.26027397260274,8.210000000019766,6.783513422974373,1.7499999993895117,1.445937696228418,CAYG_PNSL_CAN,0.2655915828551834,0.01685762336537475,0.4003303327341878,NA,NA,NA,NA,NA,NA,NA,NA,NA,NA,WET,NA,NA,NA
CECI,PNSL,CAN,81.72130224,123.4032786,231,119.108798,4.02068807,14.575,2.177,0.1177,0.28375,0.576275,4.3508249999999995,2.66885,122.36711513274584,81.03512413486233,7.594520547945206,14.574999998188966,9.651996231484242,0.4919999999745477,0.32581695686001005,CECI_PNSL_CAN,0.2663932096439877,0.01440260945112418,0.28558634056339144,NA,2,25,59.64,6.97,17.17,15.48,0.74,40.36,33.39,WET,17.91,14.513390732553844,0.05114851359490341
CES1,PNSL,CAN,112.2480727,136.8363064,309,171.458931,13.35752065,15.275,1.59,0.09786,0.21,1.978375,12.7547,5.811775,89.0883893100465,73.08001993833413,10.158904109589042,15.2749999956124,12.530222096085458,1.1899999998841853,0.97616787542871,CES1_PNSL_CAN,0.14165053900297395,0.00871818977788115,0.3480000949444483,NA,2,29,50.73,4.96,23.79,20.42,0.1,49.27,44.31,WET,23.89,17.458816763268025,0.0831372226822287
CHRC,PNM,CAN,73.0393627,81.35756601,152.5,82.89967666,3.794394892,11.35,1.702,0.10115,0.31,1.0472,4.1958,5.38985,136.91247609968536,122.91419827838578,5.013698630136986,11.349999999383892,10.18954729420131,0.5194999999637182,0.4663850061017822,CHRC_PNM_CAN,0.2330250343216645,0.01384869695748317,0.3964974138012445,NA,2,30,55.41,6.62,13.8,24.04,0.13,44.59,37.96,DRY,13.920000000000002,17.1096564003513,0.05519244000113322
CHRC,PNM,UNDER,177.7428065,213.9304232,365,139.4984793,6.48583501,7.848333333,1.894,0.13376,0.2,0.7403,3.7549,5.252,56.26106730794757,46.74416967170287,12,7.848333333253631,6.520740585343732,0.3649000000458528,0.3031749721701107,CHRC_PNM_UNDER,0.1065584614812527,0.00752548036311106,0.2337208483585143,NA,2,31,53.69,12.26,15.83,16.95,1.26,46.31,34.05,DRY,17.099999999999998,7.993253013861191,0.03996626506930594
CLU?,PNSL,CAN,58.06658191,66.49771501,421,66.66043603,7.461555775,11.48,1.021,0.0661,0.41625,0.518875,5.061125,NA,172.21609523184006,150.38110705753107,13.841095890410958,11.479999999538462,10.024470167129133,1.284999999925086,1.1220770178160142,CLU?_PNSL_CAN,0.1758326332317087,0.01138348389482462,0.3612759328709455,NA,2,32,70.03,11.28,10.9,7.68,0.11,29.97,18.69,WET,11.010000000000002,16.55695988703417,0.0397764802090911
COCP,PNSL,CAN,108.4053756,126.3764562,445,139.8429345,11.66441841,12.9,2.097,0.09513,0.155,0.6929,3.674975,4.8904250000000005,92.24634797538585,79.12866289092857,14.63013698630137,12.89999999778609,11.065584421728705,1.0759999995793563,0.922989832183631,COCP_PNSL_CAN,0.19344059170438407,0.00877539508289845,0.5105075025221198,NA,2,33,55.41,8.25,16.95,19.27,0.12,44.59,36.34,WET,17.070000000000004,13.50726275548151,0.08714363068052587
CORA,PNM,CAN,105.7057487,118.2462252,175,222.510601,7.616099192,21.05,2.566,0.15607,0.243333,0.7111000000000001,2.076033333,3.1377666669999997,94.60223424915772,84.56929583237132,5.7534246575342465,21.049999998722875,18.81756484180774,0.720499999826405,0.6440881456569322,CORA_PNM_CAN,0.2427493330833387,0.01476457069926604,0.3475455274556732,NA,2,35,54.85,14.84,17.36,12.08,0.87,45.15,30.31,DRY,18.229999999999997,15.41698263024129,0.0633575496551692
CORA,PNM,UNDER,303.0459105,402.8590957,243,181.2719621,7.318558738,5.981666667,2.752,0.1433,0.125,0.200833333,0.9584,1.071666667,32.99830043408554,24.82257470847021,7.989041095890411,5.981666665651968,4.49963682177823,0.24149999998102595,0.18166547103233244,CORA_PNM_UNDER,0.0908113227946034,0.00472865645220445,0.19858059766776168,NA,2,36,47.56,10.25,21.67,17.26,3.26,52.44,42.19,DRY,24.929999999999996,6.188267874821623,0.04950614299857298
CORB,PNSL,CAN,85.08030934,95.02157189,289,188.0274836,4.385464545,22.1,1.842,0.093055,0.27,1.1967249999999998,4.509399999999999,4.8573,117.53600894935346,105.23926094988532,9.501369863013698,22.09999999513401,19.787873412330686,0.5154500000081922,0.4615230476377251,CORB_PNSL_CAN,0.2165013284847091,0.01093731331278208,0.3897750405551309,NA,NA,NA,NA,NA,NA,NA,NA,NA,NA,WET,NA,NA,NA
CYMR,PNSL,CAN,140.6555915,184.5953645,101,83.97138811,12.89811774,5.97,2.071,0.1251,0.27,0.45,2.504,2.5284,71.09564499609672,54.17254126118644,3.3205479452054796,5.969999998898018,4.548943487148075,0.9169999999608974,0.6987238154617907,CYMR_PNSL_CAN,0.14723908078691633,0.0088940651890117,0.20063904170809793,NA,NA,NA,NA,NA,NA,NA,NA,NA,NA,WET,NA,NA,NA
DENA,PNSL,UNDER,335.5635492,288.7708508,1246.5,105.4228817,10.15079736,3.141666667,1.694,0.07218,0.2225,0.432075,2.497975,4.352399999999999,29.800614589518116,34.629534013895004,40.98082191780822,3.1416666664580624,3.650745267672979,0.302499999901658,0.3515173824462756,DENA_PNSL_UNDER,0.05048224111464369,0.00215100836107141,0.15563835511862922,NA,2,38,56.1,11.63,20.67,11.53,0.07,43.9,32.27,WET,20.74,7.182165354481825,0.03227939485160371
DIOW,PNSL,CAN,197.6215408,160.9787148,169,254.4377337,38.53620045,12.875,2.619,0.1547,0.19,0.3452,2.2197,2.9152,50.60177124173095,62.12001389391139,5.556164383561644,12.874999995951857,15.805675552579329,1.9499999996963897,2.3938693073725545,DIOW_PNSL_CAN,0.13252603888209336,0.00782809401109577,0.32694744154690203,NA,2,40,54.56,9.23,12.06,23.54,0.62,45.44,36.21,WET,12.670000000000002,7.870605760358574,0.04142424084399249
DOL2,PNM,CAN,120.2180275,129.7101412,150.5,100.3519985,13.93326939,8.3475,1.422,0.0928,0.3325,0.868275,4.750725,3.535075,83.1821999408533,77.09497428255054,4.947945205479452,8.34750000369121,7.73663474356005,1.1590000002287508,1.0741850452938986,DOL2_PNM_CAN,0.11828508831589338,0.00771930815451118,0.23186458430842263,NA,NA,NA,NA,NA,NA,NA,NA,NA,NA,DRY,NA,NA,NA
DOL2,PNSL,UNDER,235.3774904,244.091749,748,45.34939648,4.209255661,1.926666667,1.214,0.08485,0.18,0.942875,1.883575,5.04755,42.48494613060077,40.968201674035285,24.59178082191781,1.9266666665080563,1.857883220788426,0.17883000000751134,0.1724456348174227,DOL2_PNSL_UNDER,0.05157672460254933,0.00360484767918147,0.22760112041130717,NA,2,42,51.07,14.25,16.66,17.9,0.12,48.93,34.68,WET,16.78,6.874464240903121,0.03819146800501734
DOLD,PNSL,CAN,89.96076187,95.89693966,274.5,84.58560635,1.454215716,9.4025,1.328,0.06865,0.345,0.4732,4.606875,4.403425,111.15957437589006,104.2786144735664,9.024657534246575,9.402500000192584,8.8204698345845,0.1616500000412902,0.1516436000101653,DOLD_PNSL_CAN,0.147619914771182,0.00763110478090485,0.3022568535465693,NA,2,43,56,4.97,13.72,25.13,0.18,44,39.03,WET,13.900000000000002,14.49472741182573,0.04201370264297313
DOLD,PNM,UNDER,220.3259944,289.9661438,259.5,86.88188379,3.489963751,3.943333333,1.532,0.10836,0.17,0.1986,3.0624,3.5781,45.387290896983686,34.48678479821891,8.531506849315068,3.9433333332546616,2.9962768291295943,0.15839999998656532,0.12035762883432186,DOLD_PNM_UNDER,0.06953332965417901,0.00491816684159715,0.20286343998952305,NA,NA,NA,NA,NA,NA,NA,NA,NA,NA,DRY,NA,NA,NA
DRSE,PNM,CAN,199.3770409,244.2187883,60,257.6948254,16.00000754,12.925,1.965,0.16717,0.45,0.1737,0.9094,1.7475,50.156226388251106,40.94689057139999,1.9726027397260273,12.925000001843244,10.551801816469828,0.8025000003899646,0.6551505578819546,DRSE_PNM_CAN,0.09855698485291343,0.00838461636532393,0.09099309015866663,NA,NA,NA,NA,NA,NA,NA,NA,NA,NA,DRY,NA,NA,NA
DUSM,PNSL,CAN,97.29651999,101.6176596,340,169.1337839,16.0539258,17.38333333,2.145,0.1054,0.291667,0.435133333,3.843066667,4.482600000000001,102.77859887514772,98.40809205174808,11.178082191780822,17.383333331694015,16.644132975091665,1.6500000001695847,1.579836207918333,DUSM_PNSL_CAN,0.22046009458719185,0.01083286432144056,0.33739878715023663,NA,2,44,51.97,9.83,17.8,20.32,0.08,48.03,38.19,WET,17.869999999999997,17.585526049647378,0.06029316326374727
FIIN,PNM,CAN,77.29680051,71.08590706,92,211.0202654,18.89906772,27.3,2.114,0.17449,0.4,0.67855,6.59805,5.805524999999999,129.37146083693705,140.67485966746557,3.0246575342465754,27.300000000996164,29.68524622213634,2.4449999993926013,2.6586236993569288,FIIN_PNM_CAN,0.2734912682092849,0.02257402620143714,0.3516871491686639,NA,2,45,59.9,12.85,15.16,8.55,3.54,40.1,27.25,DRY,18.7,26.306198757816063,0.06576549689454016
FINY,PNSL,CAN,106.323181,103.8182423,233.5,198.5585405,2.153044415,18.675,1.55,0.09748,0.2475,0.523875,5.59455,4.92475,94.05286698485816,96.32218556641853,7.676712328767123,18.674999998354075,19.125592583838227,0.20249999997648677,0.20738594367437105,FINY_PNSL_CAN,0.14578194382653015,0.00916827347368397,0.3891805477431051,NA,NA,NA,NA,NA,NA,NA,NA,NA,NA,WET,NA,NA,NA
FIPA,PNSL,CAN,91.51877364,110.2973746,245,225.1361831,6.21412473,24.6,1.977,0.1324,0.2,0.4389,4.0146999999999995,6.3929,109.267198436642,90.66398938565489,8.054794520547945,24.599999994055867,20.411744514905255,0.6789999999829543,0.5633973385618555,FIPA_PNSL_CAN,0.2160212513092412,0.01446697707301139,0.4533199469282744,NA,2,46,60.69,11.27,15.05,12.14,0.84,39.31,28.04,WET,15.9,14.415574312319125,0.07207787156159562
FORV,PNSL,CAN,74.46374252,69.37264655,305,86.68820691,8.86118536,11.64166667,1.551,0.0798,0.32,0.4267,3.0579,3.0422,134.29354557775724,144.14903419884016,10.027397260273972,11.641666665722136,12.496021302505724,1.1900000000161153,1.277331311500902,FORV_PNSL_CAN,0.20828928919110148,0.01071662493710502,0.45046573187137545,NA,3,50,59,8.11,12.92,19.89,0.08,41,32.89,WET,13,18.739374445849226,0.05856054514327882
GOUL,PNM,CAN,253.8095238,270.1239596,92,240.9921429,12.30075167,9.495,3.396,0.17882,0.19,0.35960000000000003,1.4943,2.2376,39.39962476695684,37.02004077982574,3.0246575342465754,9.495000002044842,8.921538957775592,0.4846450001495177,0.4553743284459096,GOUL_PNM_CAN,0.13380112570858543,0.00704544090082722,0.19484231989381967,NA,3,51,60.45,16.42,13.7,9.28,0.16,39.55,23.13,DRY,13.85,5.127275648005865,0.02698566130529402
GUA?,PNSL,CAN,99.76420005,109.4779388,304,150.1451211,10.4253589,15.05,2.273,0.19458,0.29,0.3891,4.195600000000001,5.7359,100.23635728034888,91.34260390368254,9.994520547945204,15.05000000248085,13.71464632470775,1.044999999476265,0.9522794285564316,GUA?_PNSL_CAN,0.22783724009823303,0.01950399039961028,0.314974496219595,NA,3,52,58.21,7.75,14.13,19.76,0.14,41.79,34.04,WET,14.279999999999998,13.043723837445864,0.04497835806015816
GUAD,PNSL,CAN,127.4428699,136.2104601,211.5,223.0250223,6.550563513,17.5,2.095,0.10961,0.2,1.012425,2.005975,NA,78.46653177103319,73.41580075904905,6.953424657534247,17.499999998038337,16.37356060145927,0.5140000000109853,0.4809148657299045,GUAD_PNSL_CAN,0.16438738406031456,0.00860071654742294,0.3670790037952452,NA,3,54,57.84,11.48,14.54,15.53,0.6,42.16,30.68,WET,15.15,11.12249381499593,0.05561246907497965
GUAD,PNSL,UNDER,290.2665374,259.3132863,639,115.6712152,13.59898728,3.985,2.069,0.1312,0.15375,1.084675,4.072975,5.7954666669999995,34.45109480952522,38.563392345546774,21.008219178082193,3.9850000015881952,4.460674454843773,0.46850000009680753,0.5244230819807398,GUAD_PNSL_UNDER,0.07127931516090769,0.00451998363900971,0.25081881200355627,NA,3,53,56.02,11.43,17.59,13.47,1.48,43.98,32.55,WET,19.08,7.3578952595303235,0.04785622933027853
HAVF,PNSL,CAN,57.61182318,60.0114826,552.5,86.27370521,5.64307808,14.975,0.774,0.05365,0.455,0.5632,3.216225,NA,173.57548239284867,166.63477665855902,18.16438356164383,14.974999999644172,14.37619959917471,0.9794999999165104,0.9403330555276102,HAVF_PNSL_CAN,0.13434742337206487,0.00931232463037633,0.36623027837045935,NA,3,56,61.95,7.38,13.03,17.58,0.06,38.05,30.67,WET,13.090000000000003,21.812492264605385,0.04793954343869314
HEIS,PNSL,CAN,129.5667019,146.0168144,335,98.69743517,10.6698179,7.6175,1.863,0.09943,0.17,0.37515,5.754675,4.5745249999999995,77.18032375106709,68.4852634341542,11.013698630136986,7.617499999820556,6.759319847892807,0.8234999998869308,0.7307252896759541,HEIS_PNSL_CAN,0.14378694314823798,0.0076740395905686,0.4028544907891424,NA,3,58,69.88,15.43,8.39,6.21,0.09,30.12,14.69,WET,8.48,5.807550339216276,0.03416206081891927
LACP,PNSL,CAN,113.9312682,125.4043606,572,118.2891392,9.581619652,10.3825,1.152,0.06384,0.31875,0.717425,1.60095,NA,87.77221703918504,79.74204367499483,18.805479452054794,10.38249999924077,9.432617704363944,0.8409999996822646,0.7640579327669729,LACP_PNSL_CAN,0.10111359402914116,0.00560337833578157,0.2501711174117485,NA,3,59,50.28,18.14,9.1,22.45,0.03,49.72,31.58,WET,9.13,7.280448587527028,0.02284062301969263
LONL,PNSL,CAN,69.70933298,79.37248752,285,121.6427861,3.617914382,17.45,2.104,0.07998,0.24,0.515625,3.92375,5.07725,143.45281431496494,125.98823991096708,9.36986301369863,17.450000007158298,15.325560518605249,0.5190000000484871,0.4558146651367541,LONL_PNSL_CAN,0.30182472131868626,0.01147335608891089,0.5249509996290294,NA,3,61,59.05,13.46,14.2,13.12,0.16,40.95,27.49,WET,14.37,18.104510075205965,0.07543545864669153
LUE1,PNM,CAN,95.65074329,101.188022,186,147.8601073,34.29079147,15.45833333,1.763,0.1544,0.2275,0.680725,2.90895,3.354125,104.54701820435795,98.82592625439402,6.115068493150685,15.458333329591422,14.612412059996588,3.585000000055933,3.3888192290190235,LUE1_PNM_CAN,0.18431639309428305,0.01614205961075287,0.43439967584349015,NA,3,62,59.02,9.08,15.89,15.97,0.03,40.98,31.89,DRY,15.92,15.73308745969953,0.06915642839428364
LUE1,PNM,UNDER,235.9264255,393.3870841,180,88.8262992,2.637657437,3.765,2.257,0.22478,0.13,0.3014,3.2823,2.9852,42.38609549060455,25.42025502153491,5.917808219178082,3.7649999999682104,2.2579871782831624,0.11179999999618528,0.06704992470798815,LUE1_PNM_UNDER,0.09566541752229447,0.00952754654437809,0.19554042324257623,NA,3,63,56.13,10.13,16.84,16.74,0.17,43.87,33.74,DRY,17.000000000000004,4.321443353660936,0.03324187195123796
MANB,PNSL,CAN,56.3680725,67.0559825,427,79.90174277,3.988041129,14.175,1.307,0.07073,0.3875,1.06005,3.3737,NA,177.40539203287466,149.1291250560679,14.03835616438356,14.17500000022176,11.915676989745098,0.7074999999334731,0.5947330842553832,MANB_PNSL_CAN,0.23186884738696717,0.01254788337848522,0.384849354983401,NA,3,65,61.96,8.1,14.06,15.88,0,38.04,29.94,WET,14.06,20.967554982883147,0.05410981931066618
MARP,PNSL,CAN,106.9717521,124.945419,356.5,176.4231621,12.99171929,16.4925,1.422,0.09898,0.35,0.6535,3.9472,5.5051000000000005,93.4826232504048,80.03494709958113,11.72054794520548,16.4924999952394,14.120018445814328,1.214499999762087,1.0397915661077577,MARP_PNSL_CAN,0.13293229026207565,0.00925291004932506,0.2286712774273747,68 rerun,6,141,45.82,13.83,24.39,15.86,0.09,54.18,40.35,WET,24.49,19.60055854468742,0.05600159584196405
MICB,PNSL,CAN,110.2901854,119.6390729,189,135.7672182,14.22743391,12.31,2.225,0.10103,0.18,0.2657,1.7787,1.8293,90.66989926376532,83.58473329493678,6.213698630136986,12.309999997515646,11.348066723442487,1.2899999994015787,1.1891962688386897,MICB_PNSL_CAN,0.20174052586187785,0.00916037992261821,0.4643596294163155,NA,3,69,69.16,4.06,7.67,19,0.1,30.84,26.78,WET,7.780000000000001,6.502892250346083,0.03612717916858935
MIKL,PNM,CAN,131.6252343,126.8645936,213,192.1728421,2.790454968,14.6,1.8825,0.132725,0.37,0.935,2.5139,3.3653000000000004,75.97327406998585,78.82419922086126,7.002739726027397,14.600000001671416,15.147870390529514,0.2120000000638176,0.21995537831447404,MIKL_PNM_CAN,0.14301968843674837,0.01008355280093887,0.213038376272598,NA,3,70,53.57,12.79,18.89,12.02,2.72,46.43,33.64,DRY,21.62,17.041791871550206,0.04605889695013569
NECP,PNSL,CAN,71.95198836,79.90104056,462,70.09922466,7.411054801,9.7425,1.342,0.06792,0.26,0.8545,3.8077,5.743625,138.98156573473184,125.15481563085166,15.189041095890412,9.742500000037523,8.77325553818795,1.0299999999888814,0.9275291972492932,NECP_PNSL_CAN,0.18651326121601017,0.00943962794470298,0.4813646755032755,NA,3,71,51.99,23.54,11.33,13.02,0.12,48.01,24.47,WET,11.45,14.330226389732514,0.05511625534512505
OCOI,PNSL,CAN,73.80306997,77.96709861,429,104.6158517,5.203116433,14.175,1.629,0.07716,0.3,0.454425,4.53315,5.268325,135.49571859361504,128.259229576069,14.104109589041096,14.175000002374563,13.417948540486288,0.705000000015582,0.6673477050911643,OCOI_PNSL_CAN,0.2207225255889989,0.01045484964668333,0.42753076525356337,NA,4,73,56.73,9.65,14.5,19.03,0.09,43.27,33.62,WET,14.589999999999996,18.713021595148465,0.06237673865049488
ODOP,PNSL,CAN,121.1701584,123.6251678,259,165.0943408,13.86792463,13.625,1.75,0.08671,0.32,0.4714,4.698,6.1042,82.52857083002708,80.8896778702694,8.515068493150684,13.624999998349429,13.354428045516473,1.144500000092432,1.121771956049875,ODOP_PNSL_CAN,0.14442499895254737,0.00715605237667164,0.25278024334459187,NA,NA,NA,NA,NA,NA,NA,NA,NA,NA,WET,NA,NA,NA
OMPD,PNSL,CAN,108.0054018,141.2307836,335,167.6783862,10.96794855,15.525,2.036,0.13542,0.39,0.2815,2.2442,3.4617,92.58796165137731,70.80609301384632,11.013698630136986,15.524999991250438,11.872651409688846,1.0154999997416796,0.7765975852023809,OMPD_PNSL_CAN,0.18850908992220425,0.01253826176682951,0.181554084650888,NA,4,75,54.81,17.06,14.73,12.71,0.7,45.19,28.13,WET,15.419999999999998,10.9182995427351,0.02799563985316692
PACK,PNM,CAN,135.0043643,148.8447656,372,201.8315246,3.812523247,14.95,3.511,0.1473,0.25,0.2661,2.4865999999999997,2.7562,74.07167947384646,67.1840891393765,12.23013698630137,14.949999997888956,13.55986713986266,0.28239999993837234,0.2561409016723931,PACK_PNM_CAN,0.26006566663267494,0.01091075838649758,0.268736356557506,NA,NA,NA,NA,NA,NA,NA,NA,NA,NA,DRY,NA,NA,NA
PASV,PNM,CAN,206.5374823,227.3994664,61,130.2218826,24.34044229,6.305,3.416,0.19514,0.17,0.195,1.1095,1.6738,48.41736177201381,43.97547698027492,2.0054794520547947,6.30500000047691,5.726569400604363,1.1785000000457542,1.070382559613605,PASV_PNM_CAN,0.16539370781319918,0.00944816397619077,0.25867927635455834,NA,4,76,62.98,16.34,10.75,9.78,0.16,37.02,20.68,DRY,10.9,4.793326990849966,0.02819604112264685
PAUF,PNSL,CAN,177.2106667,205.0611042,599,98.30761733,6.016302133,5.5475,1.887,0.14086,0.22,0.3197,2.8324000000000003,3.7543,56.43001172682795,48.76595217319619,19.693150684931503,5.547499998768415,4.794064564975653,0.33949999991733004,0.2933907020773762,PAUF_PNSL_CAN,0.10648343212852436,0.00794873145184098,0.2216634189690736,NA,4,77,63.14,8.45,13.14,14.26,1.01,36.86,28.41,WET,14.15,6.900382232507262,0.03136537378412391
PERA,PNSL,CAN,104.2205162,114.6056883,239,139.6554917,14.06976969,13.4,2.143,0.1026,0.295,0.376275,3.2306,2.920175,95.95039791215312,87.25570386893266,7.857534246575343,13.399999999232396,12.185738227445382,1.3500000002878512,1.2276676575747243,PERA_PNSL_CAN,0.20562170272574412,0.00984451082578691,0.29578204701333105,NA,4,78,64.17,8.81,11.86,15.04,0.11,35.83,27.02,WET,11.98,10.453233323498132,0.03543468923219705
PERX,PNSL,CAN,93.8464221,111.4333353,421,98.79682086,5.213168747,10.5275,1.582,0.09691,0.30875,1.095075,4.106949999999999,4.463366667,106.55707246190264,89.73975312753652,13.841095890410958,10.527499999384634,8.86600231376185,0.5554999999302052,0.4678284763679689,PERX_PNSL_CAN,0.16857328863472998,0.01032644589228298,0.29065507085841785,NA,NA,NA,NA,NA,NA,NA,NA,NA,NA,WET,NA,NA,NA
PHI?,PNM,CAN,245.6556886,251.9749969,90.5,270.6511549,4.028753293,11.0175,2.806,0.25852,0.27,0.1507,1.3104,2.1129,40.707382177837346,39.68647732127425,2.9753424657534246,11.017499999387356,10.741190920915535,0.16399999999837173,0.15988702619565348,PHI?_PNM_CAN,0.1142249143910116,0.01052367244061451,0.1469869530417565,NA,4,80,58.62,16.61,9.43,15.22,0.12,41.38,24.77,DRY,9.55,3.7900585841816903,0.01403725401548774
PHOC,PNM,CAN,111.3237756,113.6999365,252,205.9489849,9.440256174,18.5,2.42,0.12632,0.18125,1.032925,3.057575,4.48135,89.82807083305572,87.95079670075278,8.284931506849315,18.50000000359312,18.113377301666304,0.8480000002802636,0.8302780515625002,PHOC_PNM_CAN,0.2173839314159948,0.01134708190763159,0.485245774900705,NA,4,81,55.63,8.96,17.49,17.84,0.08,44.37,35.41,DRY,17.569999999999997,15.45295498032226,0.08525768265005385
PLEV,PNSL,CAN,84.85876574,96.16366084,179,102.6791065,7.089949877,12.1,1.4765,0.06705,0.27,0.4177,4.876,4.523899999999999,117.84286411422887,103.98938551890512,5.884931506849315,12.099999994649936,10.677537190565218,0.8354999999320047,0.737279531069067,PLEV_PNSL_CAN,0.17399498886465892,0.00790136403885904,0.3851458722922412,NA,NA,NA,NA,NA,NA,NA,NA,NA,NA,WET,NA,NA,NA
POUA,PNSL,CAN,74.88562597,83.12157648,285,96.0408153,13.32964142,12.825,1.899,0.1251,0.386667,0.8599,5.045633333,3.150933333,133.5369754938833,120.30570669465244,9.36986301369863,12.824999999128671,11.554258156197088,1.7799999996447915,1.6036319310194105,POUA_PNSL_CAN,0.2535867164628844,0.0167054756342848,0.3111351801282562,NA,4,86,55.32,16.38,14.95,8.08,5.27,44.68,28.3,WET,20.22,24.32581389365872,0.0629115334219334
POUA,PNSL,UNDER,209.0854908,256.58311,826,136.8116061,15.2736951,6.543333333,1.38,0.14685,0.191667,0.7172999999999999,3.64755,3.188075,47.82732633306184,38.97372668060653,27.156164383561645,6.543333331095014,5.3320581428762015,0.7304999998593875,0.5952728182303192,POUA_PNSL_UNDER,0.06600171033962533,0.00702344287201013,0.20334082904520095,NA,4,85,50.65,17.5,22.29,6.23,3.33,49.35,31.85,WET,25.62,9.985068775571392,0.05209592040138048
POUB,PNSL,CAN,81.88775724,86.7280105,254,183.9199028,7.455880297,22.46,1.905,0.09035,0.43,0.687166667,4.958933333,3.903733333,122.1183768739885,115.30300236738395,8.35068493150685,22.46000000475773,21.206516987957425,0.9105000000363912,0.8596853835359224,POUB_PNSL_CAN,0.23263550794494808,0.01103339535056486,0.26814651713345106,NA,4,88,50.2,7.17,22.39,19.8,0.44,49.8,42.63,WET,22.83,26.32367544047376,0.06121784986156688
POUB,PNSL,UNDER,314.4278997,337.7860853,393.5,160.9870846,5.343702155,5.12,1.932,0.08126,0.27,0.4096,2.3596999999999997,4.842,31.80379352322468,29.60453504506747,12.936986301369863,5.119999998524304,4.765947787843941,0.16994999998723076,0.15819781771810004,POUB_PNSL_UNDER,0.06144492908687008,0.00258437626169723,0.10964642609284246,NA,4,87,47.36,7.62,24.59,19.98,0.45,52.64,45.02,WET,25.040000000000003,7.412975575284895,0.02745546509364775
PPA1,PNSL,CAN,154.1037838,195.364318,608,221.1389297,5.516915459,14.35,3.154,0.12676,0.31,0.3871,1.8319,2.4974000000000003,64.89133331715117,51.1864198251392,19.98904109589041,14.34999999656076,11.319310095306143,0.35799999993251297,0.28239115082417454,PPA1_PNSL_CAN,0.2046672652822948,0.00822562541128208,0.16511748330690065,NA,NA,NA,NA,NA,NA,NA,NA,NA,NA,WET,NA,NA,NA
PPRE,PNM,CAN,149.4026217,166.6857793,241,134.0515023,9.031388483,8.9725,2.647,0.25563,0.16,0.7772,3.6458,5.6309,66.93322972658385,59.99312024094187,7.923287671232877,8.972499998639583,8.042167895962796,0.6045000000826626,0.5418211752032767,PPRE_PNM_CAN,0.1771722590862674,0.01711014151500663,0.3749570015058867,NA,4,89,62.39,12.28,14.14,9.47,1.72,37.61,25.33,DRY,15.859999999999998,9.51490887021338,0.05946818043883362
PPRE,PNM,UNDER,271.0490956,334.4568915,289,163.3070801,5.055065633,6.025,3.345,0.24675,0.14,0.5454,1.858,1.725,36.89368517487132,29.899219463384867,9.501369863013698,6.0250000000368935,4.8827542278344715,0.1865000000022136,0.15114251676288154,PPRE_PNM_UNDER,0.12340937690994458,0.00910351681689949,0.2135658533098919,NA,4,90,59.47,14.66,15.45,7.44,2.98,40.53,25.87,DRY,18.43,5.510426147101831,0.03936018676501307
PROP,PNSL,CAN,71.90590896,91.03201139,844,69.04764908,6.352887056,9.6025,1.404,0.0906,0.3025,1.3188,5.237925000000001,7.496625,139.07062916849887,109.8514670532537,27.747945205479457,9.602500000161324,7.584985548016244,0.8834999999143325,0.697873963125226,PROP_PNSL_CAN,0.1952551633525724,0.01259979900266599,0.3631453456305907,NA,4,92,55.37,14.04,18.67,11.7,0.22,44.63,30.58,WET,18.88,20.7399569796543,0.06856184125505554
PROP,PNSL,UNDER,218.2159017,278.3739762,1089,77.75759966,10.51800646,3.563333333,1.786,0.11888,0.135,0.509,4.5268500000000005,6.4691,45.82617454592219,35.922898169243446,35.8027397260274,3.5633333342911,2.793278334470979,0.4819999999110972,0.3778372750060248,PROP_PNSL_UNDER,0.08184554773901703,0.00544781563001923,0.2660955419943959,NA,4,91,51.17,11.1,22.48,13.84,1.41,48.83,37.74,WET,23.9,8.585572662449184,0.06359683453666061
SABP,PNSL,CAN,178.778626,200.5373677,190,89.79156489,14.24865649,5.0225,1.193,0.08024,0.2,0.269,1.8268,2.1943,55.93509819233088,49.8660180628271,6.2465753424657535,5.0224999989652,4.477547796694251,0.7969999998769427,0.7105237619013586,SABP_PNSL_CAN,0.06673057214345074,0.00448823227895263,0.2493300903141355,NA,NA,NA,NA,NA,NA,NA,NA,NA,NA,WET,NA,NA,NA
SECD,PNM,CAN,162.670977,156.9126303,333,259.4602083,15.04706537,15.95,2.797,0.12554,0.15,0.4724,6.7349,6.046399999999999,61.47378090684241,63.72973278748232,10.947945205479453,15.949999999077892,16.5353297439435,0.9249999998463156,0.9589454552658788,SECD_PNM_CAN,0.17194216519643823,0.00771741845504499,0.42486488524988214,NA,NA,NA,NA,NA,NA,NA,NA,NA,NA,DRY,NA,NA,NA
SERA,PNM,CAN,190.5442009,204.6620256,245,263.4273578,42.77717311,13.825,2.343,0.16539,0.28,0.4362,1.8507,2.4058,52.48126131767256,48.86104283725022,8.054794520547945,13.825000002925828,12.871335413969438,2.2450000004172255,2.090137287784178,SERA_PNM_CAN,0.1229635952673068,0.00867987580932986,0.17450372441875076,NA,NA,NA,NA,NA,NA,NA,NA,NA,NA,DRY,NA,NA,NA
SERM,PNM,UNDER,243.1625741,279.5599609,309,77.16359018,7.805518628,3.173333333,1.861,0.1671,0.15,0.3622,1.5161,2.6115999999999997,41.124749715338695,35.77050149744816,10.158904109589042,3.1733333332894667,2.760180318082166,0.32099999997491385,0.2792073157712335,SERM_PNM_UNDER,0.07653315922024531,0.00687194567743309,0.23847000998298773,NA,4,94,57.95,10.63,12.89,18.23,0.31,42.05,31.42,DRY,13.19,4.718129147513412,0.03145419431675608
SIMA,PNSL,CAN,117.9171817,51.71352591,253,169.5059487,12.20442831,14.375,1.12,0.05684,0.3875,0.658775,3.7041,NA,84.80528329994847,193.37300684937964,8.317808219178081,14.375000000530031,32.77787497897569,1.0350000003434614,2.360006999182393,SIMA_PNSL_CAN,0.0949819172959423,0.00482033230276907,0.4990271144500119,NA,4,95,64.53,12.08,14.89,8.38,0.13,35.47,23.4,WET,15.019999999999998,29.044625628776817,0.07495387259039178
SPOM,PNM,CAN,110.921297,118.4880844,173,143.0884731,10.62071418,12.9,1.634,0.13353,0.231667,0.887,2.980675,5.476166667,90.1540125337698,84.39667204207075,5.6876712328767125,12.89999999729538,12.07619093722136,0.9574999993013064,0.8963529315020304,SPOM_PNM_CAN,0.14731165648017985,0.01203826529363428,0.36430165730151787,NA,NA,NA,NA,NA,NA,NA,NA,NA,NA,DRY,NA,NA,NA
STIH,PNM,CAN,134.3040671,168.373428,150,151.3942596,14.76673218,11.2725,1.587,0.13831,0.21,0.3404,2.0007,3.2288,74.45790895188757,59.39179429191167,4.931506849315069,11.272499997135233,8.991576723139472,1.0995000001753483,0.8770227199983124,STIH_PNM_CAN,0.11816470150664558,0.01029827338713557,0.28281806805672227,NA,NA,NA,NA,NA,NA,NA,NA,NA,NA,DRY,NA,NA,NA
STIR,PNM,CAN,191.434644,238.987051,199,82.41261424,31.96958555,4.305,2.897,0.21978,0.15,0.2907,1.5778,1.7185,52.23714888304126,41.84327124903516,6.542465753424658,4.304999999895525,3.4484133719864176,1.6700000001044746,1.337712039887885,STIR_PNM_CAN,0.1513310203141705,0.0114806805815148,0.2789551416602344,NA,5,98,55.79,14.03,18.21,11.63,0.34,44.21,30.18,DRY,18.549999999999997,7.761926816696021,0.05174617877797347
SYMG,PNSL,CAN,114.512664,120.4027412,230,80.33063381,4.804378819,7.015,1.558,0.08446,0.385,0.615975,4.3039499999999995,NA,87.32658599227068,83.05458746482427,7.561643835616438,7.015000001222571,6.671827651877414,0.4195500000768474,0.3990257008367846,SYMG_PNSL_CAN,0.13605482097595772,0.00737560345290718,0.21572620120733577,NA,5,100,58.98,14.97,10.21,15.71,0.12,41.02,26.04,WET,10.329999999999998,8.579538885116346,0.02228451658471778
SYMG,PNSL,UNDER,321.483587,197.8206697,1001,69.92268018,6.767229507,2.175,1.34,0.06703,0.205,0.396925,2.788125,NA,31.105787058422983,50.55083483017851,32.90958904109589,2.175000000233293,3.534649856662577,0.2105000000202187,0.34208910106626733,SYMG_PNSL_UNDER,0.0416817546582868,0.00208502090652609,0.24658943819599277,NA,5,99,56.23,14.99,18.04,10.67,0.07,43.77,28.78,WET,18.11,9.154756187745328,0.04465734725729428
TACV,PNSL,CAN,99.7285911,105.1360113,285,154.8286377,7.140567123,15.525,2.713,0.09244,0.205,1.50995,5.517225000000001,4.028074999999999,100.27214753262469,95.11488857481508,9.36986301369863,15.525000001729696,14.726508623025914,0.7160000000240654,0.679174246265133,TACV_PNSL_CAN,0.2720383362560107,0.00926915731791582,0.46397506621861023,NA,5,102,53.74,9.37,16.84,19.89,0.16,46.26,36.89,WET,17,16.169531057718565,0.07887576125716372
TACV,PNSL,UNDER,241.1341185,299.0541493,782,129.5292107,2.431837585,5.371666667,2.733,0.093410000000000007,0.1425,0.461275,5.689825,4.27785,41.47069714649277,33.43876024929643,25.70958904109589,5.37166666856395,4.331296221877901,0.10084999999699336,0.08131763397004302,TACV_PNSL_UNDER,0.11333941530136474,0.00387377782045389,0.23465796666172933,NA,5,101,52.05,7.96,19.61,20.22,0.16,47.95,39.99,WET,19.770000000000003,6.610842901285905,0.04639188000902389
TAPG,PNSL,CAN,72.1324154,92.62785994,322,99.54273325,2.546274263,13.8,1.391,0.07646,0.20625,0.315575,2.26175,2.9356,138.6339268489268,107.95887982813738,10.586301369863014,13.799999999722733,10.746521976701086,0.35299999991404696,0.2748929171686961,TAPG_PNSL_CAN,0.1928397922468572,0.01059995004686894,0.5234369931061207,NA,5,104,65.82,3.4,5.66,24.98,0.14,34.18,30.78,WET,5.800000000000001,6.26161503003197,0.030359345600155
TOCP,PNSL,CAN,96.6554878,116.4257315,214,70.94512805,6.258442835,7.34,1.992,0.10407,0.2125,0.452425,2.976675,2.967525,103.46024036102376,85.8916656237629,7.035616438356165,7.340000000496609,6.093595216105642,0.647499999994827,0.5375480793092549,TOCP_PNSL_CAN,0.20609279879915937,0.01076710721437174,0.40419607352359016,NA,5,105,70.31,6.52,4.75,18.31,0.11,29.69,23.16,WET,4.850000000000001,4.165745782752502,0.01960350956589412
TONR,PNSL,CAN,85.75755441,100.6719403,544.5,144.930267,10.98125484,16.9,1.67,0.09675,0.30375,0.381375,4.424825,4.962625,116.60780287869218,99.332544601805,17.9013698630137,16.900000005492224,14.396292210929005,1.2804999997434046,1.0907959861780872,TONR_PNSL_CAN,0.19473503080741592,0.01128180492851347,0.32702072296890533,NA,5,107,63.13,6.55,11.47,18.72,0.13,36.87,30.32,WET,11.6,11.52257517380938,0.03793440386439301
TOVL,PNSL,CAN,66.71821086,88.02177073,127,55.92654026,8.179652652,8.3825,1.473,0.07908,0.37,0.617775,4.256625,3.716,149.88411516285674,113.60825756021462,4.175342465753425,8.382500000989985,6.353716790309792,1.2260000000845346,0.9292760852415084,TOVL_PNSL_CAN,0.220779301634888,0.01185283582707871,0.3070493447573368,NA,5,109,67.29,7.7,9.61,15.3,0.1,32.71,25.01,WET,9.71,11.03136180909684,0.02981449137593741
TRIO,PNM,CAN,229.0811456,243.6192742,123,214.4772226,41.57822792,9.3625,4.114,0.3161,0.22,0.2752,1.9696,2.8028000000000004,43.65265405761966,41.047655333668175,4.043835616438356,9.362500001396883,8.803787110207226,1.814999999720623,1.7066887690448591,TRIO_PNM_CAN,0.17958701879304723,0.01379860394761357,0.1865802515166735,NA,5,110,69.61,17.43,7.15,5.63,0.18,30.39,12.96,DRY,7.330000000000001,3.0087931359578772,0.01367633243617216
TYNC,PNM,CAN,118.2912184,147.1011867,162,128.493836,17.62539154,10.8625,2.617,0.12465,0.23,0.3107,1.9216,2.432,84.5371290892038,67.98041691121178,5.326027397260274,10.862500001098985,8.735064541800872,1.4899999998647404,1.1981814651125449,TYNC_PNM_CAN,0.22123366682644635,0.01053755314096925,0.29556703004874685,NA,5,111,68.57,10.77,7.93,12.55,0.17,31.43,20.66,DRY,8.11,5.513211811499274,0.02397048613695336
UREC,PNM,CAN,189.9878334,201.3482774,90,236.5348526,38.6625241,12.45,2.883,0.2795,0.41,0.13390000000000002,0.4606,0.9887,52.63494941250274,49.66518774895662,2.958904109589041,12.450000000894793,11.747547863550778,2.0350000001631683,1.92018151827506,UREC_PNM_CAN,0.1517465591562454,0.01471146836079451,0.12113460426574783,NA,NA,NA,NA,NA,NA,NA,NA,NA,NA,DRY,NA,NA,NA
VIR2,PNSL,CAN,90.62197497,110.3313068,355,71.26059001,12.75957408,7.8635,1.632,0.1202,0.3625,0.898525,1.8908,3.0368000000000004,110.34851097993015,90.63610583464964,11.67123287671233,7.863499999154787,6.458782377985938,1.4080000004661122,1.1564781067199326,VIR2_PNSL_CAN,0.180088769919246,0.0132638910197876,0.25003063678524046,NA,5,114,62.68,6.86,10.21,20.15,0.09,37.32,30.45,WET,10.3,9.335518900968916,0.02575315558887976
VIR3,PNSL,CAN,76.05936217,74.4479852,523,101.5392485,2.479535207,13.35,1.568,0.101,0.3125,0.39475,2.22825,3.034525,131.4762537404539,134.32196953531522,17.194520547945206,13.350000000401003,13.638951843655802,0.32600000003392093,0.3330560525363955,VIR3_PNSL_CAN,0.20615476586503173,0.01327910162778584,0.4298303025130087,NA,5,115,55.66,8.87,12.6,22.77,0.09,44.34,35.47,WET,12.7,17.058890130985034,0.05458844841915211
VITT,PNM,CAN,145.9272079,158.5033023,96,149.8672425,13.27937592,10.27,2.092,0.13287,0.24,0.3713,2.0637,2.3167,68.52731676229104,63.09016818509528,3.1561643835616437,10.269999999088586,9.45514953476146,0.91000000007538,0.8377980601859043,VITT_PNM_CAN,0.14335914666671287,0.0091052245782056,0.26287570077123035,NA,NA,NA,NA,NA,NA,NA,NA,NA,NA,DRY,NA,NA,NA
VOCF,PNSL,CAN,83.02520523,86.80027172,215,148.6151174,6.642016418,17.9,1.541,0.08945,0.335,0.66765,4.8369,2.60205,120.4453511713409,115.20701262615816,7.068493150684931,17.900000004613055,17.12150370673978,0.7999999999518218,0.7652068693316759,VOCF_PNSL_CAN,0.18560628615503633,0.01077383666227644,0.34390153022733777,NA,5,117,60.67,13.97,13.67,11.57,0.12,39.33,25.36,WET,13.79,15.887047041147213,0.04742402101834988
