"sp","site","strata","SLA_LEAF","SLA_DISC","LIFETIME","Amass","Rmass","Amax","N_PCT","P_PCT","LT","LAMTUF","MDRBTUF","VEINTUF","LMA_LEAF","LMA","LL","Aarea","Aarea_DISC","Rarea","Rarea_DISC","sp_site_strata","Narea","Parea","LD","SampleID","Run","BagNo","%NPE","%WS","%AS","Lig","%Ash","%NDF","ADF","site2","cell_mass","cell_area","cell_vol","gr","site_strata","LMAp","LMAs","preLL","LDs"
"ADE1","PNSL","CAN",125.9939975,136.6989522,126,72.91902607,17.57616265,5.7875,1.548,0.08623,0.32,0.2364,1.6612,1.1728,79.3688604094016,73.1534502573897,4.14246575342466,5.78750000133935,5.33427834642905,1.39499999990079,1.28575694013257,"ADE1_WET_CAN",0.122862995913754,0.0068439768331027,0.228604532054343,NA,NA,NA,NA,NA,NA,NA,NA,NA,NA,"WET",NA,NA,NA,3,"WET_CAN",58.4597602543246,14.6936900030651,7.07366455462706,0.0459177812595785
"ALBG","PNM","CAN",108.8820038,115.5234445,183,136.9191198,12.79363545,12.575,3.027,0.1013,0.19,0.3901,4.1777,4.5685,91.8425419352909,86.5625158882793,6.01643835616438,12.5750000019746,11.8520634830967,1.17500000032145,1.10744927190948,"ALBG_DRY_CAN",0.278007374438125,0.00930364949804497,0.45559218888568,NA,1,1,61.76,15.52,10.35,12.37,0,38.24,22.72,"DRY",10.35,8.95922039443691,0.0471537915496679,1,"DRY_CAN",59.5444437107471,27.0180721775322,7.02371147854971,0.142200379881748
"AMPP","PNM","CAN",134.4509334,148.1443752,122,72.56989128,9.290559495,5.3975,2.517,0.1713,0.22,0.1827,0.7643,1.2721,74.3765755069128,67.5017190932808,4.01095890410959,5.39749999831537,4.89859241581249,0.690999999781333,0.627128737250903,"AMPP_DRY_CAN",0.187205840550899,0.0127407073843342,0.306825995878549,NA,1,2,61.65,12.77,13,12.55,0.03,38.35,25.58,"DRY",13.03,8.79547399785449,0.039979427262975,1,"DRY_CAN",42.5347131054511,24.9670059878297,8.90140601543155,0.113486390853771
"AMPP","PNM","UNDER",535.2625392,563.3448773,153,171.6408542,8.055701215,3.206666667,3.049,0.21612,NA,NA,NA,NA,18.6824208078263,17.7511155296699,5.03013698630137,3.20666666597915,3.04681663251542,0.150500000000747,0.142997682939967,"AMPP_DRY_UNDER",0.0569627010430623,0.00403764478498741,NA,NA,1,3,58.61,13.43,15.01,12.7,0.26,41.39,27.97,"DRY",15.27,2.71059534138059,NA,2,"DRY_UNDER",4.4411986936619,13.309916836008,8.39814094623205,NA
"ANAE","PNM","CAN",80.22122541,90.27216473,280,50.8923454,13.878272,6.344,1.271,0.14119,0.23,1.3451,5.8012,8.9376,124.655288533569,110.776118307449,9.20547945205479,6.34399999998704,5.63765647497396,1.73000000050735,1.53738110097496,"ANAE_DRY_CAN",0.158436871726166,0.0176000801880546,0.481635296988908,NA,1,4,59.85,5.89,16.32,16.02,1.92,40.15,34.26,"DRY",18.24,20.2055639792787,0.0878502781707769,1,"DRY_CAN",78.4999532040616,32.2761651033874,13.1974925385836,0.140331152623424
"ANAE","PNM","UNDER",189.8346477,328.5332145,243,68.56194692,2.951928771,3.611666667,1.534,0.16084,0.16,0.6281,3.377,4.6209,52.6774228053628,30.4383226981149,7.98904109589041,3.61166666626368,2.08691066516199,0.155499999961282,0.0898517605135477,"ANAE_DRY_UNDER",0.0808071665834266,0.00847263668401456,0.190239516863218,NA,1,5,60.41,9.02,14.28,13.95,2.34,39.59,30.57,"DRY",16.62,5.0588492324267,0.0316178077026669,2,"DRY_UNDER",5.71145283212576,24.7268698659891,14.1287777954931,0.154542936662432
"ANES","PNSL","CAN",109.5409421,120.3109335,280.5,139.2265374,5.630404424,12.71,2.071,0.1431,0.21,0.5617,3.6872,4.4951,91.2900675153131,83.1179653343809,9.22191780821918,12.7099999991693,11.5722265092391,0.514000000005477,0.467987759732577,"ANES_WET_CAN",0.189061729824213,0.0130636086614413,0.395799834925623,NA,NA,NA,NA,NA,NA,NA,NA,NA,NA,"WET",NA,NA,NA,3,"WET_CAN",37.3769703839688,45.7409949504121,9.07436112098586,0.217814261668629
"ANNS","PNM","CAN",141.4510298,167.8622607,216,199.4459521,5.021511559,14.1,2.283,0.17161,NA,NA,NA,NA,70.6958444497659,59.5726517580494,7.1013698630137,14.1000000057971,11.8815242490059,0.355000000077765,0.299144759403327,"ANNS_DRY_CAN",0.161398612878816,0.0121321138660243,NA,NA,1,6,58.42,15.8,15.57,9.89,0.32,41.58,25.79,"DRY",15.9,9.47205162952985,NA,1,"DRY_CAN",25.621708613627,33.9509431444224,6.24881304559666,NA
"ANNS","PNM","UNDER",397.7819408,456.4214559,168.5,207.8410641,10.97878157,5.225,2.593,0.15929,0.21125,0.5454,4.182925,3.03285,25.139401703075,21.9095747378514,5.53972602739726,5.22500000080446,4.55370932749352,0.276000000098546,0.240540435338461,"ANNS_DRY_UNDER",0.0651864686160735,0.00400445529728282,0.103713963256101,NA,1,7,70.44,10.28,11.04,8.1,0.15,29.56,19.28,"DRY",11.18,2.44949045569179,0.0115952210920321,2,"DRY_UNDER",9.64617497464513,12.2633997632063,6.90509420572527,0.058051596512219
"ANOR","PNSL","CAN",115.3770233,115.8018854,268,119.8767272,12.09728089,10.39,1.398,0.08659,0.26,0.6628,4.42,7.2265,86.6723695410159,86.3543798571003,8.81095890410959,10.389999999246,10.3518804366548,1.04849999973955,1.0446531892131,"ANOR_WET_CAN",0.12116797261834,0.00750496047855657,0.332132230219617,NA,NA,NA,NA,NA,NA,NA,NA,NA,NA,"WET",NA,NA,NA,3,"WET_CAN",51.748252313304,34.6061275437963,8.96647305308909,0.133100490553063
"ANTT","PNM","CAN",147.1279109,145.6775126,180,138.9623118,22.06918664,9.445,2.014,0.14252,NA,NA,NA,NA,67.9680690008357,68.6447744852557,5.91780821917808,9.44499999693804,9.53903655546079,1.50000000033984,1.51493433997582,"ANTT_DRY_CAN",0.136887690967683,0.0096868091939991,NA,NA,1,8,56.68,8.89,14.11,20.33,0,43.32,34.44,"DRY",14.11,9.68577767986958,NA,1,"DRY_CAN",49.7267585002169,18.9180159850388,6.19379008528771,NA
"APEM","PNSL","CAN",100.3403481,103.5598562,220,200.6806963,6.86829683,20,1.978,0.11044,0.2325,1.052825,2.708475,3.2975,99.6608063391799,96.5625133805468,7.23287671232877,20.0000000099661,19.3782324216862,0.684500000254633,0.663220004548442,"APEM_WET_CAN",0.197129074938898,0.011006539452099,0.4153226381959,NA,1,9,48.54,19.78,15.59,16.05,0.04,51.46,31.69,"WET",15.64,15.1023770927175,0.0649564606138388,3,"WET_CAN",55.3163571785113,41.2461562020355,7.2279262317024,0.177402822374346
"ARIC","PNM","CAN",127.1428571,113.2548111,173,154.4785714,15.21437662,12.15,2.624,0.14685,0.29,0.4461,1.8813,3.3323,78.6516854197702,88.2964697293994,5.68767123287671,12.1500000018483,13.639912503461,1.19663636377415,1.34337574467951,"ARIC_DRY_CAN",0.206382022541477,0.0115500000038933,0.304470585273791,NA,NA,NA,NA,NA,NA,NA,NA,NA,NA,"DRY",NA,NA,NA,1,"DRY_CAN",62.343292742392,25.9531769870074,7.00346382082511,0.0894937137483014
"ARRP","PNM","CAN",124.4482899,132.9092239,153,136.0219809,11.92836859,10.93,2.531,0.11156,0.21,0.2868,2.8084,2.8234,80.3546598192347,75.2393227991756,5.03013698630137,10.9300000031579,10.2342017287184,0.958500000247894,0.897482374810557,"ARRP_DRY_CAN",0.203377644002483,0.00896436584943382,0.358282489519884,NA,1,11,68.5,11.66,9.35,10.25,0.24,31.5,19.84,"DRY",9.59,7.21545105644094,0.0343592907449568,1,"DRY_CAN",50.834090056467,24.4052327427086,6.60154352488266,0.116215394012898
"ARRV","PNSL","CAN",117.5579211,135.911336,225,117.0289105,2.33940263,9.955,2.069,0.08438,0.15,0.4699,3.22685,4.886275,85.0644508377581,73.5773798883119,7.3972602739726,9.95500000382365,8.61068060577375,0.199000000009357,0.172127116019226,"ARRV_WET_CAN",0.175998348783322,0.00717773836169003,0.490515865922079,NA,NA,NA,NA,NA,NA,NA,NA,NA,NA,"WET",NA,NA,NA,3,"WET_CAN",18.7999213898857,54.7774584984262,10.6285431668481,0.365183056656175
"ASPC","PNSL","CAN",63.88633754,72.58641712,337,82.09394374,6.318358783,12.85,1.5675,0.07182,0.36625,0.6996,3.664275,NA,156.527989943685,137.766821903718,11.0794520547945,12.8500000001722,11.3098217266024,0.989000000046019,0.870460209181351,"ASPC_WET_CAN",0.245357624236727,0.0112418402377555,0.376155145129604,NA,1,13,62.45,10.34,12.5,14.72,0,37.55,27.21,"WET",12.49,17.2070760557743,0.0469817776266876,3,"WET_CAN",77.3877878571529,60.3790340465651,13.2667606888922,0.164857430843864
"ASPC","PNSL","UNDER",136.8954496,176.6541353,1342,52.65911627,1.635216145,3.846666667,1.289,0.07364,0.188333,0.5346,4.403833333,6.47135,73.0484470391045,56.6077889035412,44.1205479452055,3.84666666597514,2.98091613765919,0.119449999965521,0.0925659703478224,"ASPC_WET_UNDER",0.0941594482334057,0.00537928763995966,0.300572862448648,NA,1,24,54.55,5.48,20.49,19.48,0,45.45,39.97,"WET",20.49,11.5989359463356,0.0615873795157279,4,"WET_UNDER",4.54222937453837,52.0655595290028,26.7280988875779,0.276454787684595
"ASTG","PNM","CAN",136.8332879,116.2074414,271,206.9603479,10.20776327,15.125,3.123,0.19669,0.13,0.5417,3.1908,4.827,73.0816320609658,86.0530089943104,8.90958904109589,15.1249999964373,17.8095606793043,0.745999999463581,0.878408744485101,"ASTG_DRY_CAN",0.228233936926396,0.0143744262100714,0.661946223033157,NA,1,14,69.69,12.39,9.58,8.34,0,30.31,17.92,"DRY",9.58,8.24387826165494,0.0634144481665764,1,"DRY_CAN",46.904134429789,39.1488745645214,7.797012681556,0.301145188957857
"ASTG","PNM","UNDER",277.2232845,317.6323744,278,124.380847,10.43191219,4.486666667,2.692,0.1825,0.08,0.4049,1.4134,4.3196,36.0720060655655,31.4829368980091,9.13972602739726,4.48666666742418,3.91587435742192,0.376299999793127,0.328427233203342,"ASTG_DRY_UNDER",0.0971058403285024,0.00658314110696571,0.393536711225114,NA,1,15,68.92,12.57,10.95,7.35,0.2,31.08,18.51,"DRY",11.16,3.51349575781782,0.0439186969727227,2,"DRY_UNDER",12.8441547662499,18.6387821317592,11.7888828251667,0.23298477664699
"BONM","PNM","CAN",178.5772418,174.8646688,179,138.1741408,25.09010247,7.7375,2.771,0.18248,0.16,0.3353,2.2009,2.1801,55.9981770308651,57.1870811217869,5.88493150684932,7.73749999760608,7.90177579886281,1.40499999983761,1.43482972530584,"BONM_DRY_CAN",0.155170948552527,0.0102185473445923,0.357419257011168,NA,NA,NA,NA,NA,NA,NA,NA,NA,NA,"DRY",NA,NA,NA,1,"DRY_CAN",40.0390977301495,17.1479833916374,6.05101263524379,0.107174896197734
"BROU","PNSL","CAN",69.07996146,78.46942293,324,97.05734586,9.256714836,14.05,1.323,0.09005,0.3025,1.71015,7.914375,9.55935,144.759779661869,127.438174343663,10.6520547945205,14.0500000012594,12.3688109630399,1.34000000005211,1.17965883911974,"BROU_WET_CAN",0.191517188492653,0.0130356181585513,0.421283220970788,NA,1,18,52.17,7.63,19.23,20.81,0.17,47.83,40.2,"WET",19.39,24.7102620052363,0.0816868165462358,3,"WET_CAN",80.4660499355679,46.9721244080951,10.8338722294325,0.155279750109405
"BROU","PNSL","UNDER",195.0328283,236.4304775,1304,89.94263931,9.380103876,4.611666667,1.384,0.11433,0.24375,0.3408,3.8958,NA,51.2734193887502,42.2957315221765,42.8712328767123,4.61166666627272,3.80418972465172,0.480949999944189,0.396738355189424,"BROU_WET_UNDER",0.0709624124340302,0.00586209003871581,0.17352094983457,NA,1,17,51.96,7.98,22.48,17.42,0.16,48.04,40.06,"WET",22.64,9.57575361662077,0.0392851430425467,4,"WET_UNDER",12.5493127929519,29.7464187292246,18.1814607055035,0.122036589658357
"CAL2","PNSL","CAN",42.94119843,52.4750473,502,57.21914691,2.973677991,13.325,1.01,0.04967,0.44375,1.864875,5.90885,NA,232.876593239505,190.566764863116,16.5041095890411,13.3250000004716,10.9040677148661,0.692499999935377,0.566684194489521,"CAL2_WET_CAN",0.235205359171901,0.0115669803862062,0.429446230677445,NA,1,20,52.79,3.47,20.55,23.2,0,47.21,43.75,"WET",20.55,39.1614701793704,0.0882512004042149,3,"WET_CAN",77.1929883106758,113.37377655244,21.2583520806414,0.255490200681555
"CAL2","PNSL","UNDER",157.8754266,211.9113089,1050,49.54657139,5.738771758,3.138333333,1.101,0.05415,0.285,0.66905,3.663575,NA,63.341079833383,47.1895532706985,34.5205479452055,3.1383333338844,2.33808056998887,0.363500000069042,0.270810075582521,"CAL2_WET_UNDER",0.0697385288965547,0.00342991947297769,0.165577379897188,NA,1,19,51.49,3.43,25.11,19.93,0.05,48.51,45.08,"WET",25.15,11.8681726475807,0.0416427110441427,4,"WET_UNDER",10.2107971607362,36.9787561099623,26.7521363029759,0.129750021438464
"CARG","PNSL","CAN",72.46290136,77.87988892,690,29.36559077,5.644860016,4.0525,1.457,0.10551,0.2875,0.6463,5.7371,4.77025,138.00165066976,128.40285391614,22.6849315068493,4.05249999915267,3.77062566180147,0.779000000007728,0.72481613601151,"CARG_WET_CAN",0.20106840502584,0.0145605541621664,0.44661862231701,NA,1,21,68.82,3.27,12.47,15.08,0.36,31.18,27.91,"WET",12.83,16.4740861574408,0.0573011692432724,3,"WET_CAN",35.4002468144084,93.0026071017316,31.5140282604332,0.323487329049501
"CAS3","PNSL","CAN",80.97704677,85.84307894,272,124.2997668,3.769481527,15.35,2.043,0.10515,0.3375,0.45555,3.971275,3.289225,123.491784386792,116.491627787367,8.94246575342466,15.3500000009941,14.4798821681221,0.465499999982279,0.439113038994638,"CAS3_WET_CAN",0.252293715502216,0.0129851611282712,0.345160378629234,NA,NA,NA,NA,NA,NA,NA,NA,NA,NA,"WET",NA,NA,NA,3,"WET_CAN",50.8006528811252,65.6909749062418,11.6123594063703,0.194639925648124
"CAS4","PNM","CAN",115.6205288,116.8281394,180,197.1330016,10.49256299,17.05,2.41,0.17116,0.35,0.5128,3.3586,3.2511,86.4898310342272,85.5958166530554,5.91780821917808,17.049999999654,16.8737602612201,0.907500000121086,0.898119497912675,"CAS4_DRY_CAN",0.208440492792488,0.0148035994798183,0.244559476151587,NA,1,22,53.48,12.5,16.81,15.79,1.41,46.52,34.01,"DRY",18.22,15.5955577941867,0.0445587365548191,1,"DRY_CAN",55.5502172989165,30.0455993541389,6.27438799017245,0.085844569583254
"CAS4","PNM","UNDER",527.4770174,640.6920992,129,201.7599591,13.92539326,3.825,2.712,0.2109,0.28,0.1869,1.7105,1.3536,18.9581719584509,15.608121299586,4.24109589041096,3.82499999894782,3.14909391503231,0.264000000012133,0.217349227146518,"CAS4_DRY_UNDER",0.0514145623513189,0.0039982784660373,0.0557432903556644,NA,1,23,51.27,10.96,25.98,9.78,2.01,48.73,37.77,"DRY",27.99,4.36871315175413,0.0156025469705505,2,"DRY_UNDER",6.93503632273741,8.67308497684859,5.89756019694394,0.0309753034887449
"CAYG","PNSL","CAN",85.99670123,104.0807135,525,70.60329171,15.04942271,8.21,2.284,0.14497,0.24,0.7212,3.4757,5.8828,116.283530146753,96.0792798562051,17.2602739726027,8.21000000001977,6.78351342297437,1.74999999938951,1.44593769622842,"CAYG_WET_CAN",0.265591582855183,0.0168576233653748,0.400330332734188,NA,NA,NA,NA,NA,NA,NA,NA,NA,NA,"WET",NA,NA,NA,3,"WET_CAN",55.3258182827185,40.7534615734867,12.4183974411818,0.169806089889528
"CECI","PNSL","CAN",81.72130224,123.4032786,231,119.108798,4.02068807,14.575,2.177,0.1177,0.28375,0.576275,4.350825,2.66885,122.367115132746,81.0351241348623,7.59452054794521,14.574999998189,9.65199623148424,0.491999999974548,0.32581695686001,"CECI_WET_CAN",0.266393209643988,0.0144026094511242,0.285586340563391,NA,2,25,59.64,6.97,17.17,15.48,0.74,40.36,33.39,"WET",17.91,14.5133907325538,0.0511485135949034,3,"WET_CAN",38.7215717884919,42.3135523463704,7.97156953321621,0.149122651440953
"CECL","PNM","CAN",113.6589317,110.2346096,89,233.7111783,21.25422023,20.5625,2.728,0.19725,NA,NA,NA,NA,87.982526761687,90.7156113337385,2.92602739726027,20.5624999992851,21.2012524150129,1.87000000018476,1.92808958158636,"CECL_DRY_CAN",0.240016333005882,0.0173545534037428,NA,NA,2,26,56.61,17.84,11.6,10.92,3.03,43.39,25.54,"DRY",14.62,13.2626223769926,NA,1,"DRY_CAN",77.3834257374258,13.3321855963127,3.75160928134799,NA
"CECP","PNM","CAN",137.9364469,146.3030198,114,248.9752867,11.78896833,18.05,2.984,0.16539,NA,NA,NA,NA,72.4971552098171,68.3512890825511,3.74794520547945,18.0500000032986,17.0177817956427,0.854666666783629,0.80579118230887,"CECP_DRY_CAN",0.216331511146094,0.0119903045001517,NA,NA,2,27,62.51,9.95,12.51,14.23,0.8,37.49,27.54,"DRY",13.31,9.09755657688755,NA,1,"DRY_CAN",47.6993887908658,20.6519002916853,4.44746337832266,NA
"CES1","PNSL","CAN",112.2480727,136.8363064,309,171.458931,13.35752065,15.275,1.59,0.09786,0.21,1.978375,12.7547,5.811775,89.0883893100465,73.0800199383341,10.158904109589,15.2749999956124,12.5302220960855,1.18999999988419,0.97616787542871,"CES1_WET_CAN",0.141650539002974,0.00871818977788115,0.348000094944448,NA,2,29,50.73,4.96,23.79,20.42,0.1,49.27,44.31,"WET",23.89,17.458816763268,0.0831372226822287,3,"WET_CAN",44.3187883346941,28.76123160364,6.19680393213167,0.136958245731619
"CES1","PNSL","UNDER",180.3529412,225.7777778,971,38.48571451,0.913487647,2.133911111,1.189,0.07503,NA,NA,NA,NA,55.4468362615203,44.2913385783178,31.9232876712329,2.13391111084359,1.70458381179089,0.0506499999901305,0.0404595906603878,"CES1_WET_UNDER",0.0659262883149476,0.00416017612470187,NA,NA,2,28,37.46,5.31,31.29,25.83,0.11,62.54,57.24,"WET",31.41,13.9119094474496,NA,4,"WET_UNDER",1.21960642144819,43.0717321568696,28.544128789795,NA
"CHRC","PNM","CAN",73.0393627,81.35756601,152.5,82.89967666,3.794394892,11.35,1.702,0.10115,0.31,1.0472,4.1958,5.38985,136.912476099685,122.914198278386,5.01369863013699,11.3499999993839,10.1895472942013,0.519499999963718,0.466385006101782,"CHRC_DRY_CAN",0.233025034321664,0.0138486969574832,0.396497413801244,NA,2,30,55.41,6.62,13.8,24.04,0.13,44.59,37.96,"DRY",13.92,17.1096564003513,0.0551924400011332,1,"DRY_CAN",68.3488568541217,54.5653414242642,11.9269649737809,0.176017230400852
"CHRC","PNM","UNDER",177.7428065,213.9304232,365,139.4984793,6.48583501,7.848333333,1.894,0.13376,0.2,0.7403,3.7549,5.252,56.2610673079476,46.7441696717029,12,7.84833333325363,6.52074058534373,0.364900000045853,0.303174972170111,"CHRC_DRY_UNDER",0.106558461481253,0.00752548036311107,0.233720848358514,NA,2,31,53.69,12.26,15.83,16.95,1.26,46.31,34.05,"DRY",17.1,7.99325301386119,0.0399662650693059,2,"DRY_UNDER",18.5211049744098,28.2230646972931,12.5375985282106,0.141115323486466
"CLU?","PNSL","CAN",58.06658191,66.49771501,421,66.66043603,7.461555775,11.48,1.021,0.0661,0.41625,0.518875,5.061125,NA,172.21609523184,150.381107057531,13.841095890411,11.4799999995385,10.0244701671291,1.28499999992509,1.12207701781601,"CLU?_WET_CAN",0.175832633231709,0.0113834838948246,0.361275932870946,NA,2,32,70.03,11.28,10.9,7.68,0.11,29.97,18.69,"WET",11.01,16.5569598870342,0.0397764802090911,3,"WET_CAN",86.4947907082924,63.8863163492386,15.4021282800298,0.153480639878051
"COCP","PNSL","CAN",108.4053756,126.3764562,445,139.8429345,11.66441841,12.9,2.097,0.09513,0.155,0.6929,3.674975,4.890425,92.2463479753858,79.1286628909286,14.6301369863014,12.8999999977861,11.0655844217287,1.07599999957936,0.922989832183631,"COCP_WET_CAN",0.193440591704384,0.00877539508289845,0.51050750252212,NA,2,33,55.41,8.25,16.95,19.27,0.12,44.59,36.34,"WET",17.07,13.5072627554815,0.0871436306805259,3,"WET_CAN",42.1190324716003,37.0096304193283,8.06878604899057,0.238771809156957
"COMF","PNM","CAN",124.4205919,143.3056316,154,197.5176897,23.63991246,15.875,2.356,0.15729,NA,NA,NA,NA,80.3725480428292,69.7809282744196,5.06301369863014,15.8750000047219,13.7829677378848,1.89999999991963,1.64961503578482,"COMF_DRY_CAN",0.189357723188906,0.0126417980816566,NA,NA,2,34,63.28,13.56,9.92,11.22,2.02,36.72,23.15,"DRY",11.93,8.32486474313826,NA,1,"DRY_CAN",53.6583323070842,16.1225959673354,4.35814101207076,NA
"CORA","PNM","CAN",105.7057487,118.2462252,175,222.510601,7.616099192,21.05,2.566,0.15607,0.243333,0.7111,2.076033333,3.137766667,94.6022342491577,84.5692958323713,5.75342465753425,21.0499999987229,18.8175648418077,0.720499999826405,0.644088145656932,"CORA_DRY_CAN",0.242749333083339,0.014764570699266,0.347545527455673,NA,2,35,54.85,14.84,17.36,12.08,0.87,45.15,30.31,"DRY",18.23,15.4169826302413,0.0633575496551692,1,"DRY_CAN",52.0200795859838,32.5492162463875,5.81976557851695,0.133764085620888
"CORA","PNM","UNDER",303.0459105,402.8590957,243,181.2719621,7.318558738,5.981666667,2.752,0.1433,0.125,0.200833333,0.9584,1.071666667,32.9983004340855,24.8225747084702,7.98904109589041,5.98166666565197,4.49963682177823,0.241499999981026,0.181665471032332,"CORA_DRY_UNDER",0.0908113227946034,0.00472865645220446,0.198580597667762,NA,2,36,47.56,10.25,21.67,17.26,3.26,52.44,42.19,"DRY",24.93,6.18826787482162,0.049506142998573,2,"DRY_UNDER",9.01214316530241,15.8104315431678,7.76861506796611,0.126483452345342
"CORB","PNSL","CAN",85.08030934,95.02157189,289,188.0274836,4.385464545,22.1,1.842,0.093055,0.27,1.196725,4.5094,4.8573,117.536008949353,105.239260949885,9.5013698630137,22.099999995134,19.7878734123307,0.515450000008192,0.461523047637725,"CORB_WET_CAN",0.216501328484709,0.0109373133127821,0.389775040555131,NA,NA,NA,NA,NA,NA,NA,NA,NA,NA,"WET",NA,NA,NA,3,"WET_CAN",50.9917955012125,54.2474654486725,8.33053809841614,0.200916538698787
"CORB","PNSL","UNDER",301.833216,257.8559899,318,90.44935374,19.4833341,2.996666667,2.31,0.1432,NA,NA,NA,NA,33.1308798035005,38.7813368379696,10.4547945205479,2.99666666706424,3.50774685416761,0.645500000238542,0.7555897424588,"CORB_WET_UNDER",0.0765323323460861,0.00474434198786127,NA,NA,2,37,47.16,10.85,22.44,18.08,1.46,52.84,41.99,"WET",23.91,9.27261763795854,NA,4,"WET_UNDER",21.8844251654034,16.8969116725662,21.0211504722713,NA
"CYMR","PNSL","CAN",140.6555915,184.5953645,101,83.97138811,12.89811774,5.97,2.071,0.1251,0.27,0.45,2.504,2.5284,71.0956449960967,54.1725412611864,3.32054794520548,5.96999999889802,4.54894348714808,0.916999999960897,0.698723815461791,"CYMR_WET_CAN",0.147239080786916,0.0088940651890117,0.200639041708098,NA,NA,NA,NA,NA,NA,NA,NA,NA,NA,"WET",NA,NA,NA,3,"WET_CAN",40.1952300997731,13.9773111614133,5.69150822647031,0.0517678191163455
"DENA","PNSL","UNDER",335.5635492,288.7708508,1246.5,105.4228817,10.15079736,3.141666667,1.694,0.07218,0.2225,0.432075,2.497975,4.3524,29.8006145895181,34.629534013895,40.9808219178082,3.14166666645806,3.65074526767298,0.302499999901658,0.351517382446276,"DENA_WET_UNDER",0.0504822411146437,0.00215100836107142,0.155638355118629,NA,2,38,56.1,11.63,20.67,11.53,0.07,43.9,32.27,"WET",20.74,7.18216535448182,0.0322793948516037,4,"WET_UNDER",7.10530371682642,27.5242302970686,18.941451248976,0.123704405829522
"DIOG","PNM","UNDER",180.345826,188.3374725,213,129.1877267,8.648584276,7.163333333,1.755,0.12587,NA,NA,NA,NA,55.4490238105095,53.0961781915174,7.0027397260274,7.16333333381389,6.85937455702025,0.479555555447122,0.459206771822851,"DIOG_DRY_UNDER",0.0973130367874441,0.00697936862702883,NA,NA,2,39,45.31,18.88,17.96,17.69,0.15,54.69,35.81,"DRY",18.12,9.62102748830295,NA,2,"DRY_UNDER",29.1723908776718,23.9237873138456,12.761664541505,NA
"DIOW","PNSL","CAN",197.6215408,160.9787148,169,254.4377337,38.53620045,12.875,2.619,0.1547,0.19,0.3452,2.2197,2.9152,50.601771241731,62.1200138939114,5.55616438356164,12.8749999959519,15.8056755525793,1.94999999969639,2.39386930737255,"DIOW_WET_CAN",0.132526038882093,0.00782809401109578,0.326947441546902,NA,2,40,54.56,9.23,12.06,23.54,0.62,45.44,36.21,"WET",12.67,7.87060576035857,0.0414242408439925,3,"WET_CAN",46.557715811818,15.5622980820934,4.57930216904709,0.0819068320110179
"DOL1","PNM","UNDER",210.1494049,243.5156704,302,86.40643032,3.509495062,4.111666667,1.668,0.09318,NA,NA,NA,NA,47.5851930428188,41.0651190684113,9.92876712328767,4.11166666691808,3.54829034936718,0.16700000000809,0.144117832591031,"DOL1_DRY_UNDER",0.0793721019954218,0.00443398828772986,NA,NA,2,41,49.2,15.25,15.41,15.36,4.78,50.8,35.56,"DRY",20.2,8.29515405181908,NA,2,"DRY_UNDER",7.20280182950581,33.8623172389055,17.9363996737361,NA
"DOL2","PNM","CAN",120.2180275,129.7101412,150.5,100.3519985,13.93326939,8.3475,1.422,0.0928,0.3325,0.868275,4.750725,3.535075,83.1821999408533,77.0949742825505,4.94794520547945,8.34750000369121,7.73663474356005,1.15900000022875,1.0741850452939,"DOL2_DRY_CAN",0.118285088315893,0.00771930815451119,0.231864584308423,NA,NA,NA,NA,NA,NA,NA,NA,NA,NA,"DRY",NA,NA,NA,1,"DRY_CAN",55.8703182145176,21.2246560680329,7.19125255674463,0.0638335520843095
"DOL2","PNSL","UNDER",235.3774904,244.091749,748,45.34939648,4.209255661,1.926666667,1.214,0.08485,0.18,0.942875,1.883575,5.04755,42.4849461306008,40.9682016740353,24.5917808219178,1.92666666650806,1.85788322078843,0.178830000007511,0.172445634817423,"DOL2_WET_UNDER",0.0515767246025493,0.00360484767918147,0.227601120411307,NA,2,42,51.07,14.25,16.66,17.9,0.12,48.93,34.68,"WET",16.78,6.87446424090312,0.0381914680050173,4,"WET_UNDER",3.82941954106191,37.1387821329734,30.4718842398784,0.206326567405408
"DOLD","PNSL","CAN",89.96076187,95.89693966,274.5,84.58560635,1.454215716,9.4025,1.328,0.06865,0.345,0.4732,4.606875,4.403425,111.15957437589,104.278614473566,9.02465753424658,9.40250000019258,8.8204698345845,0.16165000004129,0.151643600010165,"DOLD_WET_CAN",0.147619914771182,0.00763110478090485,0.302256853546569,NA,2,43,56,4.97,13.72,25.13,0.18,44,39.03,"WET",13.9,14.4947274118257,0.0420137026429731,3,"WET_CAN",17.3663644903085,86.9122499832575,16.4879852958996,0.251919565168862
"DOLD","PNM","UNDER",220.3259944,289.9661438,259.5,86.88188379,3.489963751,3.943333333,1.532,0.10836,0.17,0.1986,3.0624,3.5781,45.3872908969837,34.4867847982189,8.53150684931507,3.94333333325466,2.99627682912959,0.158399999986565,0.120357628834322,"DOLD_DRY_UNDER",0.069533329654179,0.00491816684159715,0.202863439989523,NA,NA,NA,NA,NA,NA,NA,NA,NA,NA,"DRY",NA,NA,NA,2,"DRY_UNDER",6.43983114081545,28.0469536574034,15.2327199153181,0.164982080337667
"DOLO","PNM","CAN",141.3323433,164.8211202,214,127.6761056,0.722208274,9.03375,1.639,0.0986,NA,NA,NA,NA,70.755212618059,60.6718361570752,7.03561643835616,9.03374999797375,7.74634376013663,0.0510999999813914,0.0438177020714121,"DOLO_DRY_CAN",0.115967793480999,0.00697646396414061,NA,NA,NA,NA,NA,NA,NA,NA,NA,NA,NA,"DRY",NA,NA,NA,1,"DRY_CAN",5.30103874391002,55.3707974131652,10.2319199804598,NA
"DRSE","PNM","CAN",199.3770409,244.2187883,60,257.6948254,16.00000754,12.925,1.965,0.16717,0.45,0.1737,0.9094,1.7475,50.1562263882511,40.9468905714,1.97260273972603,12.9250000018432,10.5518018164698,0.802500000389965,0.655150557881955,"DRSE_DRY_CAN",0.0985569848529134,0.00838461636532394,0.0909930901586666,NA,NA,NA,NA,NA,NA,NA,NA,NA,NA,"DRY",NA,NA,NA,1,"DRY_CAN",31.838582398278,9.10830817312202,2.6397374491753,0.02024068482916
"DUSM","PNSL","CAN",97.29651999,101.6176596,340,169.1337839,16.0539258,17.38333333,2.145,0.1054,0.291667,0.435133333,3.843066667,4.4826,102.778598875148,98.4080920517481,11.1780821917808,17.383333331694,16.6441329750917,1.65000000016958,1.57983620791833,"DUSM_WET_CAN",0.220460094587192,0.0108328643214406,0.337398787150237,NA,2,44,51.97,9.83,17.8,20.32,0.08,48.03,38.19,"WET",17.87,17.5855260496474,0.0602931632637473,3,"WET_CAN",63.9027830682922,34.5053089834559,7.40682455823523,0.118303781310385
"FIIN","PNM","CAN",77.29680051,71.08590706,92,211.0202654,18.89906772,27.3,2.114,0.17449,0.4,0.67855,6.59805,5.805525,129.371460836937,140.674859667466,3.02465753424658,27.3000000009962,29.6852462221363,2.4449999993926,2.65862369935693,"FIIN_DRY_CAN",0.273491268209285,0.0225740262014371,0.351687149168664,NA,2,45,59.9,12.85,15.16,8.55,3.54,40.1,27.25,"DRY",18.7,26.3061987578161,0.0657654968945402,1,"DRY_CAN",126.668936041236,14.0059236262296,4.03795539944421,0.0350148090655739
"FINY","PNSL","CAN",106.323181,103.8182423,233.5,198.5585405,2.153044415,18.675,1.55,0.09748,0.2475,0.523875,5.59455,4.92475,94.0528669848582,96.3221855664185,7.67671232876712,18.6749999983541,19.1255925838382,0.202499999976487,0.207385943674371,"FINY_WET_CAN",0.14578194382653,0.00916827347368398,0.389180547743105,NA,NA,NA,NA,NA,NA,NA,NA,NA,NA,"WET",NA,NA,NA,3,"WET_CAN",30.3851115735615,65.937073992857,9.60835062276297,0.26641242017316
"FIPA","PNSL","CAN",91.51877364,110.2973746,245,225.1361831,6.21412473,24.6,1.977,0.1324,0.2,0.4389,4.0147,6.3929,109.267198436642,90.6639893856549,8.05479452054795,24.5999999940559,20.4117445149053,0.678999999982954,0.563397338561855,"FIPA_WET_CAN",0.216021251309241,0.0144669770730114,0.453319946928274,NA,2,46,60.69,11.27,15.05,12.14,0.84,39.31,28.04,"WET",15.9,14.4155743123191,0.0720778715615956,3,"WET_CAN",51.641376639842,39.0226127458129,6.2019774280839,0.195113063729065
"FORM","PNSL","CAN",109.1106708,108.7289094,218,150.8455024,15.33004925,13.825,2.046,0.1139,NA,NA,NA,NA,91.6500643491599,91.9718596938304,7.16712328767123,13.8250000017414,13.8735413821782,1.40500000023829,1.40993313872051,"FORM_WET_CAN",0.187516031658381,0.0104389423293693,NA,NA,2,47,63.34,10.79,12.25,13.6,0.03,36.66,25.88,"WET",12.28,11.2941443704024,NA,3,"WET_CAN",63.6420866017119,28.3297730921185,7.10241879196461,NA
"FORS","PNM","CAN",125.6437546,98.79399925,107,219.8765706,18.77676111,17.5,2.862,0.16439,NA,NA,NA,NA,79.5901080148078,101.220722674611,3.51780821917808,17.5000000039795,22.2560653753472,1.49444444491314,1.90059732904274,"FORS_DRY_CAN",0.22778688913838,0.0130838178565542,NA,NA,3,49,63.02,14.44,9.47,12.94,0.14,36.98,22.54,"DRY",9.6,9.71718937676268,NA,1,"DRY_CAN",83.3602041791595,17.8605184954515,4.93617087684908,NA
"FORV","PNSL","CAN",74.46374252,69.37264655,305,86.68820691,8.86118536,11.64166667,1.551,0.0798,0.32,0.4267,3.0579,3.0422,134.293545577757,144.14903419884,10.027397260274,11.6416666657221,12.4960213025057,1.19000000001612,1.2773313115009,"FORV_WET_CAN",0.208289289191101,0.010716624937105,0.450465731871375,NA,3,50,59,8.11,12.92,19.89,0.08,41,32.89,"WET",13,18.7393744458492,0.0585605451432788,3,"WET_CAN",88.8575809490623,55.2914532497777,13.5799501574411,0.172785791405555
"GOUL","PNM","CAN",253.8095238,270.1239596,92,240.9921429,12.30075167,9.495,3.396,0.17882,0.19,0.3596,1.4943,2.2376,39.3996247669568,37.0200407798257,3.02465753424658,9.49500000204484,8.92153895777559,0.484645000149518,0.45537432844591,"GOUL_DRY_CAN",0.133801125708585,0.00704544090082722,0.19484231989382,NA,3,51,60.45,16.42,13.7,9.28,0.16,39.55,23.13,"DRY",13.85,5.12727564800586,0.026985661305294,1,"DRY_CAN",22.070800171716,14.9492406081097,3.87809268103155,0.0786802137268932
"GUA?","PNSL","CAN",99.76420005,109.4779388,304,150.1451211,10.4253589,15.05,2.273,0.19458,0.29,0.3891,4.1956,5.7359,100.236357280349,91.3426039036825,9.99452054794521,15.0500000024809,13.7146463247078,1.04499999947627,0.952279428556432,"GUA?_WET_CAN",0.227837240098233,0.0195039903996103,0.314974496219595,NA,3,52,58.21,7.75,14.13,19.76,0.14,41.79,34.04,"WET",14.28,13.0437238374459,0.0449783580601582,3,"WET_CAN",53.8242938192409,37.5183100844416,7.89482678844899,0.129373483049799
"GUAD","PNSL","CAN",127.4428699,136.2104601,211.5,223.0250223,6.550563513,17.5,2.095,0.10961,0.2,1.012425,2.005975,NA,78.4665317710332,73.415800759049,6.95342465753425,17.4999999980383,16.3735606014593,0.514000000010985,0.480914865729904,"GUAD_WET_CAN",0.164387384060315,0.00860071654742295,0.367079003795245,NA,3,54,57.84,11.48,14.54,15.53,0.6,42.16,30.68,"WET",15.15,11.1224938149959,0.0556124690749797,3,"WET_CAN",38.1030742555325,35.3127265035165,6.28852917051564,0.176563632517583
"GUAD","PNSL","UNDER",290.2665374,259.3132863,639,115.6712152,13.59898728,3.985,2.069,0.1312,0.15375,1.084675,4.072975,5.795466667,34.4510948095252,38.5633923455468,21.0082191780822,3.9850000015882,4.46067445484377,0.468500000096808,0.52442308198074,"GUAD_WET_UNDER",0.0712793151609077,0.00451998363900971,0.250818812003556,NA,3,53,56.02,11.43,17.59,13.47,1.48,43.98,32.55,"WET",19.08,7.35789525953032,0.0478562293302785,4,"WET_UNDER",13.1181050064659,25.4452873390809,17.6708798024407,0.165497803831421
"GUAU","PNM","CAN",127.7546628,175.731909,201,247.5246593,13.47811693,19.375,2.292,0.15163,NA,NA,NA,NA,78.2750295044417,56.9048618256346,6.60821917808219,19.3750000097844,14.0853565359038,1.05500000036007,0.766970381571397,"GUAU_DRY_CAN",0.17940636762418,0.0118688427237585,NA,NA,3,55,44.46,33.72,11.79,9.65,0.39,55.54,21.82,"DRY",12.17,6.92532168417974,NA,1,"DRY_CAN",36.4459159628739,20.4589458627607,4.02105110466591,NA
"HAVF","PNSL","CAN",57.61182318,60.0114826,552.5,86.27370521,5.64307808,14.975,0.774,0.05365,0.455,0.5632,3.216225,NA,173.575482392849,166.634776658559,18.1643835616438,14.9749999996442,14.3761995991747,0.97949999991651,0.94033305552761,"HAVF_WET_CAN",0.134347423372065,0.00931232463037633,0.366230278370459,NA,3,56,61.95,7.38,13.03,17.58,0.06,38.05,30.67,"WET",13.09,21.8124922646054,0.0479395434386931,3,"WET_CAN",82.6254668949146,84.0093097636444,16.1585213454521,0.184635845634383
"HEIS","PNSL","CAN",129.5667019,146.0168144,335,98.69743517,10.6698179,7.6175,1.863,0.09943,0.17,0.37515,5.754675,4.574525,77.1803237510671,68.4852634341542,11.013698630137,7.61749999982056,6.75931984789281,0.823499999886931,0.730725289675954,"HEIS_WET_CAN",0.143786943148238,0.0076740395905686,0.402854490789142,NA,3,58,69.88,15.43,8.39,6.21,0.09,30.12,14.69,"WET",8.48,5.80755033921628,0.0341620608189193,3,"WET_CAN",33.567288795668,34.9179746384862,9.57724829035941,0.205399850814625
"HEIS","PNSL","UNDER",287.348525,316.7018602,968,73.17809103,18.13169193,2.546666667,1.777,0.09311,NA,NA,NA,NA,34.8009442540204,31.5754381539941,31.8246575342466,2.54666666655066,2.31063028754512,0.631000000087002,0.57251611716299,"HEIS_WET_UNDER",0.0618412779393943,0.00324031591949184,NA,NA,3,57,69.7,12.7,10.92,6.36,0.32,30.3,17.6,"WET",11.24,3.54907924850894,NA,4,"WET_UNDER",12.0967478115923,19.4786903424018,29.1093154526425,NA
"LACP","PNSL","CAN",113.9312682,125.4043606,572,118.2891392,9.581619652,10.3825,1.152,0.06384,0.31875,0.717425,1.60095,NA,87.772217039185,79.7420436749948,18.8054794520548,10.3824999992408,9.43261770436394,0.840999999682265,0.764057932766973,"LACP_WET_CAN",0.101113594029141,0.00560337833578157,0.250171117411749,NA,3,59,50.28,18.14,9.1,22.45,0.03,49.72,31.58,"WET",9.13,7.28044858752703,0.0228406230196926,3,"WET_CAN",36.1693499846148,43.57269369038,9.86557038385592,0.13669864687178
"LICH","PNSL","UNDER",210.0271116,256.042964,1368,92.13189294,2.567581439,4.386666667,1.801,0.05751,NA,NA,NA,NA,47.6129006575359,39.0559453139279,44.9753424657534,4.38666666594295,3.5982981723333,0.12224999998524,0.10027932027064,"LICH_WET_UNDER",0.0857508340842221,0.00273821791681489,NA,NA,3,60,50.52,7.88,20.34,20.02,1.24,49.48,41.6,"WET",21.58,8.42827299874563,NA,4,"WET_UNDER",4.43705766981908,34.6188876441088,16.8487522009857,NA
"LONL","PNSL","CAN",69.70933298,79.37248752,285,121.6427861,3.617914382,17.45,2.104,0.07998,0.24,0.515625,3.92375,5.07725,143.452814314965,125.988239910967,9.36986301369863,17.4500000071583,15.3255605186052,0.519000000048487,0.455814665136754,"LONL_WET_CAN",0.301824721318686,0.0114733560889109,0.524950999629029,NA,3,61,59.05,13.46,14.2,13.12,0.16,40.95,27.49,"WET",14.37,18.104510075206,0.0754354586466915,3,"WET_CAN",58.3129843373954,67.6752555735715,11.4460993988985,0.281980231556548
"LUE1","PNM","CAN",95.65074329,101.188022,186,147.8601073,34.29079147,15.45833333,1.763,0.1544,0.2275,0.680725,2.90895,3.354125,104.547018204358,98.825926254394,6.11506849315068,15.4583333295914,14.6124120599966,3.58500000005593,3.38881922901902,"LUE1_DRY_CAN",0.184316393094283,0.0161420596107529,0.43439967584349,NA,3,62,59.02,9.08,15.89,15.97,0.03,40.98,31.89,"DRY",15.92,15.7330874596995,0.0691564283942836,1,"DRY_CAN",82.4006744822838,16.4252517721102,5.47735358058011,0.0721989088883964
"LUE1","PNM","UNDER",235.9264255,393.3870841,180,88.8262992,2.637657437,3.765,2.257,0.22478,0.13,0.3014,3.2823,2.9852,42.3860954906046,25.4202550215349,5.91780821917808,3.76499999996821,2.25798717828316,0.111799999996185,0.0670499247079882,"LUE1_DRY_UNDER",0.0956654175222945,0.00952754654437809,0.195540423242576,NA,3,63,56.13,10.13,16.84,16.74,0.17,43.87,33.74,"DRY",17,4.32144335366094,0.033241871951238,2,"DRY_UNDER",4.30670580947609,21.1135492120588,11.4314137795917,0.162411917015837
"MACR","PNM","CAN",224.1964497,247.8643932,180,279.1245799,23.12586379,12.45,4.442,0.2687,NA,NA,NA,NA,44.6037393249586,40.3446411600196,5.91780821917808,12.4500000010482,11.2611810150067,1.03150000015366,0.933004676123041,"MACR_DRY_CAN",0.198129810081466,0.0119850247566164,NA,NA,NA,NA,NA,NA,NA,NA,NA,NA,NA,"DRY",NA,NA,NA,1,"DRY_CAN",25.6560023703253,14.6886387896943,3.63696974751708,NA
"MANB","PNSL","CAN",56.3680725,67.0559825,427,79.90174277,3.988041129,14.175,1.307,0.07073,0.3875,1.06005,3.3737,NA,177.405392032875,149.129125056068,14.0383561643836,14.1750000002218,11.9156769897451,0.707499999933473,0.594733084255383,"MANB_WET_CAN",0.231868847386967,0.0125478833784852,0.384849354983401,NA,3,65,61.96,8.1,14.06,15.88,0,38.04,29.94,"WET",14.06,20.9675549828831,0.0541098193106662,3,"WET_CAN",67.8566433968792,81.2724816591888,15.3657376213967,0.209735436539842
"MARP","PNSL","CAN",106.9717521,124.945419,356.5,176.4231621,12.99171929,16.4925,1.422,0.09898,0.35,0.6535,3.9472,5.5051,93.4826232504048,80.0349470995811,11.7205479452055,16.4924999952394,14.1200184458143,1.21449999976209,1.03979156610776,"MARP_WET_CAN",0.132932290262076,0.00925291004932507,0.228671277427375,"68 rerun",6,141,45.82,13.83,24.39,15.86,0.09,54.18,40.35,"WET",24.49,19.6005585446874,0.0560015958419641,3,"WET_CAN",47.0231825373836,33.0117645621975,6.7046549423663,0.0943193273205642
"MICB","PNSL","CAN",110.2901854,119.6390729,189,135.7672182,14.22743391,12.31,2.225,0.10103,0.18,0.2657,1.7787,1.8293,90.6698992637653,83.5847332949368,6.21369863013699,12.3099999975156,11.3480667234425,1.28999999940158,1.18919626883869,"MICB_WET_CAN",0.201740525861878,0.00916037992261821,0.464359629416315,NA,3,69,69.16,4.06,7.67,19,0.1,30.84,26.78,"WET",7.78,6.50289225034608,0.0361271791685894,3,"WET_CAN",58.5524434785546,25.0322898163822,6.75465853942828,0.139068276757679
"MIKL","PNM","CAN",131.6252343,126.8645936,213,192.1728421,2.790454968,14.6,1.8825,0.132725,0.37,0.935,2.5139,3.3653,75.9732740699858,78.8241992208613,7.0027397260274,14.6000000016714,15.1478703905295,0.212000000063818,0.219955378314474,"MIKL_DRY_CAN",0.143019688436748,0.0100835528009389,0.213038376272598,NA,3,70,53.57,12.79,18.89,12.02,2.72,46.43,33.64,"DRY",21.62,17.0417918715502,0.0460588969501357,1,"DRY_CAN",24.8977562460636,53.9264429747977,8.90794386743131,0.145747143175129
"NECP","PNSL","CAN",71.95198836,79.90104056,462,70.09922466,7.411054801,9.7425,1.342,0.06792,0.26,0.8545,3.8077,5.743625,138.981565734732,125.154815630852,15.1890410958904,9.74250000003753,8.77325553818795,1.02999999998888,0.927529197249293,"NECP_WET_CAN",0.18651326121601,0.00943962794470299,0.481364675503276,NA,3,71,51.99,23.54,11.33,13.02,0.12,48.01,24.47,"WET",11.45,14.3302263897325,0.055116255345125,3,"WET_CAN",63.5464028354748,61.6084127953772,15.1138063737435,0.236955433828374
"OCOI","PNSL","CAN",73.80306997,77.96709861,429,104.6158517,5.203116433,14.175,1.629,0.07716,0.3,0.454425,4.53315,5.268325,135.495718593615,128.259229576069,14.1041095890411,14.1750000023746,13.4179485404863,0.705000000015582,0.667347705091164,"OCOI_WET_CAN",0.220722525588999,0.0104548496466833,0.427530765253563,NA,4,73,56.73,9.65,14.5,19.03,0.09,43.27,33.62,"WET",14.59,18.7130215951485,0.0623767386504949,3,"WET_CAN",58.482502784767,69.776726791302,13.2487007214638,0.23258908930434
"OCOI","PNSL","UNDER",146.4500942,207.9669413,1128,106.8109353,11.55491243,7.293333333,1.305,0.10188,NA,NA,NA,NA,68.2826464170345,48.0845654481913,37.0849315068493,7.29333332856265,5.13595740901537,0.788999999837487,0.555612942988454,"OCOI_WET_UNDER",0.0891088535742301,0.00695663601696748,NA,NA,NA,NA,NA,NA,NA,NA,NA,NA,NA,"WET",NA,NA,NA,4,"WET_UNDER",20.786329428131,27.2982360200603,14.7588935449694,NA
"ODOP","PNSL","CAN",121.1701584,123.6251678,259,165.0943408,13.86792463,13.625,1.75,0.08671,0.32,0.4714,4.698,6.1042,82.5285708300271,80.8896778702694,8.51506849315068,13.6249999983494,13.3544280455165,1.14450000009243,1.12177195604987,"ODOP_WET_CAN",0.144424998952547,0.00715605237667165,0.252780243344592,NA,NA,NA,NA,NA,NA,NA,NA,NA,NA,"WET",NA,NA,NA,3,"WET_CAN",49.9706226817924,30.919055188477,7.1369436948517,0.0966220474639907
"OMPD","PNSL","CAN",108.0054018,141.2307836,335,167.6783862,10.96794855,15.525,2.036,0.13542,0.39,0.2815,2.2442,3.4617,92.5879616513773,70.8060930138463,11.013698630137,15.5249999912504,11.8726514096888,1.01549999974168,0.776597585202381,"OMPD_WET_CAN",0.188509089922204,0.0125382617668295,0.181554084650888,NA,4,75,54.81,17.06,14.73,12.71,0.7,45.19,28.13,"WET",15.42,10.9182995427351,0.0279956398531669,3,"WET_CAN",40.4679956245693,30.338097389277,6.2125125297897,0.0777899933058383
"PACK","PNM","CAN",135.0043643,148.8447656,372,201.8315246,3.812523247,14.95,3.511,0.1473,0.25,0.2661,2.4866,2.7562,74.0716794738465,67.1840891393765,12.2301369863014,14.949999997889,13.5598671398627,0.282399999938372,0.256140901672393,"PACK_DRY_CAN",0.260065666632675,0.0109107583864976,0.268736356557506,NA,NA,NA,NA,NA,NA,NA,NA,NA,NA,"DRY",NA,NA,NA,1,"DRY_CAN",22.7078252661435,44.476263873233,7.44586205740654,0.177905055492932
"PASV","PNM","CAN",206.5374823,227.3994664,61,130.2218826,24.34044229,6.305,3.416,0.19514,0.17,0.195,1.1095,1.6738,48.4173617720138,43.9754769802749,2.00547945205479,6.30500000047691,5.72656940060436,1.17850000004575,1.0703825596136,"PASV_DRY_CAN",0.165393707813199,0.00944816397619077,0.258679276354558,NA,4,76,62.98,16.34,10.75,9.78,0.16,37.02,20.68,"DRY",10.9,4.79332699084997,0.0281960411226469,1,"DRY_CAN",37.8679387032986,6.10753827697631,3.2354943636171,0.0359266957469195
"PAUF","PNSL","CAN",177.2106667,205.0611042,599,98.30761733,6.016302133,5.5475,1.887,0.14086,0.22,0.3197,2.8324,3.7543,56.430011726828,48.7659521731962,19.6931506849315,5.54749999876841,4.79406456497565,0.33949999991733,0.293390702077376,"PAUF_WET_CAN",0.106483432128524,0.00794873145184099,0.221663418969074,NA,4,77,63.14,8.45,13.14,14.26,1.01,36.86,28.41,"WET",14.15,6.90038223250726,0.0313653737841239,3,"WET_CAN",12.6741840438548,36.0917681293414,9.66559276140722,0.164053491497006
"PERA","PNSL","CAN",104.2205162,114.6056883,239,139.6554917,14.06976969,13.4,2.143,0.1026,0.295,0.376275,3.2306,2.920175,95.9503979121531,87.2557038689327,7.85753424657534,13.3999999992324,12.1857382274454,1.35000000028785,1.22766765757472,"PERA_WET_CAN",0.205621702725744,0.00984451082578691,0.295782047013331,NA,4,78,64.17,8.81,11.86,15.04,0.11,35.83,27.02,"WET",11.98,10.4532333234981,0.0354346892321971,3,"WET_CAN",58.1355720861469,29.1201317827858,7.22757142613293,0.0987123111280875
"PERX","PNSL","CAN",93.8464221,111.4333353,421,98.79682086,5.213168747,10.5275,1.582,0.09691,0.30875,1.095075,4.10695,4.463366667,106.557072461903,89.7397531275365,13.841095890411,10.5274999993846,8.86600231376185,0.555499999930205,0.467828476367969,"PERX_WET_CAN",0.16857328863473,0.010326445892283,0.290655070858418,NA,NA,NA,NA,NA,NA,NA,NA,NA,NA,"WET",NA,NA,NA,3,"WET_CAN",35.9370223745849,53.8027307529516,11.3906793221274,0.174259856689722
"PHI?","PNM","CAN",245.6556886,251.9749969,90.5,270.6511549,4.028753293,11.0175,2.806,0.25852,0.27,0.1507,1.3104,2.1129,40.7073821778373,39.6864773212743,2.97534246575342,11.0174999993874,10.7411909209155,0.163999999998372,0.159887026195653,"PHI?_DRY_CAN",0.114224914391012,0.0105236724406145,0.146986953041756,NA,4,80,58.62,16.61,9.43,15.22,0.12,41.38,24.77,"DRY",9.55,3.79005858418169,0.0140372540154877,1,"DRY_CAN",14.5993832847464,25.0870940365279,4.88728169044591,0.0929151630982516
"PHI?","PNM","UNDER",533.1162356,519.7538774,150,136.3889036,2.985450919,2.558333333,2.664,0.21634,NA,NA,NA,NA,18.7576354502605,19.2398757081403,4.93150684931507,2.55833333318953,2.62410555323353,0.0559999999932473,0.0574397046143133,"PHI?_DRY_UNDER",0.049970340839494,0.00405802685330936,NA,NA,NA,NA,NA,NA,NA,NA,NA,NA,NA,"DRY",NA,NA,NA,2,"DRY_UNDER",1.5349306180765,17.7049450900638,10.9606354999243,NA
"PHOC","PNM","CAN",111.3237756,113.6999365,252,205.9489849,9.440256174,18.5,2.42,0.12632,0.18125,1.032925,3.057575,4.48135,89.8280708330557,87.9507967007528,8.28493150684931,18.5000000035931,18.1133773016663,0.848000000280264,0.8302780515625,"PHOC_DRY_CAN",0.217383931415995,0.0113470819076316,0.485245774900705,NA,4,81,55.63,8.96,17.49,17.84,0.08,44.37,35.41,"DRY",17.57,15.4529549803223,0.0852576826500538,1,"DRY_CAN",51.159320930618,36.7914757701348,6.86637330216033,0.202987452524882
"PIP?","PNSL","CAN",196.8761553,239.3034735,253.5,222.9622458,20.50465157,11.325,4.302,0.1881,NA,NA,NA,NA,50.7933527285821,41.7879433747542,8.33424657534247,11.3249999960762,9.31713370219843,1.04149999977168,0.856847218726225,"PIP?_WET_CAN",0.21851300343836,0.00955422964824628,NA,NA,NA,NA,NA,NA,NA,NA,NA,NA,NA,"WET",NA,NA,NA,3,"WET_CAN",24.5536082013953,17.2343351733589,4.25270707510236,NA
"PITC","PNM","CAN",147.1220764,183.491394,253,147.4163206,15.66850114,10.02,3.171,0.14319,NA,NA,NA,NA,67.9707644474218,54.4984687401743,8.31780821917808,10.0200000032082,8.03396374001061,1.0650000002311,0.853909319583675,"PITC_DRY_CAN",0.215535294062775,0.00973273376122634,NA,NA,4,84,59.52,14.65,16.63,9.04,0.16,40.48,25.83,"DRY",16.79,9.15029290147526,NA,1,"DRY_CAN",32.4327803010431,22.0656884391312,5.8802424212791,NA
"PLEV","PNSL","CAN",84.85876574,96.16366084,179,102.6791065,7.089949877,12.1,1.4765,0.06705,0.27,0.4177,4.876,4.5239,117.842864114229,103.989385518905,5.88493150684932,12.0999999946499,10.6775371905652,0.835499999932005,0.737279531069067,"PLEV_WET_CAN",0.173994988864659,0.00790136403885905,0.385145872292241,NA,NA,NA,NA,NA,NA,NA,NA,NA,NA,"WET",NA,NA,NA,3,"WET_CAN",66.4936833028417,37.4957022160633,9.07994744874248,0.138872971170605
"POUA","PNSL","CAN",74.88562597,83.12157648,285,96.0408153,13.32964142,12.825,1.899,0.1251,0.386667,0.8599,5.045633333,3.150933333,133.536975493883,120.305706694652,9.36986301369863,12.8249999991287,11.5542581561971,1.77999999964479,1.60363193101941,"POUA_WET_CAN",0.253586716462884,0.0167054756342848,0.311135180128256,NA,4,86,55.32,16.38,14.95,8.08,5.27,44.68,28.3,"WET",20.22,24.3258138936587,0.0629115334219334,3,"WET_CAN",83.1534965468699,37.1522101477821,9.82267562818712,0.0960832192759715
"POUA","PNSL","UNDER",209.0854908,256.58311,826,136.8116061,15.2736951,6.543333333,1.38,0.14685,0.191667,0.7173,3.64755,3.188075,47.8273263330618,38.9737266806065,27.1561643835616,6.54333333109501,5.3320581428762,0.730499999859388,0.595272818230319,"POUA_WET_UNDER",0.0660017103396253,0.00702344287201013,0.203340829045201,NA,4,85,50.65,17.5,22.29,6.23,3.33,49.35,31.85,"WET",25.62,9.98506877557139,0.0520959204013805,4,"WET_UNDER",17.6784397260438,21.2952869545627,12.4418990611201,0.111105651753107
"POUB","PNSL","CAN",81.88775724,86.7280105,254,183.9199028,7.455880297,22.46,1.905,0.09035,0.43,0.687166667,4.958933333,3.903733333,122.118376873988,115.303002367384,8.35068493150685,22.4600000047577,21.2065169879574,0.910500000036391,0.859685383535922,"POUB_WET_CAN",0.232635507944948,0.0110333953505649,0.268146517133451,NA,4,88,50.2,7.17,22.39,19.8,0.44,49.8,42.63,"WET",22.83,26.3236754404738,0.0612178498615669,3,"WET_CAN",70.7764498018127,44.5265525655713,7.75192011710086,0.103550122245515
"POUB","PNSL","UNDER",314.4278997,337.7860853,393.5,160.9870846,5.343702155,5.12,1.932,0.08126,0.27,0.4096,2.3597,4.842,31.8037935232247,29.6045350450675,12.9369863013699,5.1199999985243,4.76594778784394,0.169949999987231,0.1581978177181,"POUB_WET_UNDER",0.0614449290868701,0.00258437626169724,0.109646426092842,NA,4,87,47.36,7.62,24.59,19.98,0.45,52.64,45.02,"WET",25.04,7.41297557528489,0.0274554650936478,4,"WET_UNDER",6.79464520623727,22.8098898388302,11.0292399932218,0.084481073477149
"PPA1","PNSL","CAN",154.1037838,195.364318,608,221.1389297,5.516915459,14.35,3.154,0.12676,0.31,0.3871,1.8319,2.4974,64.8913333171512,51.1864198251392,19.9890410958904,14.3499999965608,11.3193100953061,0.357999999932513,0.282391150824175,"PPA1_WET_CAN",0.204667265282295,0.00822562541128208,0.165117483306901,NA,NA,NA,NA,NA,NA,NA,NA,NA,NA,"WET",NA,NA,NA,3,"WET_CAN",18.1776811072764,33.0087387178628,5.75196053690258,0.106479802315686
"PPRE","PNM","CAN",149.4026217,166.6857793,241,134.0515023,9.031388483,8.9725,2.647,0.25563,0.16,0.7772,3.6458,5.6309,66.9332297265838,59.9931202409419,7.92328767123288,8.97249999863958,8.0421678959628,0.604500000082663,0.541821175203277,"PPRE_DRY_CAN",0.177172259086267,0.0171101415150066,0.374957001505887,NA,4,89,62.39,12.28,14.14,9.47,1.72,37.61,25.33,"DRY",15.86,9.51490887021338,0.0594681804388336,1,"DRY_CAN",28.8265195306904,31.1666007102515,7.65162433982181,0.194791254439072
"PPRE","PNM","UNDER",271.0490956,334.4568915,289,163.3070801,5.055065633,6.025,3.345,0.24675,0.14,0.5454,1.858,1.725,36.8936851748713,29.8992194633849,9.5013698630137,6.02500000003689,4.88275422783447,0.186500000002214,0.151142516762882,"PPRE_DRY_UNDER",0.123409376909945,0.0091035168168995,0.213565853309892,NA,4,90,59.47,14.66,15.45,7.44,2.98,40.53,25.87,"DRY",18.43,5.51042614710183,0.0393601867650131,2,"DRY_UNDER",8.43061376983263,21.4686056935523,9.83735592235975,0.153347183525373
"PROP","PNSL","CAN",71.90590896,91.03201139,844,69.04764908,6.352887056,9.6025,1.404,0.0906,0.3025,1.3188,5.237925,7.496625,139.070629168499,109.851467053254,27.7479452054795,9.60250000016132,7.58498554801624,0.883499999914332,0.697873963125226,"PROP_WET_CAN",0.195255163352572,0.012599799002666,0.363145345630591,NA,4,92,55.37,14.04,18.67,11.7,0.22,44.63,30.58,"WET",18.88,20.7399569796543,0.0685618412550555,3,"WET_CAN",44.6256578291828,65.2258092240712,14.8905913704317,0.21562250983164
"PROP","PNSL","UNDER",218.2159017,278.3739762,1089,77.75759966,10.51800646,3.563333333,1.786,0.11888,0.135,0.509,4.52685,6.4691,45.8261745459222,35.9228981692434,35.8027397260274,3.5633333342911,2.79327833447098,0.481999999911097,0.377837275006025,"PROP_WET_UNDER",0.081845547739017,0.00544781563001923,0.266095541994396,NA,4,91,51.17,11.1,22.48,13.84,1.41,48.83,37.74,"WET",23.9,8.58557266244918,0.0635968345366606,4,"WET_UNDER",10.9654449023396,24.9574532669038,18.7896623367224,0.184870024199288
"PYSU","PNSL","UNDER",249.7121443,243.1330343,945,143.5844829,7.508011804,9.9,2.466,0.07938,NA,NA,NA,NA,40.04611000411,41.129746226344,31.0684931506849,5.74999999709666,5.90559334371783,0.300666666615141,0.308802620162915,"PYSU_WET_UNDER",0.0987537072701354,0.00317886021212625,NA,NA,4,93,49.12,24.69,15.91,10.19,0.09,50.88,26.19,"WET",16,6.58075939621505,NA,4,"WET_UNDER",10.9985912106087,30.1311550157353,14.5885060363238,NA
"SABP","PNSL","CAN",178.778626,200.5373677,190,89.79156489,14.24865649,5.0225,1.193,0.08024,0.2,0.269,1.8268,2.1943,55.9350981923309,49.8660180628271,6.24657534246575,5.0224999989652,4.47754779669425,0.796999999876943,0.710523761901359,"SABP_WET_CAN",0.0667305721434507,0.00448823227895263,0.249330090314135,NA,NA,NA,NA,NA,NA,NA,NA,NA,NA,"WET",NA,NA,NA,3,"WET_CAN",27.6005106150467,22.2655074477804,8.10598360813169,0.111327537238902
"SECD","PNM","CAN",162.670977,156.9126303,333,259.4602083,15.04706537,15.95,2.797,0.12554,0.15,0.4724,6.7349,6.0464,61.4737809068424,63.7297327874823,10.9479452054795,15.9499999990779,16.5353297439435,0.924999999846316,0.958945455265879,"SECD_DRY_CAN",0.171942165196438,0.007717418455045,0.424864885249882,NA,NA,NA,NA,NA,NA,NA,NA,NA,NA,"DRY",NA,NA,NA,1,"DRY_CAN",35.6143673661505,28.1153654213318,5.59631829790026,0.187435769475545
"SERA","PNM","CAN",190.5442009,204.6620256,245,263.4273578,42.77717311,13.825,2.343,0.16539,0.28,0.4362,1.8507,2.4058,52.4812613176726,48.8610428372502,8.05479452054795,13.8250000029258,12.8713354139694,2.24500000041723,2.09013728778418,"SERA_DRY_CAN",0.122963595267307,0.00867987580932987,0.174503724418751,NA,NA,NA,NA,NA,NA,NA,NA,NA,NA,"DRY",NA,NA,NA,1,"DRY_CAN",34.129868858244,14.7311739790062,3.92515538694459,0.0526113356393079
"SERM","PNM","UNDER",243.1625741,279.5599609,309,77.16359018,7.805518628,3.173333333,1.861,0.1671,0.15,0.3622,1.5161,2.6116,41.1247497153387,35.7705014974482,10.158904109589,3.17333333328947,2.76018031808217,0.320999999974914,0.279207315771233,"SERM_DRY_UNDER",0.0765331592202453,0.0068719456774331,0.238470009982988,NA,4,94,57.95,10.63,12.89,18.23,0.31,42.05,31.42,"DRY",13.19,4.71812914751341,0.0314541943167561,2,"DRY_UNDER",10.6417501395653,25.1287513578829,18.1961931156745,0.167525009052553
"SIMA","PNSL","CAN",117.9171817,51.71352591,253,169.5059487,12.20442831,14.375,1.12,0.05684,0.3875,0.658775,3.7041,NA,84.8052832999485,193.37300684938,8.31780821917808,14.37500000053,32.7778749789757,1.03500000034346,2.36000699918239,"SIMA_WET_CAN",0.0949819172959423,0.00482033230276907,0.499027114450012,NA,4,95,64.53,12.08,14.89,8.38,0.13,35.47,23.4,"WET",15.02,29.0446256287768,0.0749538725903918,3,"WET_CAN",125.539607570006,67.8333992793738,14.9835279876937,0.17505393362419
"SOCE","PNSL","UNDER",161.2495114,189.5844187,938,35.75707915,1.081177974,NA,1.63,0.08233,NA,NA,NA,NA,62.0156917883225,52.74695077038,30.8383561643836,2.21749999981705,1.88607689361763,0.067050000003907,0.0570288413685971,"SOCE_WET_UNDER",0.101085577614966,0.00510575190493259,NA,NA,5,97,44.63,17.23,20.71,15.75,1.69,55.37,38.14,"WET",22.39,11.8100422774881,NA,4,"WET_UNDER",1.7224025004431,51.0245482699369,33.6164486769174,NA
"SPOM","PNM","CAN",110.921297,118.4880844,173,143.0884731,10.62071418,12.9,1.634,0.13353,0.231667,0.887,2.980675,5.476166667,90.1540125337698,84.3966720420707,5.68767123287671,12.8999999972954,12.0761909372214,0.957499999301306,0.89635293150203,"SPOM_DRY_CAN",0.14731165648018,0.0120382652936343,0.364301657301518,NA,NA,NA,NA,NA,NA,NA,NA,NA,NA,"DRY",NA,NA,NA,1,"DRY_CAN",55.7064993082504,28.6901727338203,7.02354937827536,0.123842294041967
"STIH","PNM","CAN",134.3040671,168.373428,150,151.3942596,14.76673218,11.2725,1.587,0.13831,0.21,0.3404,2.0007,3.2288,74.4579089518876,59.3917942919117,4.93150684931507,11.2724999971352,8.99157672313947,1.09950000017535,0.877022719998312,"STIH_DRY_CAN",0.118164701506646,0.0102982733871356,0.282818068056722,NA,NA,NA,NA,NA,NA,NA,NA,NA,NA,"DRY",NA,NA,NA,1,"DRY_CAN",40.7565942301315,18.6352000617802,5.14252663287361,0.0887390479132389
"STIR","PNM","CAN",191.434644,238.987051,199,82.41261424,31.96958555,4.305,2.897,0.21978,0.15,0.2907,1.5778,1.7185,52.2371488830413,41.8432712490352,6.54246575342466,4.30499999989553,3.44841337198642,1.67000000010447,1.33771203988789,"STIR_DRY_CAN",0.151331020314171,0.0114806805815148,0.278955141660234,NA,5,98,55.79,14.03,18.21,11.63,0.34,44.21,30.18,"DRY",18.55,7.76192681669602,0.0517461787779735,1,"DRY_CAN",29.6463931146413,12.1968781343939,6.66538875767797,0.0813125208959593
"SYMG","PNSL","CAN",114.512664,120.4027412,230,80.33063381,4.804378819,7.015,1.558,0.08446,0.385,0.615975,4.30395,NA,87.3265859922707,83.0545874648243,7.56164383561644,7.01500000122257,6.67182765187741,0.419550000076847,0.399025700836785,"SYMG_WET_CAN",0.136054820975958,0.00737560345290718,0.215726201207336,NA,5,100,58.98,14.97,10.21,15.71,0.12,41.02,26.04,"WET",10.33,8.57953888511635,0.0222845165847178,3,"WET_CAN",30.2182926348834,52.8362948299409,13.2858385303365,0.137237129428418
"SYMG","PNSL","UNDER",321.483587,197.8206697,1001,69.92268018,6.767229507,2.175,1.34,0.06703,0.205,0.396925,2.788125,NA,31.105787058423,50.5508348301785,32.9095890410959,2.17500000023329,3.53464985666258,0.210500000020219,0.342089101066267,"SYMG_WET_UNDER",0.0416817546582868,0.00208502090652609,0.246589438195993,NA,5,99,56.23,14.99,18.04,10.67,0.07,43.77,28.78,"WET",18.11,9.15475618774533,0.0446573472572943,4,"WET_UNDER",5.07810601799253,45.472728812186,35.5391658968088,0.221818189327736
"TACV","PNSL","CAN",99.7285911,105.1360113,285,154.8286377,7.140567123,15.525,2.713,0.09244,0.205,1.50995,5.517225,4.028075,100.272147532625,95.1148885748151,9.36986301369863,15.5250000017297,14.7265086230259,0.716000000024065,0.679174246265133,"TACV_WET_CAN",0.272038336256011,0.00926915731791582,0.46397506621861,NA,5,102,53.74,9.37,16.84,19.89,0.16,46.26,36.89,"WET",17,16.1695310577186,0.0788757612571637,3,"WET_CAN",51.2599166562311,43.854971918584,8.53373334199141,0.213926692285776
"TACV","PNSL","UNDER",241.1341185,299.0541493,782,129.5292107,2.431837585,5.371666667,2.733,0.09341,0.1425,0.461275,5.689825,4.27785,41.4706971464928,33.4387602492964,25.7095890410959,5.37166666856395,4.3312962218779,0.100849999996993,0.081317633970043,"TACV_WET_UNDER",0.113339415301365,0.00387377782045389,0.234657966661729,NA,5,101,52.05,7.96,19.61,20.22,0.16,47.95,39.99,"WET",19.77,6.61084290128591,0.0463918800090239,4,"WET_UNDER",4.4405761938574,28.998184055439,12.6905999026997,0.203496028459221
"TAPG","PNSL","CAN",72.1324154,92.62785994,322,99.54273325,2.546274263,13.8,1.391,0.07646,0.20625,0.315575,2.26175,2.9356,138.633926848927,107.958879828137,10.586301369863,13.7999999997227,10.7465219767011,0.352999999914047,0.274892917168696,"TAPG_WET_CAN",0.192839792246857,0.0105999500468689,0.523436993106121,NA,5,104,65.82,3.4,5.66,24.98,0.14,34.18,30.78,"WET",5.8,6.26161503003197,0.030359345600155,3,"WET_CAN",37.6228362032031,70.3360436249339,12.316557363014,0.341023241817861
"TOCP","PNSL","CAN",96.6554878,116.4257315,214,70.94512805,6.258442835,7.34,1.992,0.10407,0.2125,0.452425,2.976675,2.967525,103.460240361024,85.8916656237629,7.03561643835616,7.34000000049661,6.09359521610564,0.647499999994827,0.537548079309255,"TOCP_WET_CAN",0.206092798799159,0.0107671072143717,0.40419607352359,NA,5,105,70.31,6.52,4.75,18.31,0.11,29.69,23.16,"WET",4.85,4.1657457827525,0.0196035095658941,3,"WET_CAN",42.8422197010446,43.0494459227183,11.7989306539821,0.202585627871616
"TONR","PNSL","CAN",85.75755441,100.6719403,544.5,144.930267,10.98125484,16.9,1.67,0.09675,0.30375,0.381375,4.424825,4.962625,116.607802878692,99.332544601805,17.9013698630137,16.9000000054922,14.396292210929,1.2804999997434,1.09079598617809,"TONR_WET_CAN",0.194735030807416,0.0112818049285135,0.327020722968905,NA,5,107,63.13,6.55,11.47,18.72,0.13,36.87,30.32,"WET",11.6,11.5225751738094,0.037934403864393,3,"WET_CAN",54.7786400749306,44.5539045268744,8.60477474940289,0.14667952107613
"TONR","PNSL","UNDER",152.4650802,194.6023273,856,57.87066227,1.231917848,3.795666667,1.235,0.07699,NA,NA,NA,NA,65.5887891632775,51.3868469033464,28.1424657534247,3.79566666636627,2.97379086226375,0.0807999999989506,0.0633043738526759,"TONR_WET_UNDER",0.0810021546166478,0.00504968087768074,NA,NA,5,106,57.67,8.11,14.65,19.43,0.13,42.33,34.21,"WET",14.78,7.59497597231459,NA,4,"WET_UNDER",3.28607455162993,48.1007723517165,24.2507331017384,NA
"TOVL","PNSL","CAN",66.71821086,88.02177073,127,55.92654026,8.179652652,8.3825,1.473,0.07908,0.37,0.617775,4.256625,3.716,149.884115162857,113.608257560215,4.17534246575342,8.38250000098999,6.35371679030979,1.22600000008453,0.929276085241509,"TOVL_WET_CAN",0.220779301634888,0.0118528358270787,0.307049344757337,NA,5,109,67.29,7.7,9.61,15.3,0.1,32.71,25.01,"WET",9.71,11.0313618090968,0.0298144913759374,3,"WET_CAN",91.8858842088657,21.7223733513492,8.17353551436965,0.0587091171658088
"TRIO","PNM","CAN",229.0811456,243.6192742,123,214.4772226,41.57822792,9.3625,4.114,0.3161,0.22,0.2752,1.9696,2.8028,43.6526540576197,41.0476553336682,4.04383561643836,9.36250000139688,8.80378711020723,1.81499999972062,1.70668876904486,"TRIO_DRY_CAN",0.179587018793047,0.0137986039476136,0.186580251516674,NA,5,110,69.61,17.43,7.15,5.63,0.18,30.39,12.96,"DRY",7.33,3.00879313595788,0.0136763324361722,1,"DRY_CAN",31.6640219440057,9.38363338966245,3.45447173713555,0.0426528790439202
"TYNC","PNM","CAN",118.2912184,147.1011867,162,128.493836,17.62539154,10.8625,2.617,0.12465,0.23,0.3107,1.9216,2.432,84.5371290892038,67.9804169112118,5.32602739726027,10.862500001099,8.73506454180087,1.48999999986474,1.19818146511254,"TYNC_DRY_CAN",0.221233666826446,0.0105375531409693,0.295567030048747,NA,5,111,68.57,10.77,7.93,12.55,0.17,31.43,20.66,"DRY",8.11,5.51321181149927,0.0239704861369534,1,"DRY_CAN",49.883435180793,18.0969817304188,5.52880026033132,0.0786825292626903
"UREC","PNM","CAN",189.9878334,201.3482774,90,236.5348526,38.6625241,12.45,2.883,0.2795,0.41,0.1339,0.4606,0.9887,52.6349494125027,49.6651877489566,2.95890410958904,12.4500000008948,11.7475478635508,2.03500000016317,1.92018151827506,"UREC_DRY_CAN",0.151746559156245,0.0147114683607945,0.121134604265748,NA,NA,NA,NA,NA,NA,NA,NA,NA,NA,"DRY",NA,NA,NA,1,"DRY_CAN",41.5622313832961,8.10295636566048,2.9322031596699,0.019763308208928
"VIR2","PNSL","CAN",90.62197497,110.3313068,355,71.26059001,12.75957408,7.8635,1.632,0.1202,0.3625,0.898525,1.8908,3.0368,110.34851097993,90.6361058346497,11.6712328767123,7.86349999915479,6.45878237798594,1.40800000046611,1.15647810671993,"VIR2_WET_CAN",0.180088769919246,0.0132638910197876,0.25003063678524,NA,5,114,62.68,6.86,10.21,20.15,0.09,37.32,30.45,"WET",10.3,9.33551890096892,0.0257531555888798,3,"WET_CAN",54.4170026962668,36.2191031383829,11.2632977574365,0.0999147672782977
"VIR3","PNSL","CAN",76.05936217,74.4479852,523,101.5392485,2.479535207,13.35,1.568,0.101,0.3125,0.39475,2.22825,3.034525,131.476253740454,134.321969535315,17.1945205479452,13.350000000401,13.6389518436558,0.326000000033921,0.333056052536395,"VIR3_WET_CAN",0.206154765865032,0.0132791016277858,0.429830302513009,NA,5,115,55.66,8.87,12.6,22.77,0.09,44.34,35.47,"WET",12.7,17.058890130985,0.0545884484191521,3,"WET_CAN",36.5488929699223,97.7730765653927,16.6380335864998,0.312873845009257
"VITT","PNM","CAN",145.9272079,158.5033023,96,149.8672425,13.27937592,10.27,2.092,0.13287,0.24,0.3713,2.0637,2.3167,68.527316762291,63.0901681850953,3.15616438356164,10.2699999990886,9.45514953476146,0.91000000007538,0.837798060185904,"VITT_DRY_CAN",0.143359146666713,0.00910522457820561,0.26287570077123,NA,NA,NA,NA,NA,NA,NA,NA,NA,NA,"DRY",NA,NA,NA,1,"DRY_CAN",47.2801161332369,15.8100520518584,4.89124974177193,0.0658752168827435
"VOCF","PNSL","CAN",83.02520523,86.80027172,215,148.6151174,6.642016418,17.9,1.541,0.08945,0.335,0.66765,4.8369,2.60205,120.445351171341,115.207012626158,7.06849315068493,17.9000000046131,17.1215037067398,0.799999999951822,0.765206869331676,"VOCF_WET_CAN",0.185606286155036,0.0107738366622764,0.343901530227338,NA,5,117,60.67,13.97,13.67,11.57,0.12,39.33,25.36,"WET",13.79,15.8870470411472,0.0474240210183499,3,"WET_CAN",69.6028811276611,45.6041314984969,8.71469478135243,0.136131735816409
